CryoSleep,Age,RoomService,FoodCourt,ShoppingMall,Spa,VRDeck,Side,group_size,HasSpent,HomePlanet_Europa,HomePlanet_Mars,Destination_PSO J318.5-22,Destination_TRAPPIST-1e,Deck_B,Deck_C,Deck_D,Deck_E,Deck_F,Deck_G,Deck_T,CabinNumBin_300-599,CabinNumBin_600-899,CabinNumBin_900-1199,CabinNumBin_1200-1499,CabinNumBin_1500+
0,-1.588235294117647,0.0,0.0,0.0,0.0,0.0,1,3.0,0,0,0,0,1,0,0,0,0,0,1,0,0,1,0,0,0
1,-0.5882352941176471,0.0,0.0,0.0,0.0,0.0,1,0.0,0,0,0,0,1,0,0,0,0,0,1,0,0,0,0,0,0
0,0.4705882352941176,0.0,0.0,0.0,0.0,0.0,1,0.0,0,0,0,1,0,0,0,0,0,0,1,0,0,0,0,1,0
1,-0.0588235294117647,0.0,0.0,0.0,0.0,0.0,1,0.0,0,1,0,0,0,0,0,1,0,0,0,0,0,0,0,0,0
0,-0.8235294117647058,0.0,0.0,1.3110768450118555,0.17376534287144,2.3013862166139885,0,0.0,1,0,0,0,1,0,0,0,0,0,1,0,0,1,0,0,0
0,-0.1764705882352941,0.0,1.304657072059518,0.0,1.0921850716455084,1.679345244466552,0,0.0,1,0,0,0,1,0,0,0,0,1,0,0,0,0,1,0,0
0,-1.588235294117647,0.0,0.0,0.0,0.0,0.0,1,1.0,0,0,1,0,1,0,0,0,0,1,0,0,0,0,0,0,0
0,-0.1176470588235294,0.0,1.5663624443911417,0.0,0.2754115523761867,0.0,0,0.0,1,0,0,0,0,0,0,0,1,0,0,0,0,0,0,0,0
1,0.2941176470588235,0.0,0.0,0.0,0.0,0.0,1,0.5,0,1,0,0,0,1,0,0,0,0,0,0,0,0,0,0,0
0,0.1176470588235294,1.725377053820154,0.0,0.0,0.930956861034032,0.0,1,0.0,1,0,0,1,0,0,0,0,0,1,0,0,1,0,0,0,0
0,-0.2941176470588235,0.0,0.0,0.0,0.0,0.0,0,0.0,0,0,1,0,1,0,0,0,1,0,0,0,0,0,0,0,0
0,-0.4705882352941176,0.7580159921564845,1.807947039293476,0.7343611355735556,0.4491768952476266,0.5916741449658187,1,0.0,1,0,0,0,1,0,0,0,0,0,1,0,0,0,0,1,0
0,0.7058823529411765,0.0,0.0,0.0,1.838154557736188,1.8906550992344568,0,0.0,1,1,0,0,0,0,1,0,0,0,0,0,0,0,0,0,0
1,-0.7058823529411765,0.0,0.0,0.0,0.0,0.0,1,0.0,0,1,0,0,0,1,0,0,0,0,0,0,0,0,0,0,0
0,1.1764705882352942,0.0,1.0,2.1342995016572037,0.0,0.5239995654055677,0,0.5,1,0,0,0,1,0,0,0,0,1,0,0,0,0,0,0,1
0,-1.0588235294117647,0.0,0.0,0.0,0.0,0.0,0,3.0,0,0,0,0,1,0,0,0,0,1,0,0,0,0,0,1,0
0,0.7647058823529411,0.0,1.4065776462117947,0.0,0.0,2.001119014704076,0,1.5,1,1,0,0,1,1,0,0,0,0,0,0,0,0,0,0,0
0,0.4705882352941176,0.0,0.0,1.3213657691802776,0.0,1.829361598631644,1,0.5,1,0,0,0,1,0,0,0,0,1,0,0,0,0,0,0,1
0,0.0,1.9030954672697908,0.91133453984985,0.2210647294575037,0.0,0.0,1,1.5,1,0,1,0,1,0,0,0,0,1,0,0,0,0,0,0,0
0,0.9411764705882352,1.7897781110603768,0.0,1.898661877302696,1.2022586427056212,0.0,1,0.0,1,0,1,0,0,0,0,0,0,1,0,0,1,0,0,0,0
0,-1.0,0.0,0.0,0.0,0.0,0.0,1,1.5,0,0,1,0,1,0,0,0,0,1,0,0,0,0,0,0,0
0,-1.1176470588235294,0.0,0.0,0.0,0.0,0.0,1,0.0,0,0,0,1,0,0,0,0,0,0,1,0,0,0,0,0,0
0,-0.2941176470588235,0.0,1.476465072745277,0.0,0.0,1.5916741449658185,1,2.0,1,0,0,0,1,0,0,0,0,1,0,0,0,0,0,0,0
1,0.1764705882352941,0.0,0.0,0.0,0.0,0.0,0,0.0,0,1,0,0,0,1,0,0,0,0,0,0,0,0,0,0,0
0,-0.1764705882352941,0.0,1.6855631036292422,0.2210647294575037,0.0,0.0,0,0.0,1,0,0,0,1,0,0,0,0,1,0,0,0,0,0,1,0
0,-0.3529411764705882,0.7245290455462887,0.8544331721773178,0.0,0.34753068574288,1.6556749634790964,1,0.0,1,0,0,1,0,0,0,0,0,0,1,0,0,0,0,0,0
1,-0.6470588235294118,0.0,0.0,0.0,0.0,0.0,0,0.0,0,0,0,1,0,0,0,0,0,0,1,0,0,0,1,0,0
0,-0.7058823529411765,2.072147512886105,0.0,2.24571030238951,0.17376534287144,0.6457112531348923,1,3.0,1,0,1,0,1,0,0,1,0,0,0,0,0,0,0,0,0
1,0.1764705882352941,0.0,0.0,0.0,0.0,0.0,0,0.0,0,0,1,0,1,0,0,0,0,1,0,0,0,1,0,0,0
0,0.1176470588235294,0.0,2.286959904882141,0.0,0.34753068574288,2.2966368429195234,0,2.0,1,1,0,0,0,1,0,0,0,0,0,0,0,0,0,0,0
0,0.5294117647058824,0.0,0.7003338123346776,1.6976621905714555,1.5863529936098562,0.3733048224778867,1,0.5,1,0,0,0,1,0,0,0,0,0,1,0,0,0,0,1,0
1,-0.1764705882352941,0.0,0.0,0.0,0.0,0.0,1,0.0,0,0,0,1,0,0,0,0,0,0,1,0,0,0,0,1,0
1,-0.2941176470588235,0.0,0.0,0.0,0.0,0.0,1,2.5,0,1,0,0,1,0,1,0,0,0,0,0,0,0,0,0,0
0,-0.4705882352941176,0.6415482152485357,0.7799299767247662,0.0,0.0,1.7068725109806495,1,0.0,1,0,0,1,0,0,0,0,0,1,0,0,0,0,0,1,0
0,-0.4117647058823529,0.0,0.3358975579140839,0.0,1.7920216427180151,2.120631871304774,1,2.0,1,1,0,0,1,0,1,0,0,0,0,0,0,0,0,0,0
1,0.9411764705882352,0.0,0.0,0.0,0.0,0.0,1,0.5,0,0,1,0,1,0,0,0,1,0,0,0,1,0,0,0,0
0,-0.5294117647058824,0.8388901471096889,0.0,2.08102111134333,0.0,0.1866524112389433,0,0.0,1,0,0,0,1,0,0,0,0,0,1,0,0,0,0,1,0
0,-0.1764705882352941,0.0,0.0,0.9218233423019256,0.0,1.7980217809998935,0,0.0,1,0,0,0,1,0,0,0,0,0,1,0,1,0,0,0,0
0,-0.4705882352941176,0.0,0.0,2.089329427482967,0.738142580866548,1.2025909389764322,1,0.0,1,0,0,0,1,0,0,0,0,1,0,0,0,0,1,0,0
1,-0.1764705882352941,0.0,0.0,0.0,0.0,0.0,1,1.0,0,0,0,0,1,0,0,0,0,0,1,0,0,0,1,0,0
0,-0.4705882352941176,0.0,1.5341157469541702,0.7647583148507885,0.0,1.3700007011705806,1,0.0,1,0,0,0,1,0,0,0,0,1,0,0,0,0,0,0,0
1,0.4117647058823529,0.0,0.0,0.0,0.0,0.0,1,0.0,0,1,0,0,1,0,1,0,0,0,0,0,0,0,0,0,0
0,-0.2941176470588235,1.8160633965896351,0.9753381681297422,0.0,0.0,0.0,0,0.0,1,0,1,0,1,0,0,0,0,1,0,0,0,1,0,0,0
0,0.5294117647058824,1.6787899044228,2.067838395790164,0.2210647294575037,1.251053533562515,1.8235637909269136,1,0.0,1,1,0,0,1,0,1,0,0,0,0,0,0,0,0,0,0
0,-0.1764705882352941,0.6160483210529383,1.6104129148135584,0.7343611355735556,0.0,0.0,1,0.5,1,0,0,0,1,0,0,0,1,0,0,0,1,0,0,0,0
0,0.5294117647058824,0.2939297479087193,1.73693881237301,0.0,0.4034706315309319,0.0,1,0.0,1,1,0,0,1,0,0,0,0,0,0,0,0,0,0,0,0
0,-0.1764705882352941,1.7572655109170814,0.0,0.0,1.0264128696499986,1.0934062777324662,0,1.0,1,0,0,0,1,0,0,0,0,1,0,0,0,0,0,0,0
1,-0.5882352941176471,0.0,0.0,0.0,0.0,0.0,1,1.0,0,0,1,0,0,0,0,1,0,0,0,0,0,0,0,0,0
1,-0.0588235294117647,0.0,0.0,0.0,0.0,0.0,0,0.0,0,0,1,0,1,0,0,0,1,0,0,0,0,0,0,0,0
1,0.4117647058823529,0.0,0.0,0.0,0.0,0.0,1,0.0,0,0,0,0,1,0,0,0,0,0,1,0,0,0,1,0,0
1,1.8235294117647056,0.0,0.0,0.0,0.0,0.0,1,1.0,0,0,0,0,1,0,0,0,0,0,1,0,0,0,0,0,0
0,0.1176470588235294,0.814550976584631,0.0,2.4082923926104214,0.0,0.3733048224778867,1,0.5,1,0,1,0,1,0,0,0,0,1,0,0,0,0,1,0,0
1,0.3529411764705882,0.0,0.0,0.0,0.0,0.0,0,0.0,0,1,0,0,0,0,0,0,1,0,0,0,1,0,0,0,0
0,-0.4705882352941176,0.0,0.0,2.097426790213166,0.17376534287144,0.0,1,0.0,1,0,0,0,0,0,0,0,1,0,0,0,1,0,0,0,0
0,-0.7647058823529411,0.0,1.2400841201008863,2.042285444317819,0.17376534287144,0.0,1,0.0,1,0,0,0,0,0,0,0,0,0,1,0,0,1,0,0,0
1,0.3529411764705882,0.0,0.0,0.0,0.0,0.0,1,0.0,0,0,0,0,1,0,0,0,0,0,1,0,0,1,0,0,0
1,-0.6470588235294118,0.0,0.0,0.0,0.0,0.0,0,2.0,0,0,1,0,1,0,0,1,0,0,0,0,0,0,0,0,0
0,-0.5882352941176471,0.7877740089073892,0.5810073162355173,1.37269112835175,0.0,1.8732760043957648,0,0.0,1,0,0,0,1,0,0,0,0,1,0,0,0,0,0,1,0
0,-0.7647058823529411,1.4740169408440975,0.0,2.447806096635377,0.0,0.0,0,0.0,1,0,1,0,1,0,0,1,0,0,0,0,0,0,0,0,0
1,0.8823529411764706,0.0,0.0,0.0,0.0,0.0,0,2.0,0,0,1,0,1,0,0,1,0,0,0,0,0,0,0,0,0
0,-0.4117647058823529,1.4356474924304117,0.0,0.0,0.0,1.7157636186353815,0,0.0,1,0,0,0,1,0,0,0,0,1,0,0,0,0,0,0,0
0,0.4705882352941176,1.5432934381297827,0.0,2.791703896799246,0.5508231047523734,0.0,1,0.0,1,0,1,0,0,0,0,0,0,1,0,0,0,0,0,0,1
1,-1.588235294117647,0.0,0.0,0.0,0.0,0.0,0,1.0,0,0,0,0,1,0,0,0,0,0,1,0,1,0,0,0,0
1,1.1764705882352942,0.0,0.0,0.0,0.0,0.0,1,0.0,0,0,0,0,0,0,0,0,0,0,1,0,1,0,0,0,0
0,-0.6470588235294118,0.0,1.4850619432867296,2.100960665581292,0.0,0.0,1,0.5,1,0,0,0,1,0,0,0,0,1,0,0,0,0,1,0,0
1,0.0,0.0,0.0,0.0,0.0,0.0,1,0.0,0,1,0,0,1,0,0,1,0,0,0,0,0,0,0,0,0
0,1.6470588235294117,0.0,1.1229895990360388,0.0,1.4116907252791715,2.311951692296032,0,0.0,1,1,0,1,0,0,1,0,0,0,0,0,0,0,0,0,0
0,0.1764705882352941,1.7136957281346408,0.0,1.2539731735908168,1.2527531359941717,0.2958370724829093,1,0.5,1,0,0,0,1,0,0,0,0,1,0,0,0,0,0,0,1
0,-0.4117647058823529,1.6572907784047617,1.1737410596591624,2.072490555544137,1.3463673871429522,0.0,0,0.0,1,0,1,0,1,0,0,0,0,1,0,0,0,0,1,0,0
0,1.4705882352941178,0.0,1.630918083227993,0.2210647294575037,0.2754115523761867,0.5916741449658187,0,0.5,1,0,0,0,1,0,0,0,0,0,1,0,0,1,0,0,0
0,-0.7647058823529411,1.996027222237952,0.0,1.8561931643135496,0.0,0.0,0,1.0,1,0,1,0,1,0,0,0,1,0,0,0,1,0,0,0,0
1,-0.5294117647058824,0.0,0.0,0.0,0.0,0.0,1,0.0,0,0,0,0,0,0,0,0,0,0,1,0,0,0,1,0,0
1,-1.1764705882352942,0.0,0.0,0.0,0.0,0.0,0,1.0,0,0,0,0,1,0,0,0,0,0,1,0,0,0,0,1,0
1,-0.0588235294117647,0.0,0.0,0.0,0.0,0.0,1,0.0,0,1,0,0,1,1,0,0,0,0,0,0,0,0,0,0,0
1,0.7058823529411765,0.0,0.0,0.0,0.0,0.0,1,0.0,0,0,1,0,1,0,0,0,0,1,0,0,0,1,0,0,0
1,-0.5294117647058824,0.0,0.0,0.0,0.0,0.0,1,0.0,0,0,0,1,0,0,0,0,0,0,1,0,1,0,0,0,0
0,0.3529411764705882,1.6392217102720077,0.0,0.0,0.0,1.6427091873927002,1,2.5,1,0,0,0,1,0,0,0,0,1,0,0,0,0,1,0,0
0,0.7058823529411765,0.6415482152485357,1.283776313595892,0.0,2.1897913484494524,1.2454242788908108,1,0.5,1,1,0,0,0,0,1,0,0,0,0,0,0,0,0,0,0
1,0.2941176470588235,0.0,0.0,0.0,0.0,0.0,0,0.5,0,0,0,1,0,0,0,0,0,0,1,0,0,0,0,0,0
0,-0.1764705882352941,1.3676938601931248,0.0,2.1972903899339054,0.2754115523761867,0.0,0,1.0,1,0,1,0,1,0,0,0,0,1,0,0,1,0,0,0,0
1,0.0588235294117647,0.0,0.0,0.0,0.0,0.0,1,0.0,0,1,0,0,0,1,0,0,0,0,0,0,0,0,0,0,0
1,2.3529411764705883,0.0,0.0,0.0,0.0,0.0,1,0.0,0,0,0,1,0,0,0,0,0,0,1,0,0,0,0,1,0
1,-0.3529411764705882,0.0,0.0,0.0,0.0,0.0,0,1.0,0,0,0,0,1,0,0,0,0,0,1,0,0,0,1,0,0
1,1.0,0.0,0.0,0.0,0.0,0.0,1,2.0,0,0,0,0,0,1,0,0,0,0,0,0,1,0,0,0,0
0,1.2941176470588236,0.0,2.009153776886468,1.8180367051646624,1.4213847076836537,2.131661363806004,0,0.5,1,1,0,0,1,1,0,0,0,0,0,0,0,0,0,0,0
1,0.0,0.0,0.0,0.0,0.0,0.0,1,0.0,0,0,0,0,1,0,0,0,0,0,1,0,0,0,0,1,0
0,-0.0588235294117647,1.5094718493416015,1.6014378565226122,0.8416718857933595,0.0,2.27829773812264,0,0.0,1,1,0,0,0,0,1,0,0,0,0,0,0,0,0,0,0
0,0.1764705882352941,0.0,1.9403373139452096,0.0,1.7364263562770097,0.0,0,0.0,1,1,0,0,1,0,0,0,0,0,0,0,0,0,0,0,0
0,1.7058823529411764,1.459551451169516,0.0,2.3004448942022404,0.0,1.3861302229639267,0,0.0,1,0,1,1,0,0,0,0,0,1,0,0,0,0,1,0,0
1,-0.1176470588235294,0.0,0.0,0.0,0.0,0.0,1,0.5,0,1,0,0,0,1,0,0,0,0,0,0,0,0,0,0,0
0,-0.4705882352941176,0.0,0.0,0.0,1.7022121814105118,0.0,1,3.5,1,0,0,0,1,0,0,0,0,0,1,0,0,0,1,0,0
1,2.176470588235294,0.0,0.0,0.0,0.0,0.0,0,0.0,0,0,1,0,1,0,0,0,0,1,0,0,1,0,0,0,0
1,0.0,0.0,0.0,0.0,0.0,0.0,1,3.0,0,0,0,0,1,0,0,0,0,0,1,0,0,0,1,0,0
0,1.5294117647058822,0.5878594958174387,0.0,1.7439228920774028,0.0,2.053439366507288,1,0.0,1,0,0,0,0,0,0,0,0,1,0,0,0,1,0,0,0
0,-0.1764705882352941,0.0,1.2861872675229615,0.0,0.0,1.724370520596308,1,0.0,1,0,0,0,1,0,0,0,0,1,0,0,1,0,0,0,0
0,0.6470588235294118,0.0,0.0,2.3002097825152905,0.0,0.0,1,0.5,1,0,1,0,1,0,0,0,1,0,0,0,0,0,0,0,0
0,0.5294117647058824,1.727485389288532,0.0,1.636073410329324,1.8785026867470591,0.0,1,0.5,1,0,1,0,1,0,0,0,0,1,0,0,0,0,0,1,0
0,-0.3529411764705882,1.766861306386283,0.3899649883623831,1.0627366152508633,0.5508231047523734,0.0,0,0.5,1,0,0,0,1,0,0,0,0,1,0,0,0,0,0,0,0
1,2.117647058823529,0.0,0.0,0.0,0.0,0.0,1,1.5,0,1,0,0,1,1,0,0,0,0,0,0,0,0,0,0,0
0,-0.5294117647058824,1.7711766642367963,0.0,1.376972118654315,0.0,0.0,0,0.0,1,0,0,0,0,0,0,0,0,1,0,0,0,0,1,0,0
0,0.4705882352941176,0.0,0.0,0.0,0.0,0.0,0,0.5,0,0,1,0,1,0,0,0,1,0,0,0,1,0,0,0,0
0,0.0,0.814550976584631,0.0,2.203402176351306,0.9052224502512914,0.0,1,0.0,1,0,1,0,1,0,0,1,0,0,0,0,0,0,0,0,0
1,0.4117647058823529,0.0,0.0,0.0,0.0,0.0,0,0.0,0,0,0,0,1,0,0,0,0,0,1,0,0,0,0,1,0
1,-0.9411764705882352,0.0,0.0,0.0,0.0,0.0,1,3.0,0,0,0,0,1,0,0,0,0,1,0,0,1,0,0,0,0
0,0.0,1.510418917185107,0.5323850333776358,1.857138139786828,0.0,0.0,1,0.0,1,0,0,0,1,0,0,0,0,0,1,0,0,1,0,0,0
0,-0.2941176470588235,0.0,1.777099717633838,0.0,1.4824584246536634,2.153268359456736,1,0.5,1,1,0,0,1,1,0,0,0,0,0,0,0,0,0,0,0
0,0.5294117647058824,0.7060702520912806,1.2801142962249985,0.4421294589150075,0.0,2.5364537675650736,1,0.5,1,1,0,0,0,0,1,0,0,0,0,0,0,0,0,0,0
0,1.588235294117647,2.0,0.0,0.7925087653372185,0.0,0.0,1,2.0,1,0,1,0,1,0,0,0,0,1,0,0,0,0,0,0,1
1,-0.8235294117647058,0.0,0.0,0.0,0.0,0.0,1,0.5,0,0,0,0,0,0,0,0,0,0,1,0,0,0,0,1,0
0,-0.5294117647058824,1.8056062297424889,0.9429836625172324,0.0,0.5212960286143199,0.0,1,0.0,1,0,0,0,1,0,0,0,0,0,1,0,1,0,0,0,0
0,1.5294117647058822,0.0,1.2041801492058035,2.359492183205365,0.34753068574288,1.7851715637555472,1,1.0,1,1,0,0,1,1,0,0,0,0,0,0,0,0,0,0,0
0,-0.8823529411764706,0.0,0.0,0.0,0.0,0.0,1,1.0,0,0,0,1,0,0,0,0,0,0,1,0,0,0,0,0,0
0,1.3529411764705883,0.0,2.0856517104922374,0.0,1.6437213785814504,2.359247821091444,1,0.0,1,1,0,0,0,1,0,0,0,0,0,0,0,0,0,0,0
0,0.2352941176470588,0.0,2.045339620776057,0.700758612844422,1.610652975521211,0.0,0,1.5,1,1,0,0,1,0,1,0,0,0,0,0,1,0,0,0,0
1,-1.0,0.0,0.0,0.0,0.0,0.0,1,0.0,0,0,1,0,1,0,0,0,0,1,0,0,0,0,0,0,0
0,-0.2941176470588235,0.0,1.5767060399013189,1.5321415744693594,0.0,1.0887229856354037,1,0.0,1,0,0,0,1,0,0,0,1,0,0,0,1,0,0,0,0
0,-1.4705882352941178,0.0,0.0,0.0,0.0,0.0,1,1.0,0,1,0,0,1,0,0,0,0,0,0,0,0,0,0,0,0
1,1.0,0.0,0.0,0.0,0.0,0.0,1,0.0,0,1,0,0,0,1,0,0,0,0,0,0,0,0,0,0,0
0,-0.4705882352941176,0.0,0.0,2.050623932066097,0.0,1.336407249170283,1,0.0,1,0,0,0,1,0,0,0,0,1,0,0,0,0,0,0,0
0,-0.0588235294117647,0.0,0.0,2.170542212721074,0.0,0.0,1,0.5,1,0,0,0,1,0,0,0,0,1,0,0,0,0,0,1,0
1,0.5294117647058824,0.0,0.0,0.0,0.0,0.0,1,2.0,0,0,0,0,1,0,0,0,1,0,0,0,1,0,0,0,0
1,0.6470588235294118,0.0,0.0,0.0,0.0,0.0,1,0.0,0,1,0,0,0,1,0,0,0,0,0,0,0,0,0,0,0
1,0.1176470588235294,0.0,0.0,0.0,0.0,0.0,0,0.0,0,1,0,0,1,0,1,0,0,0,0,0,0,0,0,0,0
0,0.0,0.0,2.02957302841577,0.0,0.0,0.9723570319314724,0,0.0,1,1,0,0,0,0,1,0,0,0,0,0,0,0,0,0,0
0,-0.2352941176470588,0.0,1.4405686982595354,1.5827950200154504,0.0,1.4994577737393548,1,0.5,1,0,0,0,1,0,0,0,0,0,1,0,0,1,0,0,0
0,0.4117647058823529,0.0,0.0,2.097426790213166,0.0,0.0,1,0.0,1,0,0,0,0,0,0,0,0,1,0,0,0,0,0,0,1
1,-1.588235294117647,0.0,0.0,0.0,0.0,0.0,1,1.0,0,0,0,0,1,0,0,0,0,0,1,0,0,0,0,1,0
1,0.3529411764705882,0.0,0.0,0.0,0.0,0.0,0,0.5,0,1,0,0,0,1,0,0,0,0,0,0,0,0,0,0,0
1,-0.2352941176470588,0.0,0.0,0.0,0.0,0.0,0,0.0,0,1,0,0,1,1,0,0,0,0,0,0,0,0,0,0,0
1,-0.4705882352941176,0.0,0.0,0.0,0.0,0.0,1,1.0,0,1,0,0,0,1,0,0,0,0,0,0,0,0,0,0,0
1,-0.3529411764705882,0.0,0.0,0.0,0.0,0.0,0,1.0,0,0,1,0,1,0,0,0,0,1,0,0,0,0,0,0,1
1,-0.1176470588235294,0.0,0.0,0.0,0.0,0.0,0,2.0,0,1,0,0,1,0,0,0,1,0,0,0,1,0,0,0,0
1,0.6470588235294118,0.0,0.0,0.0,0.0,0.0,0,0.0,0,0,1,0,1,0,0,0,0,1,0,0,0,0,1,0,0
1,0.8823529411764706,0.0,0.0,0.0,0.0,0.0,0,0.0,0,0,0,0,1,0,0,0,0,0,1,0,1,0,0,0,0
1,0.8235294117647058,0.0,0.0,0.0,0.0,0.0,0,0.5,0,0,0,0,1,0,0,0,0,0,1,0,0,0,0,1,0
0,-0.2941176470588235,0.0,0.3358975579140839,1.973616819844397,0.0,1.4632062892417534,0,0.5,1,0,0,0,1,0,0,0,1,0,0,0,0,0,0,0,0
0,1.7058823529411764,1.5474415272118471,1.53965668378107,1.518795318009084,0.0,0.0,0,0.0,1,0,1,0,1,0,0,0,1,0,0,0,0,0,0,0,0
1,-0.1764705882352941,0.0,0.0,0.0,0.0,0.0,1,0.0,0,0,0,0,1,0,0,0,0,0,1,0,1,0,0,0,0
0,0.7058823529411765,1.9629709586470396,0.0,1.8599563818858265,0.0,1.773169141222439,1,1.5,1,0,1,0,1,0,0,0,0,1,0,0,0,0,0,0,0
1,-0.4117647058823529,0.0,0.0,0.0,0.0,0.0,1,1.0,0,0,0,1,0,0,0,0,0,0,1,0,0,1,0,0,0
0,-0.1176470588235294,1.6737033180119592,0.0,1.576033021366915,0.0,1.1731854797572434,1,0.5,1,0,1,0,1,0,0,0,0,1,0,0,0,0,0,0,1
1,-1.4705882352941178,0.0,0.0,0.0,0.0,0.0,0,1.0,0,0,1,0,0,0,0,0,0,1,0,0,0,0,0,1,0
0,-0.4117647058823529,0.2939297479087193,0.0,0.6631941883725112,0.2754115523761867,1.6981696258138488,0,0.0,1,0,0,0,1,0,0,0,0,1,0,0,0,1,0,0,0
1,0.7058823529411765,0.0,0.0,0.0,0.0,0.0,1,0.0,0,0,0,0,1,0,0,0,0,0,1,0,0,0,0,0,0
0,-0.6470588235294118,1.0300930780175133,0.0,2.423349815388612,0.0,1.7554923321377622,0,0.0,1,0,1,0,1,0,0,1,0,0,0,0,0,0,0,0,0
0,-0.8823529411764706,0.0,0.0,0.0,0.0,0.0,0,1.0,0,0,0,0,1,0,0,0,0,0,1,0,0,1,0,0,0
0,0.5882352941176471,0.0,2.1275376521084737,0.0,1.664553118367441,0.0,0,0.5,1,1,0,0,1,0,1,0,0,0,0,0,0,0,0,0,0
0,-0.3529411764705882,1.9845468326388036,0.0,0.0,0.0,0.0,1,0.5,1,0,1,0,0,0,0,0,0,1,0,0,0,0,0,0,0
0,0.5882352941176471,1.522435109429902,1.7839606330961242,0.9554258650310592,1.5658389937310868,0.0,0,0.0,1,0,1,1,0,0,0,1,0,0,0,0,0,0,0,0,0
1,-0.2941176470588235,0.0,0.0,0.0,0.0,0.0,0,0.0,0,0,0,1,0,0,0,0,0,0,1,0,0,0,0,0,0
0,0.6470588235294118,1.3561670024083805,1.6160118541390822,2.533841928535556,0.0,1.2025909389764322,1,0.0,1,1,0,0,1,0,0,1,0,0,0,0,0,0,0,0,0
0,-0.5294117647058824,0.0,0.0,0.0,0.0,0.0,1,0.5,0,0,1,0,1,0,0,0,1,0,0,0,1,0,0,0,0
1,-0.8235294117647058,0.0,0.0,0.0,0.0,0.0,1,0.5,0,0,1,0,1,0,0,0,0,1,0,0,0,0,0,0,0
1,1.8235294117647056,0.0,0.0,0.0,0.0,0.0,1,0.0,0,1,0,0,1,0,1,0,0,0,0,0,0,0,0,0,0
0,-0.4117647058823529,1.7823551626815424,0.0,1.1246585966261096,0.0,0.0,0,0.0,1,0,0,0,1,0,0,0,0,1,0,0,0,0,0,0,1
0,1.2352941176470589,0.0,0.2661925166888179,1.3683518914982231,1.5841046341584102,1.338283789921592,0,1.0,1,0,0,1,0,0,0,0,0,0,1,0,0,1,0,0,0
1,-1.0,0.0,0.0,0.0,0.0,0.0,0,0.0,0,0,1,0,1,0,0,0,0,1,0,0,0,0,0,0,1
1,0.5882352941176471,0.0,0.0,0.0,0.0,0.0,1,1.0,0,0,1,0,1,0,0,1,0,0,0,0,0,0,0,0,0
1,-1.4705882352941178,0.0,0.0,0.0,0.0,0.0,0,3.0,0,0,0,1,0,0,0,0,0,0,1,0,0,0,0,0,0
0,0.2352941176470588,1.8611985952751384,0.8397438947852097,1.7315757118517114,0.2754115523761867,0.0,0,0.0,1,0,1,0,1,0,0,0,0,1,0,0,0,1,0,0,0
1,1.9411764705882355,0.0,0.0,0.0,0.0,0.0,1,0.0,0,0,1,0,0,0,0,1,0,0,0,0,0,0,0,0,0
0,-0.2941176470588235,0.0,0.0,0.0,0.6011293213528106,1.7869443318965572,1,0.0,1,0,0,0,1,0,0,0,0,0,1,0,1,0,0,0,0
0,-1.1176470588235294,0.0,0.0,0.0,0.0,0.0,1,1.0,0,0,0,0,1,0,0,0,0,0,1,0,0,0,0,1,0
0,0.9411764705882352,0.0,1.8033075806212515,0.0,1.4080705844146746,2.054357301438743,0,3.0,1,1,0,0,0,1,0,0,0,0,0,0,0,0,0,0,0
1,-0.1176470588235294,0.0,0.0,0.0,0.0,0.0,0,0.0,0,0,1,1,0,0,0,0,0,1,0,0,0,0,0,1,0
1,-0.1176470588235294,0.0,0.0,0.0,0.0,0.0,1,0.0,0,0,1,0,0,0,0,1,0,0,0,0,0,0,0,0,0
0,0.7058823529411765,0.0,1.3537840392709202,0.0,1.788648630397805,1.4240378093396542,0,1.0,1,1,0,0,1,0,0,0,0,0,0,0,0,0,0,0,0
1,-1.3529411764705883,0.0,0.0,0.0,0.0,0.0,0,1.0,0,0,1,0,0,0,0,0,0,1,0,0,0,0,0,0,0
1,1.588235294117647,0.0,0.0,0.0,0.0,0.0,1,2.5,0,1,0,0,0,1,0,0,0,0,0,0,0,0,0,0,0
0,0.2352941176470588,1.4162045780695818,0.0,2.035885316724261,0.0,1.3749418032519738,0,0.0,1,0,0,0,1,0,0,0,0,0,1,0,0,0,0,0,0
0,-1.411764705882353,0.0,0.0,0.0,0.0,0.0,1,2.5,0,0,0,0,1,0,0,0,0,0,1,0,0,0,1,0,0
1,0.4705882352941176,0.0,0.0,0.0,0.0,0.0,1,1.0,0,1,0,1,0,0,1,0,0,0,0,0,0,0,0,0,0
0,0.4705882352941176,1.7683075065909415,0.0,1.1053236472875188,0.0,0.9723570319314724,1,0.0,1,0,1,0,1,0,0,1,0,0,0,0,0,0,0,0,0
0,-0.4117647058823529,0.0,0.1679487789570419,1.1339035624519076,0.0,1.7914996423531315,0,0.0,1,0,0,0,1,0,0,0,0,0,1,0,0,0,1,0,0
0,0.1764705882352941,1.91209307117278,0.5579137673194251,0.0,0.0,0.0,1,0.0,1,0,0,1,0,0,0,0,0,1,0,0,0,0,0,0,1
1,-0.4705882352941176,0.0,0.0,0.0,0.0,0.0,0,0.0,0,0,0,1,0,0,0,0,0,0,1,0,0,0,0,1,0
0,0.2352941176470588,0.850276818154826,0.0,0.0,0.0,0.778326556204762,1,0.0,1,0,0,0,0,0,0,0,0,0,1,0,0,1,0,0,0
0,0.2352941176470588,1.2852984707994712,0.0,0.0,1.4080705844146746,1.8341489693092408,0,0.0,1,0,0,1,0,0,0,0,0,1,0,0,0,0,0,0,0
0,0.1176470588235294,1.1757189916348774,1.9912721903277584,0.0,1.8276064274375203,1.9351029616344104,0,1.5,1,1,0,0,0,1,0,0,0,0,0,0,0,0,0,0,0
1,-0.1176470588235294,0.0,0.0,0.0,0.0,0.0,1,1.5,0,1,0,0,1,0,0,1,0,0,0,0,0,0,0,0,0
0,-0.4117647058823529,1.725377053820154,1.1008351942046988,0.0,0.0,0.0,0,0.5,1,0,0,0,1,0,0,0,0,1,0,0,0,0,1,0,0
1,0.0588235294117647,0.0,0.0,0.0,0.0,0.0,1,0.0,0,0,0,0,1,0,0,0,0,0,1,0,0,0,0,1,0
1,0.3529411764705882,0.0,0.0,0.0,0.0,0.0,1,1.0,0,1,0,0,1,0,0,0,1,0,0,0,1,0,0,0,0
0,-0.8235294117647058,1.70743181424824,0.0,1.115137621272999,1.478359852733926,0.0,1,0.0,1,0,0,0,1,0,0,0,1,0,0,0,0,1,0,0,0
0,1.6470588235294117,0.0,0.0,2.098313936790489,1.4080705844146746,0.0,0,0.0,1,0,0,0,1,0,0,0,1,0,0,0,1,0,0,0,0
0,0.2941176470588235,2.0027162302987818,0.0,2.068138159111112,1.5955819032001124,0.0,0,0.5,1,0,1,0,1,0,0,1,0,0,0,0,0,0,0,0,0
0,-0.2941176470588235,1.7683075065909415,0.0,2.2122007754297783,0.0,0.0,0,0.0,1,0,1,0,1,0,0,0,0,1,0,0,0,0,0,1,0
0,-1.588235294117647,0.0,0.0,0.0,0.0,0.0,1,1.0,0,0,1,0,1,0,0,0,0,1,0,0,0,1,0,0,0
0,-1.1764705882352942,0.0,0.0,0.0,0.0,0.0,0,2.0,0,0,0,0,0,0,0,0,0,0,1,0,0,1,0,0,0
0,-0.1764705882352941,1.3595113757856008,0.7376843479474341,1.176490594488563,1.5831996136865412,0.1866524112389433,0,0.0,1,0,0,1,0,0,0,0,0,0,1,0,0,0,1,0,0
0,0.1176470588235294,0.0,0.0,0.0,0.0,0.0,0,0.0,0,0,0,0,1,0,0,0,0,0,1,0,1,0,0,0,0
0,0.0,0.0,0.0,0.0,0.0,0.0,0,1.0,0,0,1,0,1,0,0,0,0,1,0,0,0,0,0,0,0
1,-0.0588235294117647,0.0,0.0,0.0,0.0,0.0,1,0.0,0,0,0,1,0,0,0,0,0,0,1,0,0,0,0,1,0
0,-0.4117647058823529,0.0,0.0,1.9286822945882047,0.0,0.0,0,0.5,1,0,0,0,1,0,0,0,0,1,0,0,0,1,0,0,0
0,1.0,0.3708980468307378,0.0,1.1246585966261096,1.6661862863483468,0.0,1,0.0,1,0,0,0,1,0,0,0,0,1,0,0,0,0,0,1,0
0,-0.2941176470588235,1.3277911471852442,1.738798367705378,0.0,0.0,0.0,0,0.0,1,0,0,0,1,0,0,0,0,1,0,0,0,0,1,0,0
1,1.5294117647058822,0.0,0.0,0.0,0.0,0.0,1,3.0,0,0,0,1,0,0,0,0,0,0,1,0,0,0,0,0,0
0,1.7647058823529411,1.6260512201558266,0.7597267070563035,2.31849151967067,0.4034706315309319,0.0,1,0.5,1,0,1,0,1,0,0,0,1,0,0,0,1,0,0,0,0
0,0.2941176470588235,1.465208033674933,1.2251226477310515,0.4421294589150075,0.2754115523761867,1.5574829513037354,0,0.0,1,0,0,0,1,0,0,0,0,1,0,0,1,0,0,0,0
0,-0.8235294117647058,0.8269972386639046,0.0,2.3459271797108183,0.0,0.1866524112389433,1,0.5,1,0,1,0,1,0,0,0,0,1,0,0,1,0,0,0,0
1,-1.5294117647058822,0.0,0.0,0.0,0.0,0.0,1,2.0,0,0,0,0,1,0,0,0,0,0,1,0,0,0,0,0,0
0,-0.1764705882352941,0.0,0.0,0.0,0.0,0.0,1,0.0,0,1,0,0,1,0,1,0,0,0,0,0,0,0,0,0,0
0,-0.9411764705882352,0.0,0.0,0.0,0.0,0.0,0,3.0,0,0,0,0,1,0,0,0,0,0,1,0,0,0,1,0,0
0,-0.2941176470588235,1.774368110266944,0.0,1.2279236817437833,0.0,0.0,0,0.0,1,0,0,0,1,0,0,0,0,1,0,0,0,0,1,0,0
0,-0.5294117647058824,1.2400049928324772,0.3358975579140839,1.6683521820193945,1.939198869236452,0.0,0,0.5,1,0,0,0,1,0,0,1,0,0,0,0,0,0,0,0,0
1,-0.7647058823529411,0.0,0.0,0.0,0.0,0.0,1,0.5,0,0,0,0,1,0,0,0,0,0,1,0,0,0,1,0,0
0,0.0,2.1817070549154445,0.5810073162355173,0.0,1.1690794045989483,2.094084856440311,1,0.0,1,1,0,0,0,0,1,0,0,0,0,0,0,0,0,0,0
0,2.176470588235294,2.0526941220536434,0.0,1.6767676831672331,1.0264128696499986,0.0,1,0.0,1,0,1,0,1,0,0,1,0,0,0,0,0,0,0,0,0
0,-1.0588235294117647,0.0,0.0,0.0,0.0,0.0,0,2.5,0,0,0,0,1,0,0,0,1,0,0,0,0,0,0,0,0
0,-0.1764705882352941,1.70743181424824,0.0,0.2210647294575037,1.286016352795763,0.7629347951689582,0,0.0,1,0,0,0,1,0,0,0,0,1,0,0,0,0,0,1,0
0,-0.4117647058823529,1.0357258415701949,0.0,0.0,0.0,2.128797154615649,0,0.0,1,0,0,0,1,0,0,0,0,1,0,0,0,0,1,0,0
0,0.0588235294117647,0.0,1.5101151150139809,1.8542947718696872,0.0,1.0367774026065846,0,0.0,1,0,0,0,1,0,0,0,0,0,1,0,0,0,0,0,0
0,-1.2352941176470589,0.0,0.0,0.0,0.0,0.0,0,2.5,0,0,0,1,0,0,0,0,0,0,1,0,0,1,0,0,0
0,-0.5882352941176471,0.0,1.470932894746572,0.0,2.0074535068098567,0.0,1,0.0,1,0,0,0,1,0,0,0,0,1,0,0,0,1,0,0,0
1,0.9411764705882352,0.0,0.0,0.0,0.0,0.0,1,0.0,0,1,0,0,0,0,1,0,0,0,0,0,0,0,0,0,0
0,0.9411764705882352,1.7943967823681175,0.0,2.049593465938929,0.0,0.0,0,0.5,1,0,1,1,0,0,0,0,0,1,0,0,0,0,1,0,0
0,-0.7058823529411765,0.0,0.0,0.0,0.4878209905931642,1.726147969347211,0,0.0,1,0,0,0,1,0,0,0,0,1,0,0,0,1,0,0,0
0,1.8235294117647056,1.6561965176302091,0.0,1.683343771586719,0.0,0.55995723371683,0,0.0,1,0,0,1,0,0,0,0,1,0,0,0,1,0,0,0,0
0,0.1176470588235294,1.7000887423848277,0.0,2.7125940707007,1.8834779626920768,0.2958370724829093,1,0.5,1,0,1,0,1,0,0,0,0,1,0,0,0,1,0,0,0
0,-0.6470588235294118,1.4998120858179602,0.0,2.46199592716264,1.1959648293340936,0.0,0,0.0,1,0,1,0,1,0,0,0,0,1,0,0,0,0,1,0,0
0,0.4705882352941176,1.6534411236943198,0.0,2.164120606740503,0.0,0.9247126870847868,1,1.0,1,0,0,0,1,0,0,0,0,1,0,0,0,0,0,0,0
1,-1.1176470588235294,0.0,0.0,0.0,0.0,0.0,0,1.0,0,0,1,0,1,0,0,0,0,1,0,0,0,0,1,0,0
0,-0.7647058823529411,1.95483607304362,0.2661925166888179,1.544951689545088,1.5375839991837934,1.1553456790609842,1,1.5,1,0,0,0,1,0,0,0,0,1,0,0,0,0,0,0,0
1,0.1764705882352941,0.0,0.0,0.0,0.0,0.0,1,0.0,0,1,0,0,1,0,0,1,0,0,0,0,0,0,0,0,0
0,-0.7058823529411765,1.7701043325951946,0.0,0.350379306422211,0.0,0.669141894960796,1,0.0,1,0,0,0,1,0,0,0,0,1,0,0,1,0,0,0,0
0,-0.6470588235294118,1.0124462620792734,0.0,0.0,1.8918216231638736,1.2891877838339116,1,0.5,1,0,0,0,1,0,0,0,0,1,0,0,0,0,1,0,0
0,-1.3529411764705883,0.0,0.0,0.0,0.0,0.0,1,1.0,0,0,0,0,1,0,0,0,0,0,1,0,0,0,0,0,0
1,-0.2352941176470588,0.0,0.0,0.0,0.0,0.0,0,0.0,0,0,0,0,1,0,0,0,0,0,1,0,0,1,0,0,0
0,0.0588235294117647,0.0,0.0,0.0,0.0,0.0,0,0.0,0,0,1,0,1,0,0,1,0,0,0,0,0,0,0,0,0
0,-0.7058823529411765,1.4825450377027731,0.0,0.7647583148507885,1.3032132920519723,0.0,1,0.5,1,0,0,0,0,0,0,0,0,0,1,0,1,0,0,0,0
1,0.2941176470588235,0.0,0.0,0.0,0.0,0.0,0,0.0,0,0,1,0,1,0,0,0,1,0,0,0,0,0,0,0,0
0,0.4117647058823529,1.6589238234733146,0.0,0.8416718857933595,1.0091170192074843,0.0,1,0.0,1,0,0,0,0,0,0,0,0,1,0,0,1,0,0,0,0
0,-0.4705882352941176,1.808724521293656,0.0,0.5714440358797147,1.9095759032150368,0.0,1,0.0,1,0,1,0,1,0,0,0,0,1,0,0,0,0,0,1,0
0,-1.588235294117647,0.0,0.0,0.0,0.0,0.0,0,3.0,0,0,0,0,1,0,0,0,0,0,1,0,0,0,0,0,0
0,-0.2352941176470588,0.8915192755066496,0.0,1.115137621272999,1.6514355379532475,0.0,1,0.0,1,0,0,0,1,0,0,0,0,0,1,0,0,1,0,0,0
1,-1.5294117647058822,0.0,0.0,0.0,0.0,0.0,1,1.0,0,0,1,0,1,0,0,0,0,1,0,0,0,0,0,0,1
0,0.5882352941176471,0.7877740089073892,1.9116978065903452,0.0,1.7836043878125905,0.0,0,0.5,1,1,0,0,0,0,0,0,0,0,0,0,0,0,0,0,0
0,1.8235294117647056,1.8770285062566328,1.7952253919250991,0.0,1.3218903603050003,1.679345244466552,1,0.5,1,1,0,0,1,1,0,0,0,0,0,0,0,0,0,0,0
1,0.8823529411764706,0.0,0.0,0.0,0.0,0.0,1,1.0,0,1,0,0,1,1,0,0,0,0,0,0,0,0,0,0,0
1,1.6470588235294117,0.0,0.0,0.0,0.0,0.0,1,0.0,0,0,0,0,1,0,0,0,0,0,1,0,0,1,0,0,0
0,-1.4705882352941178,0.0,0.0,0.0,0.0,0.0,0,0.5,0,0,0,0,1,0,0,0,0,0,1,0,0,0,0,0,0
0,0.9411764705882352,1.7979706184469424,0.7894331112229788,2.0100878973802323,1.17376534287144,0.0,1,0.0,1,0,1,0,1,0,0,0,0,1,0,0,1,0,0,0,0
0,-0.4117647058823529,1.2294077110659742,1.5057925230012332,0.0,1.244137497750692,1.0691301642290858,0,0.0,1,0,0,0,1,0,0,0,1,0,0,0,1,0,0,0,0
0,-0.4705882352941176,0.0,0.9379876325169856,0.0,1.3978369023433173,1.6031042961746325,1,0.0,1,0,0,0,0,0,0,0,1,0,0,0,0,0,0,0,0
0,-0.3529411764705882,0.3708980468307378,0.8614568196209993,2.0406974128762965,0.0,0.5916741449658187,0,0.0,1,0,0,0,1,0,0,0,0,1,0,0,0,1,0,0,0
0,0.0588235294117647,0.0,1.2595899591016175,0.0,1.66909944190058,2.292127221841556,1,0.5,1,1,0,0,1,0,1,0,0,0,0,0,0,0,0,0,0
0,0.5882352941176471,0.0,2.044396822424963,1.859019732199665,1.9065988422203608,1.3923208980906656,1,0.0,1,1,0,0,1,0,1,0,0,0,0,0,0,0,0,0,0
0,-0.8823529411764706,0.0,0.0,0.0,0.0,0.0,0,3.0,0,0,0,0,0,0,0,0,0,0,1,0,0,0,1,0,0
0,0.1764705882352941,1.7907745605787515,1.1182384885659198,0.7343611355735556,0.0,1.042446717438683,1,0.5,1,0,1,0,1,0,0,1,0,0,0,0,0,0,0,0,0
0,0.7647058823529411,0.0,0.0,0.0,0.5212960286143199,1.7942650839422507,0,0.0,1,0,0,0,1,0,0,0,1,0,0,0,1,0,0,0,0
0,0.7058823529411765,1.494848188579694,0.3899649883623831,0.2210647294575037,0.0,1.6469027706013306,0,0.0,1,0,0,0,1,0,0,0,0,0,1,0,0,0,0,1,0
0,-0.3529411764705882,1.0062954995527402,1.5527792877986164,0.2210647294575037,0.9184197287740684,1.242771227794443,1,0.0,1,0,0,0,1,0,0,0,1,0,0,0,1,0,0,0,0
1,2.235294117647059,0.0,0.0,0.0,0.0,0.0,0,0.5,0,1,0,0,1,1,0,0,0,0,0,0,0,0,0,0,0
0,0.0,1.876066108145453,0.0,0.0,0.0,0.0,1,1.0,1,0,0,0,1,0,0,0,0,1,0,0,0,0,1,0,0
1,0.2352941176470588,0.0,0.0,0.0,0.0,0.0,1,0.5,0,1,0,0,1,1,0,0,0,0,0,0,1,0,0,0,0
0,-0.3529411764705882,0.0,0.6214843322659369,2.0299035235074823,0.0,1.1800031225899457,1,0.0,1,0,0,1,0,0,0,0,0,1,0,0,0,0,0,0,0
0,0.5882352941176471,0.0,1.7993001836785132,0.0,0.9052224502512914,2.167311849373015,1,0.0,1,1,0,0,0,0,0,0,0,0,0,0,0,0,0,0,0
1,-0.1764705882352941,0.0,0.0,0.0,0.0,0.0,0,0.0,0,0,1,0,1,0,0,0,0,1,0,0,0,0,0,0,1
0,0.5882352941176471,1.2009184406709743,0.0,2.098313936790489,1.1252580399759224,0.0,0,0.0,1,0,0,0,0,0,0,0,0,1,0,0,0,0,0,0,1
1,-0.1176470588235294,0.0,0.0,0.0,0.0,0.0,0,0.0,0,0,0,0,1,0,0,0,0,0,1,0,0,0,0,0,0
0,0.1176470588235294,0.973223032322758,0.0,2.06323146250127,0.0,1.395363670669457,1,0.0,1,0,0,0,1,0,0,0,1,0,0,0,1,0,0,0,0
0,1.7647058823529411,0.0,0.1679487789570419,0.0,1.6294342029906443,0.806698300112059,1,0.0,1,0,0,1,0,0,0,0,0,1,0,0,0,0,0,1,0
1,0.2352941176470588,0.0,0.0,0.0,0.0,0.0,0,0.0,0,0,1,0,1,0,0,0,0,1,0,0,0,1,0,0,0
0,1.2941176470588236,0.814550976584631,0.0,0.0,1.6661862863483468,0.0,1,0.0,1,0,0,0,1,0,0,0,1,0,0,0,1,0,0,0,0
1,-1.588235294117647,0.0,0.0,0.0,0.0,0.0,1,1.0,0,0,0,1,0,0,0,0,0,0,1,0,0,0,0,0,0
0,-1.3529411764705883,0.0,0.0,0.0,0.0,0.0,1,2.0,0,0,0,0,0,0,0,0,0,0,1,0,0,1,0,0,0
0,1.0,1.3296555894789144,0.9379876325169856,0.0,1.6486577765866373,1.2056684868517225,1,0.0,1,0,0,0,1,0,0,0,1,0,0,0,1,0,0,0,0
0,0.1176470588235294,1.7999000478647496,0.0,1.0739282543975717,1.1959648293340936,1.0064890491274203,0,0.0,1,0,1,0,1,0,0,0,1,0,0,0,0,0,0,0,0
0,-0.2941176470588235,1.3561670024083805,0.0,1.9669997984865373,0.0,0.887511217448728,0,3.5,1,0,0,1,0,0,0,0,0,1,0,0,0,0,1,0,0
1,-0.5294117647058824,0.0,0.0,0.0,0.0,0.0,1,0.0,0,0,0,0,1,0,0,0,0,0,1,0,0,1,0,0,0
1,1.0,0.0,0.0,0.0,0.0,0.0,0,0.5,0,1,0,0,0,0,1,0,0,0,0,0,0,0,0,0,0
1,0.4117647058823529,0.0,0.0,0.0,0.0,0.0,1,0.5,0,1,0,0,1,0,0,0,0,0,0,0,0,0,0,0,0
0,1.8235294117647056,0.0,1.973727737689802,0.0,1.655545308657845,2.0717200319914424,1,1.0,1,1,0,0,0,0,0,0,0,0,0,0,0,0,0,0,0
1,0.0,0.0,0.0,0.0,0.0,0.0,1,0.0,0,0,0,0,1,0,0,0,0,0,1,0,0,0,1,0,0
0,1.2352941176470589,1.8971472993208764,0.0,1.168416011586873,0.9756419811863284,0.0,0,0.5,1,0,1,0,1,0,0,0,0,1,0,0,1,0,0,0,0
0,0.6470588235294118,0.0,1.4228075079777804,0.0,1.8800334127812588,0.0,1,0.5,1,1,0,0,1,0,1,0,0,0,0,0,0,0,0,0,0
1,0.0,0.0,0.0,0.0,0.0,0.0,0,0.0,0,0,0,1,0,0,0,0,0,0,1,0,1,0,0,0,0
1,-0.6470588235294118,0.0,0.0,0.0,0.0,0.0,1,0.0,0,0,0,0,0,0,0,0,0,0,1,0,1,0,0,0,0
0,0.4117647058823529,0.0,0.0,2.164480775032766,0.0,0.0,0,0.0,1,0,0,0,1,0,0,0,0,0,1,0,0,0,0,0,0
0,0.5882352941176471,0.881789243726158,1.9316359452236629,0.7343611355735556,0.0,1.0,0,0.5,1,1,0,0,1,0,0,1,0,0,0,0,0,0,0,0,0
0,0.6470588235294118,0.0,0.7134342389808734,1.095198067035038,0.0,1.8109339259800936,0,0.5,1,0,0,0,1,0,0,0,0,1,0,0,0,1,0,0,0
0,-0.0588235294117647,1.7595106685937254,0.0,1.4168902732846578,0.0,0.0,1,1.5,1,0,0,1,0,0,0,1,0,0,0,0,0,0,0,0,0
0,0.2352941176470588,1.2981431639075822,1.0524991474941336,2.1956623670577184,1.1980803726773,0.0,1,0.0,1,0,1,0,1,0,0,0,1,0,0,0,1,0,0,0,0
0,1.7647058823529411,0.0,0.7376843479474341,1.6146083151126955,0.7748946642242507,1.7602167078428177,1,0.0,1,0,0,0,1,0,0,0,0,0,1,0,0,0,0,0,0
1,1.2941176470588236,0.0,0.0,0.0,0.0,0.0,1,0.5,0,0,0,1,0,0,0,0,0,0,1,0,0,0,1,0,0
1,1.6470588235294117,0.0,0.0,0.0,0.0,0.0,1,0.0,0,1,0,0,0,1,0,0,0,0,0,0,0,0,0,0,0
1,-1.588235294117647,0.0,0.0,0.0,0.0,0.0,0,1.0,0,0,0,0,0,0,0,0,0,0,1,0,0,0,1,0,0
1,-0.4117647058823529,0.0,0.0,0.0,0.0,0.0,0,0.0,0,0,0,0,1,0,0,0,0,0,1,0,1,0,0,0,0
0,0.2352941176470588,0.7060702520912806,0.0,0.0,1.6350260422293874,0.0,1,0.5,1,0,0,0,1,0,0,0,0,1,0,0,0,0,1,0,0
1,-0.1764705882352941,0.0,0.0,0.0,0.0,0.0,0,1.5,0,0,1,0,1,0,0,0,0,1,0,0,0,0,0,0,1
1,-0.7058823529411765,0.0,0.0,0.0,0.0,0.0,1,0.0,0,1,0,0,1,1,0,0,0,0,0,0,0,0,0,0,0
0,-0.4705882352941176,0.7733085192328075,0.0,2.1258797684648725,0.0,0.2958370724829093,1,0.0,1,0,0,0,1,0,0,0,0,1,0,0,1,0,0,0,0
0,2.647058823529412,2.087452908646994,1.9418644971532375,0.0,1.6440772202287617,0.819836637888477,0,0.0,1,1,0,0,0,0,0,0,1,0,0,0,1,0,0,0,0
1,-0.1176470588235294,0.0,0.0,0.0,0.0,0.0,1,0.5,0,1,0,0,1,1,0,0,0,0,0,0,0,0,0,0,0
0,-0.7058823529411765,0.0,1.6516874045332282,1.4092963671716263,0.4491768952476266,0.0,0,3.0,1,0,0,0,1,0,0,0,0,1,0,0,0,0,0,0,1
0,2.764705882352941,1.6986891940159818,0.0,0.0,1.410790579254817,0.0,1,0.0,1,0,0,0,1,0,0,0,0,0,1,0,1,0,0,0,0
0,-0.3529411764705882,1.860433082917643,0.1679487789570419,0.0,0.17376534287144,0.0,1,0.5,1,0,0,0,1,0,0,0,1,0,0,0,1,0,0,0,0
1,0.0588235294117647,0.0,0.0,0.0,0.0,0.0,1,2.0,0,1,0,0,0,0,1,0,0,0,0,0,1,0,0,0,0
0,-0.5294117647058824,1.736975307625562,0.0,2.471070903295027,0.0,0.8557943061997394,1,0.5,1,0,1,0,1,0,0,0,1,0,0,0,0,0,0,0,0
0,-1.5294117647058822,0.0,0.0,0.0,0.0,0.0,0,1.5,0,0,0,0,1,0,0,0,0,0,1,0,1,0,0,0,0
0,1.2352941176470589,0.0,0.0,2.0572420096883164,1.385177998866873,0.0,1,0.5,1,0,0,0,1,0,0,0,0,0,1,0,0,1,0,0,0
1,-0.1764705882352941,0.0,0.0,0.0,0.0,0.0,0,0.5,0,0,1,0,1,0,0,0,0,1,0,0,1,0,0,0,0
1,0.0,0.0,0.0,0.0,0.0,0.0,1,1.5,0,0,0,0,0,0,0,0,0,0,1,0,0,0,0,0,0
0,0.5882352941176471,1.0519457400652037,0.0,1.8627499383355184,1.930049383487649,0.0,0,0.5,1,0,1,0,1,0,0,0,0,1,0,0,0,0,0,0,1
1,0.1176470588235294,0.0,0.0,0.0,0.0,0.0,0,0.0,0,0,0,1,0,0,0,0,0,0,1,0,1,0,0,0,0
1,-0.2352941176470588,0.0,0.0,0.0,0.0,0.0,1,1.0,0,0,1,0,1,0,0,0,0,1,0,0,0,0,0,0,0
1,0.0588235294117647,0.0,0.0,0.0,0.0,0.0,0,0.0,0,0,0,1,0,0,0,0,0,0,1,0,0,0,0,0,0
0,-0.6470588235294118,0.0,0.0,2.052674929416888,0.930956861034032,1.439882526761593,1,3.0,1,0,0,0,0,0,0,0,0,1,0,0,0,1,0,0,0
0,0.4705882352941176,0.9587575426481764,0.0,0.8636757125382628,0.0,1.8057113136385343,1,1.0,1,0,0,0,1,0,0,0,1,0,0,0,1,0,0,0,0
0,1.2941176470588236,0.0,1.9940658535139923,0.0,0.2754115523761867,1.5712124693572562,0,0.5,1,1,0,0,1,0,0,0,1,0,0,0,0,0,0,0,0
0,0.1176470588235294,0.0,2.0214029644670863,1.7315757118517114,0.17376534287144,1.9538038158211375,1,0.5,1,1,0,0,1,1,0,0,0,0,0,0,0,0,0,0,0
0,0.5882352941176471,1.97018844720361,2.2633392980135967,0.0,1.735440355405378,1.7044831207867597,1,0.5,1,1,0,0,1,1,0,0,0,0,0,0,0,0,0,0,0
1,0.5294117647058824,0.0,0.0,0.0,0.0,0.0,1,0.0,0,0,0,0,1,0,0,0,0,0,1,0,0,0,1,0,0
0,-0.3529411764705882,0.0,0.0,2.149747024045709,0.4034706315309319,1.6573956243371584,1,0.5,1,0,0,0,1,0,0,0,0,1,0,0,0,0,0,1,0
1,-0.6470588235294118,0.0,0.0,0.0,0.0,0.0,0,0.0,0,0,0,0,1,0,0,0,0,0,1,0,1,0,0,0,0
0,-0.1764705882352941,1.392313184027989,1.312315010102402,0.0,1.3231726669292083,1.4157515399165694,0,0.0,1,0,0,0,1,0,0,0,1,0,0,0,0,0,0,0,0
0,-0.2941176470588235,1.3043414269023128,0.6717951158281678,2.4895220665924533,0.0,0.0,0,0.5,1,0,1,0,1,0,0,0,0,1,0,0,0,0,1,0,0
0,1.411764705882353,0.0,1.3721289281628457,0.0,1.82364217902536,1.132250174189433,1,0.0,1,1,0,0,0,0,0,0,0,0,0,0,0,0,0,0,0
1,0.1176470588235294,0.0,0.0,0.0,0.0,0.0,1,0.5,0,0,0,0,1,0,0,0,0,0,1,0,1,0,0,0,0
1,0.2352941176470588,0.0,0.0,0.0,0.0,0.0,0,0.0,0,1,0,0,1,0,0,0,1,0,0,0,1,0,0,0,0
1,0.2941176470588235,0.0,0.0,0.0,0.0,0.0,1,1.0,0,1,0,0,0,1,0,0,0,0,0,0,1,0,0,0,0
1,-0.1176470588235294,0.0,0.0,0.0,0.0,0.0,1,0.0,0,1,0,0,0,0,0,0,0,0,0,0,0,0,0,0,0
0,-1.3529411764705883,0.0,0.0,0.0,0.0,0.0,1,0.5,0,0,0,0,1,0,0,0,0,0,1,0,0,0,0,0,0
1,-0.6470588235294118,0.0,0.0,0.0,0.0,0.0,0,0.0,0,0,0,0,1,0,0,0,0,0,1,0,1,0,0,0,0
1,-0.5882352941176471,0.0,0.0,0.0,0.0,0.0,1,1.0,0,1,0,0,0,1,0,0,0,0,0,0,0,0,0,0,0
1,-0.7058823529411765,0.0,0.0,0.0,0.0,0.0,0,3.0,0,0,0,0,0,0,0,0,0,0,1,0,1,0,0,0,0
0,0.7647058823529411,0.0,1.79872224930666,0.0,1.403470631530932,0.4333934776341722,1,1.0,1,1,0,0,1,0,1,0,0,0,0,0,1,0,0,0,0
0,-1.5294117647058822,0.0,0.0,0.0,0.0,0.0,1,1.0,0,0,0,0,1,0,0,0,0,0,1,0,0,0,1,0,0
0,-0.4117647058823529,0.0,0.5579137673194251,1.4092963671716263,0.6788821839071186,1.7660079527236665,0,0.0,1,0,0,0,1,0,0,0,0,0,1,0,0,1,0,0,0
0,0.0,0.0,0.0,0.0,1.6019719789476936,0.0,1,0.0,1,0,0,0,1,0,0,0,0,1,0,0,0,0,0,0,1
1,-0.4117647058823529,0.0,0.0,0.0,0.0,0.0,0,0.0,0,1,0,0,0,1,0,0,0,0,0,0,0,0,0,0,0
0,0.2352941176470588,0.0,0.0,0.0,0.0,0.0,0,0.0,0,0,0,0,1,0,0,0,0,0,1,0,0,1,0,0,0
0,2.0588235294117645,0.1854490234153689,1.2204479264511756,1.686581657152714,0.0,1.651616807975365,0,0.0,1,0,0,0,1,0,0,0,0,0,1,0,0,0,0,0,0
1,-0.8235294117647058,0.0,0.0,0.0,0.0,0.0,1,0.5,0,0,1,0,1,0,0,0,0,1,0,0,0,0,1,0,0
0,0.0,1.769027685724096,1.4386583161908733,0.700758612844422,0.0,0.0,0,0.0,1,0,1,0,1,0,0,0,0,1,0,0,0,0,1,0,0
1,-1.2352941176470589,0.0,0.0,0.0,0.0,0.0,0,0.0,0,0,0,0,1,0,0,0,0,0,1,0,0,0,0,1,0
1,0.0,0.0,0.0,0.0,0.0,0.0,0,0.5,0,0,1,0,1,0,0,0,0,1,0,0,0,1,0,0,0
0,0.1176470588235294,1.7897781110603768,0.0,0.0,1.0221994864626538,0.0,0,0.5,1,0,1,0,1,0,0,1,0,0,0,0,0,0,0,0,0
0,1.0,0.0,0.0,2.4299944096592685,0.2754115523761867,0.1866524112389433,0,0.5,1,0,0,0,1,0,0,0,0,1,0,0,0,0,0,0,1
0,1.2941176470588236,0.0,1.823584650070443,0.0,1.283031908043077,1.9959651251694408,1,1.0,1,1,0,0,1,0,0,0,1,0,0,0,0,0,0,0,0
1,-1.5294117647058822,0.0,0.0,0.0,0.0,0.0,0,0.0,0,0,0,0,1,0,0,0,0,0,1,0,0,0,1,0,0
1,-1.4705882352941178,0.0,0.0,0.0,0.0,0.0,1,2.5,0,0,0,0,1,0,0,0,0,0,1,0,0,0,1,0,0
0,0.0,0.0,0.9223500217400188,2.7008255936257046,0.4491768952476266,1.0064890491274203,0,1.5,1,1,0,0,0,0,0,0,0,0,0,0,0,0,0,0,0
0,-0.1176470588235294,0.0,2.0279496730896147,0.0,1.2961906928385705,1.106986424480944,1,0.0,1,1,0,0,1,0,1,0,0,0,0,0,0,0,0,0,0
0,1.5294117647058822,0.0,1.6337923621351216,0.0,1.616277675538537,2.054880434207572,1,0.0,1,1,0,0,1,0,0,1,0,0,0,0,0,0,0,0,0
0,0.0,1.6297079475085618,0.0,1.9092530851664975,1.5434955150769736,0.0,1,1.0,1,0,1,0,1,0,0,0,0,1,0,0,0,0,1,0,0
0,0.5882352941176471,0.9272451170768444,2.214279611910998,0.0,1.706683923582904,2.511037381040844,1,0.0,1,1,0,0,1,0,0,0,0,1,0,0,1,0,0,0,0
0,1.7058823529411764,0.0,2.0959638569958776,0.0,0.0,1.0587718676518676,1,0.0,1,1,0,0,1,0,1,0,0,0,0,0,0,0,0,0,0
0,0.3529411764705882,0.0,0.0,0.0,0.0,0.0,1,0.0,0,1,0,0,1,1,0,0,0,0,0,0,0,0,0,0,0
0,-1.1764705882352942,0.0,0.0,0.0,0.0,0.0,0,1.0,0,0,0,0,1,0,0,0,0,0,1,0,0,0,0,0,0
0,2.0588235294117645,0.0,2.038930204906701,0.0,1.11666209848346,1.9579554153459076,1,0.0,1,1,0,1,0,0,1,0,0,0,0,0,0,0,0,0,0
1,1.0,0.0,0.0,0.0,0.0,0.0,0,0.0,0,0,1,0,1,0,0,0,0,1,0,0,0,0,0,0,0
1,0.0588235294117647,0.0,0.0,0.0,0.0,0.0,0,0.5,0,1,0,0,0,0,1,0,0,0,0,0,0,0,0,0,0
0,-1.0588235294117647,0.0,0.0,0.0,0.0,0.0,1,3.0,0,0,0,0,1,0,0,0,0,0,1,0,0,1,0,0,0
0,-0.3529411764705882,0.0,1.0647700667552715,1.76851783566003,0.0,2.303626126587944,0,1.0,1,0,0,0,1,0,0,0,0,0,1,0,0,1,0,0,0
0,-0.5294117647058824,0.4793787713240882,0.7894331112229788,2.049076981633496,0.0,1.8714747768901052,0,0.0,1,0,1,0,1,0,0,0,0,1,0,0,0,0,0,0,0
0,0.6470588235294118,0.2939297479087193,1.1496916954186869,2.120553919776396,2.01493490354805,1.6445144400178742,1,2.0,1,1,0,0,1,1,0,0,0,0,0,0,0,0,0,0,0
1,-0.5294117647058824,0.0,0.0,0.0,0.0,0.0,1,1.0,0,1,0,0,1,0,1,0,0,0,0,0,0,0,0,0,0
1,1.7058823529411764,0.0,0.0,0.0,0.0,0.0,1,1.0,0,0,1,0,1,0,0,0,0,1,0,0,0,1,0,0,0
1,0.0,0.0,0.0,0.0,0.0,0.0,0,2.0,0,0,1,0,1,0,0,1,0,0,0,0,0,0,0,0,0
0,0.8823529411764706,0.0,0.0,2.107052263925305,0.0,0.0,1,0.5,1,0,0,0,0,0,0,0,0,1,0,0,1,0,0,0,0
0,-0.5294117647058824,0.3708980468307378,1.5834815785728908,0.0,0.0,0.8557943061997394,1,0.0,1,0,0,0,1,0,0,0,0,0,1,0,0,0,1,0,0
0,0.8235294117647058,1.5474415272118471,0.2661925166888179,0.0,0.5212960286143199,0.887511217448728,1,0.5,1,0,0,0,1,0,0,0,0,1,0,0,0,0,0,0,0
1,0.8823529411764706,0.0,0.0,0.0,0.0,0.0,1,0.0,0,0,1,0,1,0,0,0,1,0,0,0,1,0,0,0,0
1,-0.1764705882352941,0.0,0.0,0.0,0.0,0.0,0,0.0,0,0,1,0,1,0,0,0,0,1,0,0,0,0,1,0,0
0,1.2941176470588236,1.7576410146789587,0.1679487789570419,0.0,0.0,0.0,0,0.0,1,0,0,0,1,0,0,0,0,0,1,0,1,0,0,0,0
1,0.2941176470588235,0.0,0.0,0.0,0.0,0.0,1,0.0,0,0,0,0,1,0,0,0,0,0,1,0,0,0,0,0,0
0,1.8235294117647056,1.0769682989220186,0.0,2.114296119494818,1.38115075726443,1.242771227794443,1,0.5,1,0,1,0,1,0,0,0,0,1,0,0,0,0,0,0,0
1,0.1176470588235294,0.0,0.0,0.0,0.0,0.0,1,1.0,0,0,0,0,1,0,0,0,0,1,0,0,0,0,0,1,0
0,0.4705882352941176,1.72410403134028,0.4714918312586162,2.0,1.2333919786081171,0.0,1,0.0,1,0,1,0,1,0,0,0,1,0,0,0,1,0,0,0,0
0,0.4705882352941176,0.5563470702461066,1.6841745676199107,0.0,0.0,0.0,0,0.0,1,0,0,0,1,0,0,0,0,1,0,0,0,0,0,0,0
1,-1.588235294117647,0.0,0.0,0.0,0.0,0.0,1,1.0,0,0,0,1,0,0,0,0,0,0,1,0,0,0,0,1,0
1,-0.2352941176470588,0.0,0.0,0.0,0.0,0.0,1,0.0,0,0,0,0,1,0,0,0,0,0,1,0,0,0,1,0,0
1,1.1764705882352942,0.0,0.0,0.0,0.0,0.0,0,0.0,0,1,0,0,0,1,0,0,0,0,0,0,0,0,0,0,0
0,-0.3529411764705882,0.0,0.0,1.0739282543975717,1.5624148765193862,1.5105326339238678,1,0.0,1,0,0,0,1,0,0,0,0,0,1,0,0,0,1,0,0
0,0.4705882352941176,0.0,1.1538693656435726,1.2601661640796695,0.0,1.764859624723062,0,3.5,1,0,0,0,1,0,0,0,0,1,0,0,0,0,1,0,0
1,-0.7058823529411765,0.0,0.0,0.0,0.0,0.0,1,0.0,0,0,0,0,0,0,0,0,0,0,1,0,0,0,0,1,0
1,-0.4705882352941176,0.0,0.0,0.0,0.0,0.0,0,0.0,0,0,1,0,1,0,0,0,0,1,0,0,0,1,0,0,0
1,-0.3529411764705882,0.0,0.0,0.0,0.0,0.0,0,0.0,0,0,1,0,1,0,0,0,0,1,0,0,0,0,1,0,0
1,0.4705882352941176,0.0,0.0,0.0,0.0,0.0,1,0.5,0,1,0,0,1,1,0,0,0,0,0,0,0,0,0,0,0
0,1.0,1.856312941646128,1.6775873965302883,0.0,0.6229422381190667,0.0,0,0.0,1,0,0,0,1,0,0,0,0,1,0,0,0,0,0,0,1
0,0.5294117647058824,1.0622372544996612,0.0,1.559674102850349,1.4575466995995623,1.3938465821043071,1,0.0,1,0,0,1,0,0,0,0,0,1,0,0,1,0,0,0,0
1,0.1176470588235294,0.0,0.0,0.0,0.0,0.0,0,0.0,0,0,1,0,1,0,0,0,0,1,0,0,0,0,0,0,1
0,-0.5294117647058824,1.400991124848251,0.6214843322659369,0.0,1.793201364417195,0.0,0,1.5,1,0,0,0,0,0,0,0,0,1,0,0,0,0,0,0,0
1,-1.5294117647058822,0.0,0.0,0.0,0.0,0.0,1,0.5,0,0,0,0,1,0,0,0,0,0,1,0,0,0,1,0,0
0,-0.1176470588235294,0.0,2.008363439887448,0.0,1.4006695923521093,1.7216821537611269,0,0.5,1,1,0,0,0,1,0,0,0,0,0,0,0,0,0,0,0
0,-0.9411764705882352,0.0,0.0,0.0,0.0,0.0,0,2.0,0,0,0,0,1,0,0,0,0,0,1,0,0,0,1,0,0
1,-0.2352941176470588,0.0,0.0,0.0,0.0,0.0,0,0.0,0,0,0,0,1,0,0,0,0,0,1,0,0,0,0,1,0
1,-0.4117647058823529,0.0,0.0,0.0,0.0,0.0,0,0.5,0,0,0,0,1,1,0,0,0,0,0,0,0,0,0,0,0
0,0.7647058823529411,1.1621694439244474,0.0,2.25315645358264,0.0,1.124089473669563,1,0.0,1,0,1,0,1,0,0,0,0,1,0,0,0,0,0,0,1
0,-0.4705882352941176,1.2874825350621948,1.2458192723585093,1.2662411856421156,0.0,1.6545217175705544,0,0.0,1,0,0,0,1,0,0,0,0,0,1,0,1,0,0,0,0
0,1.2352941176470589,1.6386369091945427,0.0,1.176490594488563,0.0,0.4824894837218527,0,0.0,1,0,0,0,1,0,0,0,0,0,1,0,0,1,0,0,0
0,-0.2941176470588235,1.296044750119841,0.3358975579140839,0.0,1.798634495922838,0.0,0,0.0,1,0,0,0,0,0,0,0,0,0,1,0,0,1,0,0,0
0,0.4117647058823529,1.018458793455008,1.735628579675721,1.2601661640796695,0.0,0.6200458888731157,1,0.0,1,0,0,0,1,0,0,0,0,1,0,0,0,0,0,0,1
0,-0.8235294117647058,0.6862429319367085,0.0,0.0,0.0,2.041898838291263,0,0.0,1,0,0,0,1,0,0,0,0,1,0,0,1,0,0,0,0
0,-0.2352941176470588,1.6380508270622154,0.5810073162355173,2.035885316724261,1.3665230018306789,0.0,1,1.0,1,0,1,0,1,0,0,0,0,1,0,0,0,0,0,0,1
0,-1.5294117647058822,0.0,0.0,0.0,0.0,0.0,0,3.0,0,0,0,0,0,0,0,0,0,0,1,0,0,0,0,0,0
1,-0.7058823529411765,0.0,0.0,0.0,0.0,0.0,0,1.0,0,1,0,0,1,0,1,0,0,0,0,0,0,0,0,0,0
0,0.6470588235294118,2.0201521306672343,1.7329866655055373,0.0,2.2388886193072355,0.6906959960353908,1,0.0,1,1,0,0,1,0,1,0,0,0,0,0,0,0,0,0,0
0,0.4117647058823529,0.0,1.3388110062889107,1.0135734947947224,0.0,1.681444923783386,0,0.0,1,0,0,0,1,0,0,0,1,0,0,0,0,0,0,0,0
1,-0.8235294117647058,0.0,0.0,0.0,0.0,0.0,1,0.0,0,0,0,1,0,0,0,0,0,0,1,0,0,0,0,0,0
0,0.8823529411764706,0.0,2.117579804095522,0.0,2.3308466290110235,0.4333934776341722,1,0.5,1,1,0,0,1,1,0,0,0,0,0,0,0,0,0,0,0
0,0.0,1.3937791952928218,0.0,0.0,0.0,1.5974498625289135,1,0.0,1,0,0,1,0,0,0,0,0,1,0,0,0,0,0,0,0
0,1.3529411764705883,0.0,1.7971257849652305,1.8561931643135496,1.8867407905099216,0.4333934776341722,1,0.0,1,1,0,0,1,0,0,0,0,0,0,0,0,0,0,0,0
0,-0.3529411764705882,0.0,0.0,2.0536955030522703,1.1806340026274782,0.0,1,0.0,1,0,0,0,1,0,0,0,0,1,0,0,0,0,0,0,0
1,-1.588235294117647,0.0,0.0,0.0,0.0,0.0,1,1.0,0,0,1,0,1,0,0,0,0,1,0,0,0,0,0,0,0
0,0.6470588235294118,0.9587575426481764,0.0,0.0,0.0,1.7694238442963786,1,0.0,1,0,0,0,1,0,0,0,0,1,0,0,0,0,0,0,0
0,1.0588235294117647,1.6664156117821365,0.0,0.350379306422211,1.6849968870093202,0.0,0,1.0,1,0,1,0,1,0,0,0,0,1,0,0,0,0,0,0,1
1,0.0,0.0,0.0,0.0,0.0,0.0,0,0.5,0,0,0,0,1,0,0,0,0,1,0,0,0,1,0,0,0
0,-1.588235294117647,0.0,0.0,0.0,0.0,0.0,0,0.0,0,0,0,0,0,0,0,0,0,0,1,0,0,0,0,1,0
1,-0.7058823529411765,0.0,0.0,0.0,0.0,0.0,1,0.0,0,0,0,0,1,0,0,0,0,0,1,0,0,0,1,0,0
0,1.2941176470588236,1.6409684828734508,1.082084493017009,1.445577373457249,1.6275421910028092,0.0,1,0.0,1,0,1,0,1,0,0,0,1,0,0,0,1,0,0,0,0
0,-0.5294117647058824,0.0,0.0,0.0,1.4969380098006484,1.5211699508431822,1,0.0,1,0,0,1,0,0,0,0,0,1,0,0,0,0,0,0,1
1,0.1176470588235294,0.0,0.0,0.0,0.0,0.0,1,0.0,0,0,0,0,0,0,0,0,0,0,1,0,1,0,0,0,0
1,-0.1176470588235294,0.0,0.0,0.0,0.0,0.0,1,0.0,0,1,0,0,0,1,0,0,0,0,0,0,0,0,0,0,0
1,-0.2352941176470588,0.0,0.0,0.0,0.0,0.0,0,0.0,0,0,0,0,1,0,0,0,0,0,1,0,0,0,0,1,0
0,-0.6470588235294118,0.0,0.6020900746029018,0.0,0.5508231047523734,1.8093127139304976,0,0.0,1,0,0,0,1,0,0,0,0,0,1,0,0,0,0,1,0
1,-0.1176470588235294,0.0,0.0,0.0,0.0,0.0,0,0.5,0,0,0,0,1,0,0,0,0,0,1,0,0,0,0,1,0
0,-0.5294117647058824,0.8611985952751386,1.60532508755117,0.0,0.0,0.0,0,0.0,1,0,0,0,1,0,0,0,0,1,0,0,0,0,0,0,1
0,0.2941176470588235,0.0,1.493873782392976,1.2601661640796695,1.526465085938702,1.741219668850036,1,0.0,1,0,0,0,1,0,0,0,1,0,0,0,1,0,0,0,0
1,-0.3529411764705882,0.0,0.0,0.0,0.0,0.0,0,0.5,0,1,0,0,1,1,0,0,0,0,0,0,0,0,0,0,0
1,1.7058823529411764,0.0,0.0,0.0,0.0,0.0,0,0.5,0,0,1,0,0,0,0,1,0,0,0,0,0,0,0,0,0
1,1.0,0.0,0.0,0.0,0.0,0.0,0,0.5,0,0,0,0,1,0,0,0,0,0,1,0,0,0,0,0,0
0,0.2941176470588235,2.2516826977544877,1.6522175992098256,0.0,1.138960379193083,0.0,1,3.5,1,0,0,0,1,0,0,0,0,0,1,0,0,0,1,0,0
1,0.4117647058823529,0.0,0.0,0.0,0.0,0.0,1,2.0,0,1,0,0,1,1,0,0,0,0,0,0,0,0,0,0,0
1,-0.1176470588235294,0.0,0.0,0.0,0.0,0.0,0,1.0,0,1,0,0,1,1,0,0,0,0,0,0,0,0,0,0,0
0,-0.4117647058823529,1.5710638952011906,1.779460556744829,1.8436466846038515,1.417024764773667,1.5499206990467735,1,1.0,1,1,0,0,0,1,0,0,0,0,0,0,0,0,0,0,0
0,-1.2352941176470589,0.0,0.0,0.0,0.0,0.0,0,0.5,0,0,0,0,1,0,0,0,0,0,1,0,0,1,0,0,0
1,-0.5882352941176471,0.0,0.0,0.0,0.0,0.0,0,0.5,0,0,0,1,0,0,0,0,0,0,1,0,0,0,0,0,0
0,-0.5294117647058824,0.0,0.7003338123346776,0.5714440358797147,0.0,1.7690464335715796,1,0.0,1,0,0,0,1,0,0,0,0,1,0,0,0,0,0,0,1
1,-0.6470588235294118,0.0,0.0,0.0,0.0,0.0,0,0.0,0,0,0,1,0,0,0,0,0,0,1,0,0,1,0,0,0
0,1.6470588235294117,1.831305647167376,0.0,1.4092963671716263,0.0,1.3716578295267403,1,0.0,1,0,1,0,1,0,0,1,0,0,0,0,0,0,0,0,0
1,0.1764705882352941,0.0,0.0,0.0,0.0,0.0,0,0.5,0,0,0,0,1,0,0,0,1,0,0,0,1,0,0,0,0
0,0.9411764705882352,0.0,1.7175134408902824,0.0,1.3566477049503642,0.1866524112389433,0,0.0,1,0,0,0,0,0,0,0,0,1,0,0,0,0,0,1,0
1,-0.2941176470588235,0.0,0.0,0.0,0.0,0.0,0,0.0,0,0,0,1,0,0,0,0,0,0,1,0,0,0,0,0,0
0,-0.2352941176470588,1.667994061118142,0.0,1.6800726763587055,0.0,0.2958370724829093,0,0.0,1,0,0,0,1,0,0,0,0,0,1,0,0,0,0,1,0
0,-0.2941176470588235,1.7389945352208704,0.0,0.0,1.050306216600437,0.0,0,0.5,1,0,0,0,1,0,0,0,0,1,0,0,0,1,0,0,0
1,-0.6470588235294118,0.0,0.0,0.0,0.0,0.0,0,0.5,0,1,0,0,0,1,0,0,0,0,0,0,0,0,0,0,0
0,-0.3529411764705882,0.9009078313168304,1.542171919556327,0.0,0.0,1.472452949051796,0,0.0,1,0,0,0,1,0,0,0,1,0,0,0,0,0,0,0,0
0,-0.3529411764705882,1.6782855755525994,0.5323850333776358,1.4351197484179776,0.7748946642242507,0.0,1,0.0,1,0,0,0,1,0,0,0,0,1,0,0,0,0,1,0,0
0,-0.7647058823529411,1.6872211647867243,1.2075222555792515,0.5714440358797147,0.0,0.6200458888731157,1,0.0,1,0,0,0,0,0,0,0,0,0,1,0,0,0,0,1,0
0,0.1764705882352941,0.0,0.9920550629652848,0.9390669465144929,1.619828031631012,0.0,1,1.0,1,0,0,0,0,0,0,0,0,1,0,0,0,0,1,0,0
1,-0.7647058823529411,0.0,0.0,0.0,0.0,0.0,0,0.0,0,0,0,0,1,0,0,0,0,0,1,0,1,0,0,0,0
0,-0.2941176470588235,1.5197096557790062,1.449289907527237,0.0,0.0,0.3733048224778867,0,0.5,1,0,0,0,0,0,0,0,0,1,0,0,1,0,0,0,0
1,-0.2352941176470588,0.0,0.0,0.0,0.0,0.0,1,0.5,0,1,0,0,0,0,0,0,0,1,0,0,1,0,0,0,0
1,-0.5882352941176471,0.0,0.0,0.0,0.0,0.0,1,0.5,0,0,0,1,0,0,0,0,0,1,0,0,1,0,0,0,0
1,0.1176470588235294,0.0,0.0,0.0,0.0,0.0,1,0.0,0,1,0,0,1,0,0,1,0,0,0,0,0,0,0,0,0
0,0.5882352941176471,0.814550976584631,0.0,2.502878971233585,0.763232542969351,0.0,0,0.0,1,0,1,0,1,0,0,0,0,1,0,0,1,0,0,0,0
0,-0.4117647058823529,0.0,0.0,1.272202648724137,0.2754115523761867,1.7844591757525936,0,0.0,1,0,0,0,1,0,0,0,0,0,1,0,0,0,1,0,0
0,0.3529411764705882,1.2896489144000076,1.6075641689552589,0.0,0.0,0.0,0,0.0,1,0,0,0,1,0,0,0,0,0,1,0,1,0,0,0,0
0,-0.2941176470588235,0.0,0.0,2.0597512987058635,0.0,1.0587718676518676,0,0.0,1,0,0,0,1,0,0,0,1,0,0,0,1,0,0,0,0
0,-0.4117647058823529,0.1854490234153689,0.0,0.0,0.8765408737289972,1.8244875740217803,0,0.0,1,0,0,0,1,0,0,0,0,0,1,0,0,0,1,0,0
1,-0.5882352941176471,0.0,0.0,0.0,0.0,0.0,0,3.0,0,0,1,0,0,0,0,0,0,1,0,0,1,0,0,0,0
1,-0.1764705882352941,0.0,0.0,0.0,0.0,0.0,0,0.0,0,0,0,0,1,0,0,0,0,0,1,0,0,0,1,0,0
1,0.5294117647058824,0.0,0.0,0.0,0.0,0.0,1,0.0,0,0,0,1,0,0,0,0,0,0,1,0,0,0,1,0,0
0,0.2352941176470588,0.0,0.0,2.238371789497758,0.2754115523761867,0.0,1,0.0,1,0,1,0,1,0,0,0,0,1,0,0,0,0,0,0,0
0,-0.3529411764705882,1.6658873857735934,0.0,0.0,0.0,1.2681941044143816,1,0.0,1,0,0,1,0,0,0,0,0,1,0,0,0,0,0,0,1
0,1.2352941176470589,0.0,1.4144754937758486,2.179938509030804,2.3302716771548573,0.0,1,2.0,1,1,0,0,0,0,1,0,0,0,0,0,0,0,0,0,0
0,-0.9411764705882352,0.0,0.0,0.0,0.0,0.0,0,3.0,0,0,0,0,1,0,0,0,0,0,1,0,0,0,0,1,0
0,0.0,0.0,0.0,0.0,1.6372283146509328,0.8323636643738357,1,0.0,1,0,0,0,0,0,0,0,0,0,1,0,0,0,0,0,0
0,-0.5882352941176471,1.2647955280979406,0.9796267556696916,1.852385011738668,0.0,1.7257047058593613,0,0.0,1,0,0,0,1,0,0,0,0,1,0,0,1,0,0,0,0
0,0.1176470588235294,0.0,1.9377432564291752,0.0,0.8441487332812818,1.4115107828542957,0,0.0,1,1,0,0,1,0,0,0,1,0,0,0,1,0,0,0,0
0,-0.1764705882352941,0.0,0.0,2.0428130358176286,0.0,1.2176385689646794,0,0.0,1,0,0,1,0,0,0,0,0,1,0,0,0,0,0,0,1
0,-0.6470588235294118,1.7877740089073892,0.0,0.0,0.0,0.0,0,0.0,1,0,0,0,0,0,0,0,0,1,0,0,0,0,0,0,0
0,-0.1176470588235294,0.0,1.2909383779930808,0.0,0.0,1.6991506196421802,1,0.0,1,0,0,0,1,0,0,0,0,1,0,0,0,1,0,0,0
1,-0.2941176470588235,0.0,0.0,0.0,0.0,0.0,1,2.0,0,0,0,0,1,0,1,0,0,0,0,0,0,0,0,0,0
1,-1.4705882352941178,0.0,0.0,0.0,0.0,0.0,1,1.0,0,0,0,0,0,0,0,0,0,1,0,0,0,0,0,0,1
0,-1.5294117647058822,0.0,0.0,0.0,0.0,0.0,0,1.0,0,0,1,0,1,0,0,0,0,1,0,0,0,0,0,0,0
0,-0.1176470588235294,1.690134584353291,0.0,0.2210647294575037,1.3739435553928785,0.5916741449658187,1,0.5,1,0,0,0,0,0,0,0,0,1,0,0,1,0,0,0,0
1,1.2941176470588236,0.0,0.0,0.0,0.0,0.0,1,0.0,0,0,0,1,0,0,0,0,0,0,1,0,0,0,0,1,0
0,0.9411764705882352,0.0,0.0,1.502005705316457,1.5767713025391392,0.0,1,0.0,1,0,0,1,0,0,0,0,0,1,0,0,0,0,0,1,0
0,2.117647058823529,1.6767668597257543,0.2661925166888179,0.0,0.0,0.0,1,0.0,1,0,0,1,0,0,0,0,0,0,1,0,0,0,1,0,0
0,-0.5294117647058824,1.2425900021828151,0.0,1.6597085909580214,1.85140648266756,0.8443337464867926,1,0.5,1,0,0,1,0,0,0,0,0,1,0,0,0,0,0,1,0
1,-0.1764705882352941,0.0,0.0,0.0,0.0,0.0,1,2.5,0,1,0,0,0,0,1,0,0,0,0,0,1,0,0,0,0
1,-0.1764705882352941,0.0,0.0,0.0,0.0,0.0,1,0.0,0,0,0,0,1,0,0,0,0,0,1,0,0,1,0,0,0
0,-0.4117647058823529,0.0,0.4714918312586162,1.0265928122321035,0.0,1.753499114243317,1,0.0,1,0,0,0,1,0,0,0,0,1,0,0,0,0,0,1,0
0,-0.8235294117647058,2.4620712747416054,0.0,1.657951402001021,1.2221651594220275,1.7097120716481695,0,0.0,1,0,1,0,0,0,0,0,1,0,0,0,1,0,0,0,0
0,-0.5882352941176471,0.0,0.1679487789570419,2.003000294835214,1.4514874221881549,0.0,0,0.0,1,0,0,0,1,0,0,0,1,0,0,0,0,0,0,0,0
0,0.0588235294117647,2.114281957534893,0.0,0.5132964061160518,0.17376534287144,0.0,1,0.0,1,0,1,0,1,0,0,1,0,0,0,0,0,0,0,0,0
0,0.0,0.0,1.752132673588386,0.0,1.2544412932048137,2.070243158958242,1,0.0,1,1,0,0,1,0,0,1,0,0,0,0,0,0,0,0,0
0,-0.2941176470588235,0.0,0.8241062840082429,1.6303610966291304,1.5051168410356786,0.0,0,3.5,1,0,0,1,0,0,0,0,0,1,0,0,0,0,0,0,1
0,0.2352941176470588,1.4572549015629368,0.0,0.0,1.412587650738416,0.6200458888731157,0,1.5,1,0,1,0,1,0,0,0,0,1,0,0,0,0,0,0,0
1,0.4705882352941176,0.0,0.0,0.0,0.0,0.0,1,0.0,0,1,0,1,0,0,1,0,0,0,0,0,1,0,0,0,0
0,2.3529411764705883,0.0,1.6078823553050223,0.0,0.17376534287144,0.0,0,0.0,1,0,0,0,1,0,0,0,0,1,0,0,0,0,0,0,0
0,-1.2352941176470589,0.0,0.0,0.0,0.0,0.0,1,1.0,0,0,0,0,1,0,0,0,1,0,0,0,1,0,0,0,0
1,-0.4705882352941176,0.0,0.0,0.0,0.0,0.0,0,2.5,0,1,0,0,0,0,0,0,0,0,0,0,0,0,0,0,0
1,-0.4117647058823529,0.0,0.0,0.0,0.0,0.0,1,0.0,0,0,0,1,0,0,0,0,0,0,1,0,0,0,0,0,0
0,1.4705882352941178,0.0,0.0,1.7771214514986924,1.820671257692687,1.7097120716481695,1,0.0,1,0,1,0,0,0,0,0,0,1,0,0,0,0,0,0,1
0,0.1176470588235294,0.5206212286759118,0.4341412956458598,0.0,2.190556324160739,1.6359844166106046,0,0.5,1,1,0,0,1,0,1,0,0,0,0,0,0,0,0,0,0
0,0.2941176470588235,1.595534103508429,0.0,0.0,1.5258959814980624,0.0,0,0.0,1,0,0,1,0,0,0,0,0,1,0,0,0,0,0,1,0
1,1.4705882352941178,0.0,0.0,0.0,0.0,0.0,0,1.0,0,1,0,0,1,1,0,0,0,0,0,0,1,0,0,0,0
0,0.4705882352941176,0.4305992976375693,2.0008808589777605,1.8446295173967653,1.7052950535571172,1.5967346363234147,0,3.0,1,1,0,0,0,1,0,0,0,0,0,0,0,0,0,0,0
0,-0.5294117647058824,1.7654072463593156,0.0,2.0842778908067774,0.17376534287144,0.0,0,0.0,1,0,1,0,1,0,0,0,0,1,0,0,0,1,0,0,0
1,-0.3529411764705882,0.0,0.0,0.0,0.0,0.0,1,1.5,0,1,0,0,1,0,1,0,0,0,0,0,0,0,0,0,0
0,0.1764705882352941,1.8629763186689252,0.0,0.0,0.0,0.0,1,0.5,1,0,1,0,1,0,0,1,0,0,0,0,0,0,0,0,0
0,0.6470588235294118,1.361168015050246,0.3358975579140839,0.0,1.6138825261237275,0.0,1,0.5,1,0,0,0,1,0,0,0,1,0,0,0,1,0,0,0,0
1,0.0,0.0,0.0,0.0,0.0,0.0,0,0.0,0,0,0,1,0,0,0,0,0,0,1,0,1,0,0,0,0
0,0.7058823529411765,0.0,0.0,0.0,0.5212960286143199,1.7887055056567889,0,0.0,1,0,0,1,0,0,0,0,0,0,1,0,0,0,0,0,0
0,-0.2941176470588235,1.2451502742222005,1.5115390106133777,1.7672695797068685,1.5177898120410085,0.4333934776341722,0,0.5,1,0,0,0,1,0,0,0,0,1,0,0,0,0,0,1,0
1,-0.3529411764705882,0.0,0.0,0.0,0.0,0.0,1,0.0,0,0,0,0,1,0,0,0,0,0,1,0,0,1,0,0,0
1,-0.2941176470588235,0.0,0.0,0.0,0.0,0.0,1,0.0,0,0,0,0,1,0,0,0,0,0,1,0,0,1,0,0,0
0,0.5294117647058824,0.0,1.3670277108935167,0.0,0.0,1.7369988534701546,1,3.0,1,0,0,0,1,0,0,0,0,0,1,0,0,0,0,1,0
0,-0.1764705882352941,1.916273568514398,1.966236671044559,0.0,2.135028095356655,1.7753915679341,1,0.5,1,1,0,0,1,0,0,1,0,0,0,0,0,0,0,0,0
0,1.0,0.0,1.4207512110207268,0.0,0.34753068574288,2.1934540344096605,0,0.5,1,1,0,0,1,1,0,0,0,0,0,0,0,0,0,0,0
1,0.4705882352941176,0.0,0.0,0.0,0.0,0.0,1,1.0,0,0,1,0,1,0,0,0,0,1,0,0,0,0,0,1,0
1,-0.1764705882352941,0.0,0.0,0.0,0.0,0.0,1,0.0,0,0,1,0,1,0,0,0,0,1,0,0,0,1,0,0,0
0,-0.1764705882352941,1.691098716518871,0.0,2.0501091151844903,0.0,0.0,0,0.5,1,0,1,0,1,0,0,0,1,0,0,0,1,0,0,0,0
1,-0.7058823529411765,0.0,0.0,0.0,0.0,0.0,1,0.5,0,0,1,0,1,0,0,0,0,1,0,0,0,0,0,0,0
0,0.1176470588235294,0.0,0.8471998329243351,0.0,2.1097664464906867,0.0,1,0.0,1,0,0,0,1,0,0,0,1,0,0,0,1,0,0,0,0
0,-0.4117647058823529,1.7778700763171231,0.725862546276467,0.0,0.17376534287144,0.0,0,0.0,1,0,0,0,1,0,0,0,1,0,0,0,0,0,0,0,0
1,-0.1176470588235294,0.0,0.0,0.0,0.0,0.0,0,0.0,0,0,0,0,0,0,0,0,0,0,1,0,0,1,0,0,0
0,-0.3529411764705882,0.4305992976375693,0.0,1.5714440358797148,1.8558763345936096,1.648680219352234,1,0.5,1,1,0,0,1,1,0,0,0,0,0,0,0,0,0,0,0
0,0.4705882352941176,0.0,1.0362313702487616,2.0567377740277037,0.0,0.0,0,0.0,1,0,0,0,0,0,0,0,0,1,0,0,0,0,0,1,0
0,-0.2352941176470588,0.0,0.0,0.0,1.585904932009902,0.1866524112389433,0,0.0,1,0,0,0,1,0,0,0,0,1,0,0,0,0,1,0,0
0,0.5294117647058824,0.0,1.956100879328394,0.0,1.6419345542068655,1.1553456790609842,1,1.5,1,1,0,0,1,0,0,0,0,0,0,0,0,0,0,0,0
0,0.4117647058823529,0.0,0.5579137673194251,2.049593465938929,0.0,1.519266886328437,0,0.0,1,0,0,0,1,0,0,0,0,0,1,0,0,0,0,1,0
1,0.1176470588235294,0.0,0.0,0.0,0.0,0.0,1,2.5,0,0,0,0,0,0,0,0,1,0,0,0,0,0,0,0,0
1,0.5294117647058824,0.0,0.0,0.0,0.0,0.0,1,0.0,0,1,0,0,1,0,1,0,0,0,0,0,0,0,0,0,0
0,0.1176470588235294,1.2939297479087193,2.0709624331001297,0.7343611355735556,0.17376534287144,0.1866524112389433,1,0.0,1,1,0,0,1,1,0,0,0,0,0,0,0,0,0,0,0
0,0.7647058823529411,1.91209307117278,0.0,1.3811964054295005,0.0,0.4333934776341722,1,0.0,1,0,1,0,1,0,0,0,0,1,0,0,0,0,1,0,0
0,0.6470588235294118,0.0,0.0,0.0,1.6900796332987855,0.0,1,1.5,1,0,0,0,1,0,0,0,0,0,1,0,1,0,0,0,0
0,-0.8235294117647058,0.0,1.0076926737422516,1.2780547209668405,0.763232542969351,1.8368049279059795,0,0.5,1,0,0,0,1,0,0,0,0,1,0,0,0,0,1,0,0
0,-0.4117647058823529,0.0,0.8938113252335089,2.1440415232478154,0.7245884476238132,0.0,1,1.5,1,0,0,0,1,0,0,0,0,0,1,0,1,0,0,0,0
1,0.2352941176470588,0.0,0.0,0.0,0.0,0.0,0,1.0,0,1,0,0,0,1,0,0,0,0,0,0,0,0,0,0,0
0,-1.4705882352941178,0.0,0.0,0.0,0.0,0.0,0,2.5,0,1,0,0,1,0,0,0,0,0,0,0,0,0,0,0,0
0,1.1176470588235294,0.0,0.0,0.0,1.8383184612388808,2.162185813646305,1,0.0,1,1,0,0,0,0,0,0,0,0,0,0,0,0,0,0,0
1,0.0,0.0,0.0,0.0,0.0,0.0,1,1.0,0,0,0,0,1,0,0,0,0,0,1,0,0,1,0,0,0
1,-0.2941176470588235,0.0,0.0,0.0,0.0,0.0,1,0.5,0,1,0,0,1,1,0,0,0,0,0,0,0,0,0,0,0
0,0.0,0.0,2.1084473030682283,0.0,1.6822637120427253,0.9332620561947168,1,0.0,1,1,0,0,1,1,0,0,0,0,0,0,0,0,0,0,0
0,1.0,1.7421939322275983,0.0,0.0,0.0,0.819836637888477,1,0.0,1,0,0,0,0,0,0,0,0,1,0,0,1,0,0,0,0
0,0.7058823529411765,0.7733085192328075,1.408757260944277,2.0934038063875176,0.7245884476238132,1.590210649471902,0,0.0,1,0,0,0,1,0,0,0,0,1,0,0,0,0,0,0,1
1,-0.8235294117647058,0.0,0.0,0.0,0.0,0.0,0,0.0,0,0,1,0,0,0,0,0,0,1,0,0,0,0,1,0,0
0,-0.2352941176470588,1.9894823715765055,0.0,0.0,0.8688267143571999,1.5774389319128554,0,0.0,1,0,1,0,1,0,0,0,1,0,0,0,0,0,0,0,0
0,-0.2941176470588235,0.9801726798454278,1.4979121903851185,1.401517225688844,0.9704729238619468,1.2936388357198874,0,0.0,1,0,0,0,1,0,0,0,0,0,1,0,1,0,0,0,0
0,-0.0588235294117647,0.0,1.5203677505580868,0.350379306422211,0.5772359744023721,1.6160760502723297,0,0.0,1,0,0,0,1,0,0,0,0,1,0,0,0,0,0,0,0
0,0.5882352941176471,0.0,0.1679487789570419,0.0,1.3521306386266227,0.0,0,0.0,1,0,0,0,1,0,0,0,0,1,0,0,1,0,0,0,0
0,0.0,0.0,0.0,0.0,1.7077895059632977,0.0,1,0.0,1,0,0,0,1,0,0,0,0,0,1,0,0,0,1,0,0
0,-1.3529411764705883,0.0,0.0,0.0,0.0,0.0,0,0.5,0,0,0,0,1,0,0,0,0,0,1,0,0,0,0,1,0
0,-0.1176470588235294,0.0,1.7602359167789725,0.0,1.830665738063553,0.0,0,0.0,1,0,0,1,0,0,0,0,0,1,0,0,0,0,0,1,0
0,-0.4117647058823529,0.0,0.0,2.0175924551276694,0.0,1.4655478910233692,0,0.0,1,0,0,0,1,0,0,0,1,0,0,0,0,0,0,0,0
0,-0.5294117647058824,1.1854490234153687,1.238628867254753,0.2210647294575037,0.0,2.047193698980168,0,0.0,1,0,0,0,1,0,0,0,0,1,0,0,0,0,0,0,1
0,0.0,1.4228437868959416,1.5244400963429208,0.0,0.0,0.0,0,0.0,1,0,0,0,1,0,0,0,0,1,0,0,1,0,0,0,0
1,1.7647058823529411,0.0,0.0,0.0,0.0,0.0,1,2.0,0,1,0,0,1,0,1,0,0,0,0,0,0,0,0,0,0
0,0.5882352941176471,1.3387877519906817,0.0,2.0824209482164027,1.8243361321285307,1.2087112594305136,1,0.0,1,0,1,0,1,0,0,0,0,1,0,0,0,0,0,0,1
0,-0.4705882352941176,1.884838906753065,0.0,0.4421294589150075,0.0,0.0,1,1.0,1,0,1,0,1,0,0,0,0,1,0,0,0,0,0,0,1
1,-0.1176470588235294,0.0,0.0,0.0,0.0,0.0,0,0.0,0,0,0,0,0,0,0,0,0,0,1,0,0,0,0,1,0
1,0.6470588235294118,0.0,0.0,0.0,0.0,0.0,0,0.0,0,0,0,1,0,0,0,0,0,0,1,0,1,0,0,0,0
0,-0.3529411764705882,0.0,0.1679487789570419,2.535195714744746,0.0,0.0,0,0.5,1,0,1,0,1,0,0,0,0,1,0,0,0,0,1,0,0
0,0.2352941176470588,0.6648277947394572,0.0,0.0,1.894323938434557,1.8908954227738928,0,3.5,1,0,0,1,0,0,0,0,0,1,0,0,0,0,1,0,0
0,0.1176470588235294,0.0,1.5438343540059558,2.7449743072787904,0.5212960286143199,1.7490613994469686,0,0.5,1,1,0,0,1,0,1,0,0,0,0,0,0,0,0,0,0
0,0.8235294117647058,0.0,1.6548513085158008,0.0,0.0,0.0,1,0.0,1,0,0,0,1,0,0,0,0,1,0,0,0,0,0,0,1
0,0.2352941176470588,1.949210950289625,1.4646979599066208,1.3853654711866443,0.0,0.0,0,0.0,1,0,0,0,1,0,0,1,0,0,0,0,0,0,0,0,0
0,0.0,0.0,1.4824080408456348,1.5714440358797148,1.8035762407465448,1.9967769512533136,1,3.0,1,0,0,0,1,1,0,0,0,0,0,0,0,0,0,0,0
1,-1.2352941176470589,0.0,0.0,0.0,0.0,0.0,1,0.5,0,0,0,0,1,0,0,0,0,0,1,0,0,0,0,1,0
0,-0.1764705882352941,1.3561670024083805,0.0,2.351982975364412,0.17376534287144,0.0,1,1.0,1,0,1,0,1,0,0,0,0,1,0,0,0,0,1,0,0
1,-0.0588235294117647,0.0,0.0,0.0,0.0,0.0,1,0.5,0,0,1,0,1,0,0,0,0,1,0,0,0,0,0,1,0
0,0.5294117647058824,1.5733153507295552,0.0,1.513296406116052,0.0,0.0,0,0.0,1,0,0,0,1,0,0,0,0,1,0,0,0,1,0,0,0
1,0.8823529411764706,0.0,0.0,0.0,0.0,0.0,0,0.0,0,0,0,0,0,0,0,0,0,0,1,0,0,0,1,0,0
0,0.7647058823529411,0.0,1.6487504125670187,0.0,0.0,1.2117200338389342,1,0.0,1,0,0,0,1,0,0,0,1,0,0,0,0,0,0,0,0
1,-0.4705882352941176,0.0,0.0,0.0,0.0,0.0,0,0.0,0,0,0,0,1,0,0,0,0,0,1,0,0,0,1,0,0
0,-0.6470588235294118,0.4305992976375693,0.0,2.465796935605123,0.2754115523761867,0.0,0,3.5,1,0,0,1,0,0,0,0,0,1,0,0,0,1,0,0,0
0,0.2941176470588235,0.0,1.859776127075152,0.0,2.300168327491837,1.819523700598099,1,0.5,1,1,0,0,0,0,1,0,0,0,0,0,1,0,0,0,0
0,0.1176470588235294,0.0,1.739538212159669,0.0,0.0,0.0,0,2.0,1,0,0,0,1,0,0,0,0,1,0,0,1,0,0,0,0
0,0.6470588235294118,0.0,0.0,0.0,1.866933603310425,0.0,0,2.5,1,0,0,0,1,0,0,0,0,0,1,0,0,0,0,1,0
0,0.7647058823529411,0.0,0.0,0.0,0.0,0.0,0,0.5,0,1,0,0,1,1,0,0,0,0,0,0,0,0,0,0,0
0,-0.7647058823529411,0.0,0.1679487789570419,2.319821315852574,0.0,1.414345361744353,0,0.0,1,0,0,0,1,0,0,0,1,0,0,0,0,0,0,0,0
0,0.4117647058823529,1.6160483210529382,0.0,0.884258917830015,0.0,0.0,0,0.0,1,0,1,0,1,0,0,0,0,1,0,0,0,0,0,1,0
0,1.0588235294117647,1.4162045780695818,1.4829411518869362,0.2210647294575037,0.0,0.4333934776341722,0,0.0,1,0,0,0,1,0,0,0,1,0,0,0,1,0,0,0,0
0,0.3529411764705882,0.2939297479087193,0.0,0.0,0.0,1.7720510115547814,1,0.0,1,0,0,0,0,0,0,0,1,0,0,0,1,0,0,0,0
1,1.1764705882352942,0.0,0.0,0.0,0.0,0.0,0,0.0,0,0,0,1,0,0,0,0,0,0,1,0,1,0,0,0,0
0,-0.2941176470588235,1.7223971905502773,0.0,0.0,0.0,1.4072021708066398,0,0.0,1,0,0,0,1,0,0,0,0,0,1,0,1,0,0,0,0
1,-0.5294117647058824,0.0,0.0,0.0,0.0,0.0,1,1.5,0,0,0,0,1,0,0,0,0,0,1,0,0,1,0,0,0
0,0.3529411764705882,0.9434650155718534,1.4505105593306316,1.8727885893214171,0.0,0.0,1,0.5,1,0,1,1,0,0,0,1,0,0,0,0,0,0,0,0,0
0,0.4117647058823529,0.0,1.976521644350975,0.0,2.0999208730424788,0.9865330685183,1,0.5,1,1,0,0,1,0,1,0,0,0,0,0,0,0,0,0,0
0,1.2352941176470589,1.3182689184337772,0.0,2.161587975255339,0.0,0.0,1,1.0,1,0,1,0,1,0,0,0,1,0,0,0,0,0,0,0,0
1,0.7647058823529411,0.0,0.0,0.0,0.0,0.0,0,0.5,0,1,0,0,0,0,1,0,0,0,0,0,0,0,0,0,0
1,0.1764705882352941,0.0,0.0,0.0,0.0,0.0,1,0.0,0,0,0,0,1,0,0,0,0,0,1,0,1,0,0,0,0
0,1.7058823529411764,2.261904944804945,0.0,2.515339674009869,0.9905388621407616,0.0,0,0.0,1,0,1,0,1,0,0,0,0,1,0,0,1,0,0,0,0
0,-0.5882352941176471,0.0,1.7446548188583608,1.051137919266633,1.3791126127172606,0.7466096449557734,0,0.5,1,1,0,0,1,0,1,0,0,0,0,0,0,0,0,0,0
1,-0.4705882352941176,0.0,0.0,0.0,0.0,0.0,0,0.0,0,0,1,0,0,0,0,0,0,1,0,0,1,0,0,0,0
1,0.0588235294117647,0.0,0.0,0.0,0.0,0.0,1,2.0,0,1,0,0,1,0,1,0,0,0,0,0,0,0,0,0,0
0,-1.411764705882353,0.0,0.0,0.0,0.0,0.0,1,3.0,0,0,0,0,1,0,0,0,0,0,1,0,0,0,0,0,0
0,-0.5294117647058824,0.0,0.1679487789570419,0.0,1.611464272017118,0.8323636643738357,1,0.0,1,0,0,0,1,0,0,0,1,0,0,0,1,0,0,0,0
0,0.1176470588235294,0.0,0.0,0.9709864627580668,0.0,1.6154086831201775,0,0.0,1,0,0,1,0,0,0,0,0,0,1,0,0,1,0,0,0
0,0.0,1.7484801864363697,1.3883967054082174,2.123841876617933,0.0,0.806698300112059,0,0.0,1,0,0,0,0,0,0,0,0,0,1,0,1,0,0,0,0
1,0.6470588235294118,0.0,0.0,0.0,0.0,0.0,0,0.0,0,0,0,0,1,0,0,0,0,0,1,0,1,0,0,0,0
0,0.0588235294117647,0.0,0.0,0.0,0.0,0.0,0,0.0,0,0,0,0,1,0,0,0,0,0,1,0,0,0,0,1,0
1,1.0,0.0,0.0,0.0,0.0,0.0,1,0.5,0,1,0,0,0,1,0,0,0,0,0,0,1,0,0,0,0
1,-1.2941176470588236,0.0,0.0,0.0,0.0,0.0,1,3.0,0,0,0,0,0,0,0,0,0,0,1,0,0,0,1,0,0
1,-0.0588235294117647,0.0,0.0,0.0,0.0,0.0,1,0.5,0,1,0,0,1,1,0,0,0,0,0,0,0,0,0,0,0
0,1.8235294117647056,0.2939297479087193,2.001194677012206,0.0,1.8304967522813276,1.159009443170416,0,1.0,1,1,0,0,0,1,0,0,0,0,0,0,0,0,0,0,0
0,0.0588235294117647,0.0,0.656157505051201,0.0,0.0,1.72966805225729,1,0.5,1,0,0,0,1,0,0,0,0,1,0,0,0,0,0,0,0
0,0.7058823529411765,2.0469023035135656,0.905633126904476,0.0,1.5706508573615467,0.806698300112059,0,0.0,1,1,0,0,1,0,0,1,0,0,0,0,0,0,0,0,0
1,-0.7647058823529411,0.0,0.0,0.0,0.0,0.0,0,0.5,0,0,0,0,1,0,0,0,0,0,1,0,0,1,0,0,0
0,2.9411764705882355,0.0,0.0,1.5572670801880069,2.078107956276223,1.263297923929233,0,0.0,1,0,0,0,1,0,0,0,0,0,1,0,0,1,0,0,0
0,-0.0588235294117647,2.0088021525367017,0.0,0.5132964061160518,1.17376534287144,1.9103533521084168,1,0.0,1,0,0,0,1,0,0,0,0,1,0,0,1,0,0,0,0
0,0.1764705882352941,0.0,0.3899649883623831,2.3539762880337256,1.6346571085374306,2.000160144225989,1,0.0,1,0,0,0,1,0,0,0,0,1,0,0,1,0,0,0,0
0,-0.4705882352941176,2.1506748433984733,0.0,0.7343611355735556,0.0,1.4449634795384505,1,0.0,1,0,1,0,1,0,0,1,0,0,0,0,0,0,0,0,0
0,-0.1764705882352941,0.0,0.0,0.0,1.6877005843795445,1.418542057200039,1,0.5,1,0,0,0,1,0,0,0,0,1,0,0,0,0,1,0,0
0,1.3529411764705883,0.0,1.7796171311415698,0.0,1.8769625565844184,0.1866524112389433,1,0.5,1,1,0,0,0,0,1,0,0,0,0,0,0,0,0,0,0
1,-0.1176470588235294,0.0,0.0,0.0,0.0,0.0,0,0.0,0,0,0,0,1,0,0,0,0,0,1,0,0,0,0,0,0
1,1.3529411764705883,0.0,0.0,0.0,0.0,0.0,0,1.0,0,0,0,0,1,0,0,0,0,0,1,0,0,0,1,0,0
1,-1.0,0.0,0.0,0.0,0.0,0.0,0,0.0,0,0,0,0,1,0,0,0,0,0,1,0,0,0,0,1,0
1,-1.4705882352941178,0.0,0.0,0.0,0.0,0.0,0,1.0,0,0,1,0,1,0,0,0,0,1,0,0,0,0,0,0,1
0,-0.3529411764705882,0.0,0.0,0.0,0.0,0.0,1,0.5,0,0,1,0,1,0,0,0,1,0,0,0,0,0,0,0,0
1,0.0588235294117647,0.0,0.0,0.0,0.0,0.0,1,0.5,0,1,0,0,0,0,1,0,0,0,0,0,0,0,0,0,0
0,-0.2941176470588235,0.6862429319367085,1.6030651216753469,2.133110206349012,1.0221994864626538,0.0,1,0.0,1,0,0,0,1,0,0,0,1,0,0,0,0,0,0,0,0
1,1.2941176470588236,0.0,0.0,0.0,0.0,0.0,1,0.0,0,0,0,1,0,0,0,0,0,0,1,0,0,0,1,0,0
1,0.0588235294117647,0.0,0.0,0.0,0.0,0.0,0,0.0,0,0,0,0,1,0,0,0,0,0,1,0,0,0,1,0,0
0,-0.7058823529411765,1.911037659995794,0.0,0.350379306422211,0.7967075809905066,0.0,0,0.5,1,0,1,0,1,0,0,0,0,1,0,0,0,0,0,0,0
1,1.8823529411764703,0.0,0.0,0.0,0.0,0.0,0,1.0,0,1,0,0,1,1,0,0,0,0,0,0,0,0,0,0,0
0,0.5882352941176471,1.9144004239687331,0.0,0.2210647294575037,1.1828823620789242,1.6193883000040463,0,0.0,1,0,1,0,1,0,0,1,0,0,0,0,0,0,0,0,0
0,-0.1764705882352941,1.8873925142085988,0.0,0.0,1.2240715594718772,0.0,1,1.5,1,0,1,0,1,0,0,0,0,1,0,0,0,0,1,0,0
0,-0.1764705882352941,0.0,0.0,2.102713027071779,0.0,1.166190735630381,0,0.0,1,0,0,0,1,0,0,0,0,1,0,0,0,0,0,0,1
0,-0.5294117647058824,1.772954387630583,0.0,1.1339035624519076,0.0,0.0,0,0.5,1,0,0,0,1,0,0,0,1,0,0,0,0,0,0,0,0
0,-0.5294117647058824,0.0,1.56024732183024,0.0,0.0,1.5827714330574352,0,0.0,1,0,0,0,1,0,0,0,1,0,0,0,1,0,0,0,0
1,0.3529411764705882,0.0,0.0,0.0,0.0,0.0,1,1.0,0,1,0,0,1,0,1,0,0,0,0,0,0,0,0,0,0
0,2.3529411764705883,0.0,2.0495373962883074,0.0,1.6036488440523706,0.5239995654055677,1,1.5,1,1,0,0,1,0,0,1,0,0,0,0,0,0,0,0,0
1,-0.2352941176470588,0.0,0.0,0.0,0.0,0.0,0,0.5,0,0,1,0,0,0,0,0,0,1,0,0,0,1,0,0,0
1,-1.1176470588235294,0.0,0.0,0.0,0.0,0.0,1,2.0,0,0,1,0,1,0,0,0,0,1,0,0,0,0,0,0,1
1,1.1176470588235294,0.0,0.0,0.0,0.0,0.0,1,0.5,0,1,0,0,0,0,0,0,0,0,0,0,0,0,0,0,0
0,-0.1176470588235294,0.1854490234153689,0.0,0.2210647294575037,0.6788821839071186,1.9678823110195465,0,0.0,1,0,0,0,1,0,0,0,0,1,0,0,0,0,0,0,1
1,0.0588235294117647,0.0,0.0,0.0,0.0,0.0,1,0.5,0,1,0,0,1,0,0,0,1,0,0,0,0,0,0,0,0
1,0.1176470588235294,0.0,0.0,0.0,0.0,0.0,1,0.0,0,0,1,0,1,0,0,0,0,1,0,0,0,0,0,1,0
1,-0.2352941176470588,0.0,0.0,0.0,0.0,0.0,0,0.5,0,0,0,0,1,0,0,0,0,0,1,0,0,0,0,0,0
0,0.1764705882352941,1.4572549015629368,0.0,0.0,1.4080705844146746,0.887511217448728,1,0.0,1,0,0,1,0,0,0,0,0,0,1,0,1,0,0,0,0
0,-1.0588235294117647,0.0,0.0,0.0,0.0,0.0,1,3.0,0,0,0,0,1,0,0,0,0,0,1,0,0,1,0,0,0
0,2.3529411764705883,0.1854490234153689,0.0,0.5714440358797147,1.7374084942557957,1.3528431468693245,0,0.0,1,0,1,0,0,0,0,1,0,0,0,0,0,0,0,0,0
0,0.4117647058823529,1.8969244368453333,0.8544331721773178,1.8655192378384,0.0,0.0,1,0.5,1,0,1,0,1,0,0,0,0,1,0,0,0,0,0,1,0
1,1.2941176470588236,0.0,0.0,0.0,0.0,0.0,0,0.0,0,0,0,0,1,0,0,0,0,0,1,0,0,0,0,0,0
0,-0.0588235294117647,2.0292786287236706,0.0,1.518795318009084,0.0,0.0,0,1.0,1,0,1,0,1,0,0,0,0,1,0,0,0,0,0,1,0
0,0.4705882352941176,0.0,1.3349185712468103,1.0391014346221656,0.9428967556120202,2.2146955614409585,0,0.5,1,1,0,0,1,1,0,0,0,0,0,0,0,0,0,0,0
0,0.5294117647058824,1.1854490234153687,1.715278383049871,0.0,1.9248826936573624,1.7779614273243254,0,2.0,1,1,0,0,1,0,0,1,0,0,0,0,0,0,0,0,0
1,-0.0588235294117647,0.0,0.0,0.0,0.0,0.0,1,3.0,0,1,0,0,0,1,0,0,0,0,0,0,0,0,0,0,0
1,-0.1764705882352941,0.0,0.0,0.0,0.0,0.0,1,0.0,0,0,1,0,1,0,0,0,0,1,0,0,1,0,0,0,0
0,-0.8235294117647058,0.9512205263134812,0.1679487789570419,0.0,1.6834821367908612,0.915882961356025,1,0.5,1,0,0,0,1,0,0,0,0,1,0,0,1,0,0,0,0
0,0.8823529411764706,1.8358260737962624,0.0,0.2210647294575037,0.0,0.0,1,0.5,1,0,1,0,1,0,0,0,1,0,0,0,0,0,0,0,0
0,0.6470588235294118,0.0,0.5323850333776358,2.105756680604424,1.2406065886978297,0.0,1,0.5,1,0,0,0,1,0,0,0,0,0,1,0,0,0,0,0,0
1,0.1176470588235294,0.0,0.0,0.0,0.0,0.0,0,1.5,0,1,0,0,1,1,0,0,0,0,0,0,0,0,0,0,0
0,-0.2352941176470588,0.986946367883676,1.351046169795461,0.0,0.0,0.0,1,0.0,1,0,0,0,1,0,0,0,1,0,0,0,0,0,0,0,0
1,-0.4117647058823529,0.0,0.0,0.0,0.0,0.0,1,0.0,0,0,0,0,0,0,0,0,0,0,1,0,0,0,1,0,0
0,-0.1764705882352941,1.6572907784047617,0.0,0.0,0.0,0.0,1,0.0,1,0,0,0,0,0,0,0,0,0,1,0,1,0,0,0,0
0,-0.1176470588235294,1.9402608289342405,1.167948778957042,1.051137919266633,0.5772359744023721,1.804389679044124,0,0.5,1,0,1,0,0,0,0,1,0,0,0,0,0,0,0,0,0
0,-0.2941176470588235,0.0,0.0,0.0,1.6110589519636829,0.0,1,0.0,1,0,0,1,0,0,0,0,0,0,1,0,0,0,0,1,0
1,-0.2941176470588235,0.0,0.0,0.0,0.0,0.0,0,0.5,0,0,0,0,1,0,0,0,0,0,1,0,1,0,0,0,0
0,-0.4117647058823529,0.0,0.0,0.0,0.0,0.0,1,1.5,0,0,0,0,1,0,0,0,0,0,1,0,1,0,0,0,0
1,-0.7647058823529411,0.0,0.0,0.0,0.0,0.0,0,0.0,0,0,0,1,0,0,0,0,0,0,1,0,0,0,0,1,0
0,-0.2352941176470588,0.0,0.5038463368711258,0.0,1.3166945183875656,1.674560236880111,1,0.0,1,0,0,0,1,0,0,0,0,1,0,0,0,0,1,0,0
1,1.5294117647058822,0.0,0.0,0.0,0.0,0.0,0,0.0,0,1,0,0,1,0,0,1,0,0,0,0,0,0,0,0,0
1,-0.1764705882352941,0.0,0.0,0.0,0.0,0.0,0,0.0,0,0,0,1,0,0,0,0,0,0,1,0,1,0,0,0,0
1,1.7058823529411764,0.0,0.0,0.0,0.0,0.0,1,0.0,0,0,1,0,1,0,0,0,0,1,0,0,0,0,0,0,1
0,0.3529411764705882,1.6309158339232526,1.3961385419528138,0.0,1.2544412932048137,1.9225856419964864,1,1.0,1,1,0,0,1,0,1,0,0,0,0,0,0,0,0,0,0
0,-0.2352941176470588,0.0,1.5487542970624075,1.294992983855075,1.3940094936716936,2.274971804558898,0,0.5,1,1,0,0,1,0,1,0,0,0,0,0,0,0,0,0,0
0,-0.5882352941176471,0.5878594958174387,1.651421871497859,0.0,0.0,0.0,0,0.0,1,0,0,1,0,0,0,0,0,1,0,0,1,0,0,0,0
0,1.7058823529411764,1.7449623600401605,1.7027103695735362,0.0,0.8840247249555756,2.1759499534893254,1,0.0,1,1,0,0,1,1,0,0,0,0,0,0,0,0,0,0,0
1,0.1176470588235294,0.0,0.0,0.0,0.0,0.0,0,0.5,0,0,1,0,0,0,0,1,0,0,0,0,0,0,0,0,0
0,-0.4705882352941176,2.170236780326571,1.6424919242388842,2.178908042903636,1.670063019250024,0.0,1,0.0,1,0,1,0,1,0,0,0,0,1,0,0,0,0,0,1,0
0,-0.3529411764705882,0.0,0.8544331721773178,0.0,2.034707829875856,1.083956799122398,1,0.0,1,1,0,0,0,1,0,0,0,0,0,0,0,0,0,0,0
0,0.4117647058823529,1.2874825350621948,0.0,0.6206071563358557,1.6562237675251037,0.0,1,0.0,1,0,0,1,0,0,0,0,0,1,0,0,1,0,0,0,0
0,-1.3529411764705883,0.0,0.0,0.0,0.0,0.0,0,1.5,0,0,1,0,1,0,0,0,0,1,0,0,0,0,0,0,0
1,-1.1764705882352942,0.0,0.0,0.0,0.0,0.0,1,2.0,0,0,0,0,0,0,0,0,0,0,1,0,0,0,0,1,0
0,0.6470588235294118,0.0,0.1679487789570419,1.221064729457504,0.0,1.812545435924628,1,0.0,1,0,0,0,1,0,0,0,0,0,1,0,0,0,0,0,0
0,-1.1764705882352942,0.0,0.0,0.0,0.0,0.0,1,2.0,0,0,0,0,1,0,0,0,0,0,1,0,0,0,0,0,0
1,-0.8235294117647058,0.0,0.0,0.0,0.0,0.0,1,0.0,0,0,0,0,1,0,0,0,0,0,1,0,0,1,0,0,0
0,-0.6470588235294118,0.0,0.0,2.1126064255350463,0.0,1.471314332099285,0,0.0,1,0,0,0,1,0,0,0,1,0,0,0,0,0,0,0,0
0,-0.6470588235294118,0.0,1.7003338123346776,0.0,1.8610173311304945,1.316885478558062,1,1.0,1,0,0,0,1,0,0,0,0,1,0,0,1,0,0,0,0
1,-0.1764705882352941,0.0,0.0,0.0,0.0,0.0,0,0.0,0,0,0,0,1,0,0,0,0,0,1,0,1,0,0,0,0
0,0.6470588235294118,0.0,1.2486367328311447,0.0,2.177011124206145,0.95739304303974,0,0.0,1,1,0,0,0,0,0,0,1,0,0,0,0,0,0,0,0
0,-1.588235294117647,0.0,0.0,0.0,0.0,0.0,1,2.0,0,0,0,0,1,0,0,0,0,0,1,0,0,1,0,0,0
0,-0.4117647058823529,0.0,0.0,0.0,0.0,0.0,0,0.0,0,0,0,0,1,0,0,0,0,0,1,0,0,0,0,1,0
0,0.9411764705882352,0.1854490234153689,0.5323850333776358,0.0,0.0,1.770177082572307,0,0.0,1,0,0,0,1,0,0,0,0,1,0,0,0,0,1,0,0
0,-0.2941176470588235,1.2347588171693158,0.0,2.21894760179464,0.0,0.8557943061997394,0,0.0,1,0,1,0,1,0,0,0,1,0,0,0,1,0,0,0,0
0,0.1176470588235294,1.5474415272118471,0.0,2.0106714821522216,0.0,0.0,1,0.0,1,0,0,0,1,0,0,0,0,1,0,0,0,0,0,0,1
0,1.8823529411764703,0.0,2.353315205900749,0.0,1.4491768952476265,0.0,0,0.0,1,1,0,0,1,0,1,0,0,0,0,0,0,0,0,0,0
1,0.0588235294117647,0.0,0.0,0.0,0.0,0.0,1,0.0,0,0,1,0,1,0,0,0,0,1,0,0,0,0,1,0,0
0,0.5294117647058824,0.0,0.0,2.1564615665541518,0.17376534287144,0.1866524112389433,0,0.0,1,0,0,0,1,0,0,0,0,1,0,0,0,0,0,0,0
0,0.7647058823529411,1.182244836777756,1.7537054810112187,0.0,1.4670909714003486,2.353102280016569,1,0.0,1,1,0,0,0,0,1,0,0,0,0,0,0,0,0,0,0
1,-0.5294117647058824,0.0,0.0,0.0,0.0,0.0,1,0.0,0,0,0,0,1,0,0,0,0,0,1,0,0,0,0,0,0
1,0.7058823529411765,0.0,0.0,0.0,0.0,0.0,0,0.0,0,0,0,0,1,0,0,0,0,0,1,0,1,0,0,0,0
1,-0.5882352941176471,0.0,0.0,0.0,0.0,0.0,0,0.5,0,0,1,0,0,0,0,0,0,1,0,0,0,0,1,0,0
0,0.5882352941176471,0.0,1.7498426635820692,0.0,0.0,1.8494253741695736,0,0.0,1,0,0,0,1,0,0,0,0,0,1,0,1,0,0,0,0
0,0.9411764705882352,0.0,1.589043920298858,0.0,0.2754115523761867,0.0,1,0.5,1,0,0,0,1,0,0,0,0,0,1,0,0,0,0,1,0
0,-0.1764705882352941,1.2852984707994712,0.7376843479474341,0.0,1.0614498466706352,1.677229064553691,1,0.0,1,0,0,0,1,0,0,0,0,1,0,0,1,0,0,0,0
0,1.2941176470588236,2.0603072451461317,0.91133453984985,1.499119450424344,0.7967075809905066,0.0,1,0.0,1,0,1,0,1,0,0,1,0,0,0,0,0,0,0,0,0
1,-0.6470588235294118,0.0,0.0,0.0,0.0,0.0,1,0.0,0,0,0,1,0,0,0,0,0,0,1,0,0,1,0,0,0
1,-0.6470588235294118,0.0,0.0,0.0,0.0,0.0,1,1.5,0,1,0,0,1,1,0,0,0,0,0,0,0,0,0,0,0
1,0.0588235294117647,0.0,0.0,0.0,0.0,0.0,1,0.0,0,0,1,0,1,0,0,0,0,1,0,0,0,0,0,0,0
1,-0.1176470588235294,0.0,0.0,0.0,0.0,0.0,1,3.0,0,1,0,0,0,0,1,0,0,0,0,0,0,0,0,0,0
0,-0.5882352941176471,1.8341398514934744,0.9379876325169856,1.8115717069928787,0.0,0.0,0,1.0,1,0,1,0,1,0,0,0,0,1,0,0,0,0,0,0,0
1,1.588235294117647,0.0,0.0,0.0,0.0,0.0,1,0.5,0,0,1,0,1,0,0,0,0,1,0,0,0,1,0,0,0
0,-0.4117647058823529,0.0,0.0,2.1505001034721305,0.0,0.0,1,0.0,1,0,0,0,0,0,0,0,0,0,1,0,0,1,0,0,0
0,0.0588235294117647,0.0,1.80752892207061,0.0,1.249342329659286,1.7378483258088766,0,0.5,1,1,0,0,1,1,0,0,0,0,0,0,0,0,0,0,0
0,-0.0588235294117647,0.0,2.182118404171146,0.0,2.0464073759869037,1.2400917777462317,0,2.0,1,1,0,0,1,0,1,0,0,0,0,0,0,0,0,0,0
0,-0.0588235294117647,0.0,2.058563827180002,0.0,1.0386440953455376,1.1994778117249834,1,0.5,1,1,0,0,1,0,0,0,0,0,0,0,0,0,0,0,0
0,1.1176470588235294,1.4750979378153766,0.0,1.92565206762243,1.5482306266491732,0.9723570319314724,0,3.0,1,0,1,0,1,0,0,1,0,0,0,0,0,0,0,0,0
0,-1.588235294117647,0.0,0.0,0.0,0.0,0.0,1,1.0,0,0,0,0,1,0,0,0,0,0,1,0,0,0,1,0,0
1,0.5882352941176471,0.0,0.0,0.0,0.0,0.0,1,2.5,0,1,0,0,0,0,1,0,0,0,0,0,0,0,0,0,0
0,0.0,0.0,2.27740122272882,0.0,1.0856732666094282,0.0,0,2.5,1,1,0,0,0,0,1,0,0,0,0,0,0,0,0,0,0
1,0.0,0.0,0.0,0.0,0.0,0.0,0,0.0,0,1,0,0,0,1,0,0,0,0,0,0,0,0,0,0,0
0,3.0588235294117645,2.311443146788448,1.323880275094535,0.6631941883725112,1.9693096252620188,2.069501673841562,1,3.0,1,1,0,0,1,1,0,0,0,0,0,0,0,0,0,0,0
0,0.5882352941176471,0.0,0.0,2.1455729979260374,0.0,0.5916741449658187,0,0.0,1,0,0,1,0,0,0,0,0,0,1,0,0,0,1,0,0
0,0.2941176470588235,1.4867092678597071,1.5062766367897042,0.4421294589150075,0.69506137148576,1.308662472968949,0,3.5,1,0,0,0,1,0,0,0,0,1,0,0,0,0,0,0,1
0,0.2352941176470588,1.8644907362204453,1.788529571814769,0.0,1.9824645454382488,1.9990371294577776,1,0.0,1,1,0,0,1,0,1,0,0,0,0,0,1,0,0,0,0
1,0.5294117647058824,0.0,0.0,0.0,0.0,0.0,1,0.0,0,0,0,0,1,0,0,0,0,0,1,0,0,1,0,0,0
1,1.9411764705882355,0.0,0.0,0.0,0.0,0.0,1,1.0,0,1,0,0,1,1,0,0,0,0,0,0,0,0,0,0,0
1,0.8823529411764706,0.0,0.0,0.0,0.0,0.0,1,0.0,0,0,1,0,1,0,0,0,0,1,0,0,0,0,0,0,1
0,-1.588235294117647,0.0,0.0,0.0,0.0,0.0,0,1.0,0,0,0,0,1,0,0,0,0,0,1,0,0,0,0,0,0
1,-0.4705882352941176,0.0,0.0,0.0,0.0,0.0,0,0.5,0,0,0,0,0,0,0,0,0,0,1,0,0,0,0,1,0
0,0.2352941176470588,0.0,1.892046291257144,0.0,0.9905388621407616,2.065260916779288,0,0.0,1,1,0,0,0,0,0,0,0,0,0,0,0,0,0,0,0
1,-0.1764705882352941,0.0,0.0,0.0,0.0,0.0,1,0.5,0,1,0,0,0,1,0,0,0,0,0,0,0,0,0,0,0
0,0.0,0.0,0.656157505051201,0.0,1.654524165093447,1.5632213040821326,1,0.0,1,0,0,0,0,0,0,0,0,1,0,0,0,1,0,0,0
0,0.1176470588235294,1.9315891390760649,0.0,2.1287111160677217,1.3416594478701012,0.0,0,0.0,1,0,1,0,1,0,0,0,0,1,0,0,1,0,0,0,0
0,0.3529411764705882,0.4305992976375693,0.0,1.0739282543975717,0.0,2.133326327334219,1,0.0,1,0,0,0,1,0,0,0,0,1,0,0,1,0,0,0,0
1,0.1764705882352941,0.0,0.0,0.0,0.0,0.0,0,0.0,0,0,0,0,1,0,0,0,0,0,1,0,0,0,0,0,0
0,-1.1176470588235294,0.0,0.0,0.0,0.0,0.0,0,0.5,0,0,0,0,0,0,0,0,0,0,1,0,1,0,0,0,0
0,0.2941176470588235,2.136487483450018,0.9960600941586246,2.087959651624009,0.0,0.0,1,0.5,1,0,1,0,1,0,0,0,0,1,0,0,0,0,0,1,0
0,-0.7058823529411765,0.0,1.6317839526563824,1.5373275259500454,0.0,0.819836637888477,0,0.0,1,0,0,0,1,0,0,0,1,0,0,0,0,0,0,0,0
0,0.2352941176470588,0.0,1.7213260897754628,0.0,1.704737343875619,1.6619310158933116,1,0.0,1,1,0,0,1,0,0,0,1,0,0,0,0,0,0,0,0
1,0.3529411764705882,0.0,0.0,0.0,0.0,0.0,1,0.0,0,1,0,0,1,0,0,1,0,0,0,0,0,0,0,0,0
0,-1.0588235294117647,0.0,0.0,0.0,0.0,0.0,1,0.5,0,0,0,0,1,0,0,0,0,0,1,0,0,1,0,0,0
1,-1.0,0.0,0.0,0.0,0.0,0.0,1,2.5,0,0,0,0,1,0,0,0,0,0,1,0,0,0,0,1,0
0,0.3529411764705882,0.6160483210529383,1.7493111119161815,0.0,2.162602173257008,1.96643455211254,0,0.0,1,1,0,0,0,1,0,0,0,0,0,0,0,0,0,0,0
0,-0.2352941176470588,0.0,0.5810073162355173,1.6186200534035704,0.0,1.3023261216103297,0,0.0,1,0,0,0,1,0,0,0,0,1,0,0,0,0,1,0,0
0,-1.588235294117647,0.0,0.0,0.0,0.0,0.0,1,1.5,0,0,1,0,1,0,0,0,0,1,0,0,0,0,1,0,0
1,0.5882352941176471,0.0,0.0,0.0,0.0,0.0,1,0.5,0,1,0,0,0,0,1,0,0,0,0,0,0,0,0,0,0
1,0.2941176470588235,0.0,0.0,0.0,0.0,0.0,0,0.0,0,0,0,1,0,0,0,0,0,0,1,0,0,0,1,0,0
1,-1.411764705882353,0.0,0.0,0.0,0.0,0.0,0,1.0,0,0,1,0,1,0,0,0,0,1,0,0,0,0,0,0,1
1,-0.8235294117647058,0.0,0.0,0.0,0.0,0.0,1,1.0,0,1,0,0,0,1,0,0,0,0,0,0,0,0,0,0,0
1,0.0588235294117647,0.0,0.0,0.0,0.0,0.0,0,0.0,0,0,0,0,1,0,0,0,0,0,1,0,1,0,0,0,0
1,0.1764705882352941,0.0,0.0,0.0,0.0,0.0,1,0.0,0,0,0,0,1,0,0,0,0,0,1,0,1,0,0,0,0
0,0.1176470588235294,0.3708980468307378,0.0,2.0729705089664003,1.6364963713618017,0.95739304303974,1,0.0,1,0,0,0,1,0,0,0,0,1,0,0,0,0,0,1,0
0,0.9411764705882352,0.0,2.1544032107959623,0.0,1.9853977023913787,2.092271499365133,0,0.0,1,1,0,0,1,0,1,0,0,0,0,0,0,0,0,0,0
1,-1.588235294117647,0.0,0.0,0.0,0.0,0.0,0,1.0,0,0,0,0,1,0,0,0,0,0,1,0,1,0,0,0,0
0,0.0,0.0,1.5927952796450615,0.0,1.2889656856189216,0.0,1,2.5,1,0,0,0,1,0,0,0,0,0,1,0,0,0,0,0,0
1,0.7058823529411765,0.0,0.0,0.0,0.0,0.0,0,0.0,0,0,0,1,0,0,0,0,0,0,1,0,0,1,0,0,0
0,0.4705882352941176,0.0,2.089123541138921,0.6206071563358557,0.5508231047523734,1.460844146831354,1,0.5,1,1,0,0,1,0,0,1,0,0,0,0,0,0,0,0,0
1,1.7058823529411764,0.0,0.0,0.0,0.0,0.0,1,0.0,0,1,0,0,1,1,0,0,0,0,0,0,1,0,0,0,0
1,0.1764705882352941,0.0,0.0,0.0,0.0,0.0,1,0.5,0,1,0,0,0,0,0,1,0,0,0,0,0,0,0,0,0
0,0.7058823529411765,0.0,0.725862546276467,2.104455812768629,0.0,1.764859624723062,0,0.5,1,0,0,1,0,0,0,0,0,1,0,0,0,0,0,0,0
0,-0.3529411764705882,1.6700842778934766,0.0,2.381561104141515,1.1077609126069483,0.0,0,0.0,1,0,1,0,0,0,0,1,0,0,0,0,0,0,0,0,0
1,-0.5882352941176471,0.0,0.0,0.0,0.0,0.0,1,0.5,0,0,0,0,0,0,0,0,0,0,1,0,0,1,0,0,0
0,0.3529411764705882,0.0,0.7985775500664537,0.2210647294575037,0.8840247249555756,2.1003371358319463,1,0.5,1,1,0,0,0,0,0,1,0,0,0,0,0,0,0,0,0
0,-0.0588235294117647,0.0,1.6157041729923094,0.0,0.6229422381190667,1.1931414603663637,0,0.0,1,0,0,0,1,0,0,0,0,1,0,0,0,0,1,0,0
0,-0.5294117647058824,0.0,0.0,2.376231714400935,0.17376534287144,0.0,0,2.0,1,0,0,1,0,0,0,0,0,0,1,0,0,0,1,0,0
0,-0.5882352941176471,0.0,1.5362618980138878,0.9390669465144929,1.4452780546340924,0.0,0,0.5,1,0,0,0,1,0,0,0,0,1,0,0,0,0,0,1,0
0,0.0588235294117647,0.0,0.5038463368711258,0.6206071563358557,0.0,1.6641703843752695,1,0.0,1,0,0,0,1,0,0,0,0,0,1,0,0,0,0,1,0
0,1.2941176470588236,0.9272451170768444,1.916904874149601,0.0,1.308693081782223,1.3228920288857884,1,2.5,1,1,0,0,1,0,0,1,0,0,0,0,0,0,0,0,0
1,-0.2941176470588235,0.0,0.0,0.0,0.0,0.0,0,2.0,0,1,0,0,1,1,0,0,0,0,0,0,0,0,0,0,0
0,1.1764705882352942,0.0,1.3876087409071918,1.4168902732846578,1.557942580335676,0.0,1,0.0,1,0,0,0,1,0,0,0,0,0,1,0,0,0,0,0,0
0,0.1764705882352941,1.6567442074558991,0.0,1.751896532111055,0.0,1.1800031225899457,0,0.0,1,0,0,0,1,0,0,0,0,0,1,0,0,1,0,0,0
1,0.0,0.0,0.0,0.0,0.0,0.0,1,0.0,0,0,1,0,1,0,0,0,0,1,0,0,0,0,0,0,0
0,0.5294117647058824,0.0,1.9075793130345835,2.364337748745748,1.989823625140788,0.1866524112389433,0,0.0,1,1,0,0,1,0,1,0,0,0,0,0,0,0,0,0,0
1,-0.3529411764705882,0.0,0.0,0.0,0.0,0.0,0,0.5,0,1,0,0,0,0,0,1,0,0,0,0,0,0,0,0,0
1,0.7647058823529411,0.0,0.0,0.0,0.0,0.0,1,0.0,0,0,0,0,1,0,0,0,0,1,0,0,1,0,0,0,0
0,0.6470588235294118,1.6578362350389906,1.574526425168837,1.876362060755662,1.6927293509628083,0.0,0,3.0,1,0,1,0,1,0,0,0,0,1,0,0,0,1,0,0,0
1,0.1764705882352941,0.0,0.0,0.0,0.0,0.0,0,0.0,0,0,1,0,1,0,0,0,0,1,0,0,0,0,0,0,1
1,1.0,0.0,0.0,0.0,0.0,0.0,0,0.0,0,0,0,1,0,0,0,0,0,0,1,0,0,0,0,1,0
1,-1.1764705882352942,0.0,0.0,0.0,0.0,0.0,1,1.0,0,0,1,0,1,0,0,0,0,1,0,0,0,0,0,0,0
1,1.1764705882352942,0.0,0.0,0.0,0.0,0.0,0,0.0,0,0,1,0,1,0,0,0,1,0,0,0,1,0,0,0,0
0,-0.4705882352941176,0.4793787713240882,0.0,0.0,1.648308382246541,0.0,0,3.5,1,0,0,1,0,0,0,0,0,1,0,0,0,0,1,0,0
0,1.0588235294117647,1.607636254432331,1.212450538096735,1.803859749472954,0.0,0.0,0,1.0,1,0,0,0,1,0,0,0,0,0,1,0,1,0,0,0,0
0,1.2352941176470589,0.9801726798454278,0.0,1.0135734947947224,1.650397480989947,0.1866524112389433,0,1.0,1,0,0,0,1,0,0,0,0,0,1,0,0,0,0,1,0
0,1.3529411764705883,1.9713726569807155,0.0,1.151626398894246,1.1667031745002827,0.0,0,0.0,1,0,1,0,1,0,0,1,0,0,0,0,0,0,0,0,0
0,-0.1176470588235294,0.1854490234153689,2.0271057193609834,0.0,0.0,0.2958370724829093,1,0.0,1,1,0,0,1,0,0,0,0,0,0,0,0,0,0,0,0
1,-1.411764705882353,0.0,0.0,0.0,0.0,0.0,1,1.0,0,0,1,0,1,0,0,0,0,1,0,0,0,0,0,0,0
1,0.0,0.0,0.0,0.0,0.0,0.0,0,0.0,0,0,0,0,0,0,0,0,0,0,1,0,0,0,0,1,0
0,-0.5294117647058824,1.4490580910925774,0.0,0.0,0.0,1.9478430170983403,0,0.0,1,0,0,0,1,0,0,0,1,0,0,0,1,0,0,0,0
1,-0.1764705882352941,0.0,0.0,0.0,0.0,0.0,1,0.0,0,0,0,1,0,0,0,0,0,0,1,0,0,1,0,0,0
0,0.2352941176470588,0.0,2.0291262914917527,1.2838013447083672,1.013554133242735,0.0,0,0.0,1,0,0,0,1,0,0,0,0,0,1,0,0,0,0,1,0
1,-0.4117647058823529,0.0,0.0,0.0,0.0,0.0,0,0.0,0,0,0,1,0,0,0,0,0,0,1,0,0,0,1,0,0
1,-0.7058823529411765,0.0,0.0,0.0,0.0,0.0,1,0.0,0,0,0,1,0,0,0,0,0,0,1,0,1,0,0,0,0
0,-0.1176470588235294,0.0,2.1131158654208457,0.0,0.9052224502512914,0.1866524112389433,1,3.0,1,1,0,0,1,0,1,0,0,0,0,0,0,0,0,0,0
1,-0.4117647058823529,0.0,0.0,0.0,0.0,0.0,0,0.0,0,0,1,0,1,0,0,0,0,1,0,0,0,0,1,0,0
0,-1.3529411764705883,0.0,0.0,0.0,0.0,0.0,0,1.0,0,0,0,0,1,0,0,0,0,0,1,0,0,0,1,0,0
0,-0.1764705882352941,0.0,1.8880773430468027,0.0,1.6514355379532475,2.0845425781396982,0,3.0,1,1,0,0,0,1,0,0,0,0,0,0,0,0,0,0,0
0,1.4705882352941178,1.9339292098517389,0.0,1.115137621272999,0.7860382942944486,0.0,0,0.0,1,0,1,0,0,0,0,0,0,1,0,0,1,0,0,0,0
0,-0.4117647058823529,1.6847688434340706,1.2528024320636848,0.0,0.4491768952476266,0.0,1,0.0,1,0,0,0,1,0,0,0,0,1,0,0,0,0,1,0,0
0,-0.0588235294117647,0.0,1.570478817642284,1.4622790421292151,0.9486600070956904,0.0,0,0.0,1,0,0,0,1,0,0,0,1,0,0,0,1,0,0,0,0
0,-0.1764705882352941,1.8876234562914915,1.2763960820252702,2.131517548912389,0.2754115523761867,0.0,0,0.0,1,0,0,0,1,0,0,0,0,1,0,0,1,0,0,0,0
1,-0.1764705882352941,0.0,0.0,0.0,0.0,0.0,1,2.5,0,1,0,0,1,1,0,0,0,0,0,0,0,0,0,0,0
1,-0.3529411764705882,0.0,0.0,0.0,0.0,0.0,0,3.5,0,0,0,0,1,0,0,0,0,0,1,0,0,0,0,1,0
0,1.5294117647058822,0.0,0.0,0.0,0.0,0.0,1,0.0,0,1,0,0,1,1,0,0,0,0,0,0,0,0,0,0,0
1,-0.4705882352941176,0.0,0.0,0.0,0.0,0.0,1,0.0,0,1,0,0,0,0,1,0,0,0,0,0,0,0,0,0,0
1,-1.588235294117647,0.0,0.0,0.0,0.0,0.0,1,2.5,0,0,0,0,1,0,0,0,0,0,1,0,0,0,1,0,0
1,0.4117647058823529,0.0,0.0,0.0,0.0,0.0,1,0.0,0,0,0,0,1,0,0,0,0,1,0,0,1,0,0,0,0
0,-0.4117647058823529,0.0,0.0,2.518439568960593,0.8983537904952533,1.5704239402196791,0,0.0,1,0,0,0,1,0,0,0,0,1,0,0,0,1,0,0,0
1,-0.1176470588235294,0.0,0.0,0.0,0.0,0.0,0,1.0,0,1,0,0,0,1,0,0,0,0,0,0,0,0,0,0,0
0,1.4705882352941178,0.0,1.570478817642284,0.7343611355735556,0.0,0.0,0,0.0,1,0,0,1,0,0,0,0,0,1,0,0,0,0,0,1,0
1,1.1764705882352942,0.0,0.0,0.0,0.0,0.0,0,0.5,0,1,0,0,1,0,0,0,1,0,0,0,0,0,0,0,0
0,1.9411764705882355,0.0,0.0,0.0,0.0,0.0,0,0.0,0,0,0,0,0,0,0,0,0,1,0,0,0,0,1,0,0
0,1.6470588235294117,0.0,1.7907821340920371,1.6186200534035704,0.0,0.0,0,1.5,1,0,0,0,1,0,0,0,0,0,1,0,0,0,0,1,0
1,-0.6470588235294118,0.0,0.0,0.0,0.0,0.0,0,0.0,0,0,0,0,1,0,0,0,0,0,1,0,0,0,0,1,0
0,0.0,1.4978375647790962,1.8616800337045192,0.350379306422211,0.2754115523761867,0.0,1,1.0,1,1,0,0,0,0,0,0,0,0,0,0,0,0,0,0,0
1,-0.3529411764705882,0.0,0.0,0.0,0.0,0.0,1,0.5,0,1,0,0,0,1,0,0,0,0,0,0,0,0,0,0,0
0,1.0,0.9660880391837954,1.5454854600238317,0.0,1.8611669523813927,2.2049211022252275,1,1.0,1,1,0,0,0,1,0,0,0,0,0,0,0,0,0,0,0
0,0.7058823529411765,0.0,0.0,0.7647583148507885,1.70501635380808,0.0,0,1.0,1,0,0,0,1,0,0,0,0,0,1,0,0,0,0,0,0
0,-0.4705882352941176,2.0480453944894306,0.0,0.0,0.0,0.1866524112389433,0,0.0,1,0,0,0,1,0,0,0,0,1,0,0,0,0,0,0,1
0,-0.1176470588235294,0.4305992976375693,0.0,1.5915936190939224,1.650743977794852,0.0,0,0.5,1,0,0,0,1,0,0,0,0,1,0,0,1,0,0,0,0
1,2.4705882352941178,0.0,0.0,0.0,0.0,0.0,1,1.0,0,0,0,0,1,0,0,0,0,0,1,0,0,0,0,1,0
0,0.5882352941176471,1.4740169408440975,0.0,2.091146691595811,0.4491768952476266,0.0,0,0.0,1,0,0,0,1,0,0,0,0,0,1,0,0,1,0,0,0
1,-1.588235294117647,0.0,0.0,0.0,0.0,0.0,1,1.0,0,0,0,0,1,0,0,0,0,0,1,0,0,0,1,0,0
0,-0.5882352941176471,0.0,1.4412021597197542,1.9132347721997,0.0,0.55995723371683,1,0.0,1,0,0,0,1,0,0,0,1,0,0,0,0,0,0,0,0
0,-0.2352941176470588,1.5665033350089237,1.2967491809495788,0.0,0.0,0.1866524112389433,1,0.0,1,0,0,0,0,0,0,0,0,1,0,0,0,0,0,0,1
0,1.4705882352941178,1.931393206158909,1.183097390838419,1.944852665071551,0.0,0.0,0,1.0,1,0,1,0,1,0,0,1,0,0,0,0,0,0,0,0,0
0,0.6470588235294118,1.600305757896712,1.682310720963735,0.0,0.0,0.4333934776341722,1,0.0,1,0,0,0,1,0,0,0,0,0,1,0,0,0,1,0,0
0,-0.4705882352941176,0.0,0.0,0.0,0.0,1.8737884355838248,1,0.0,1,0,0,0,1,0,0,0,0,1,0,0,1,0,0,0,0
1,1.8235294117647056,0.0,0.0,0.0,0.0,0.0,1,0.0,0,1,0,0,0,1,0,0,0,0,0,0,0,0,0,0,0
0,0.8235294117647058,0.0,0.0,0.0,0.0,1.8344453727602612,0,0.0,1,0,0,0,1,0,0,0,0,0,1,0,0,0,0,1,0
0,0.0,0.0,0.0,0.0,0.0,0.0,1,0.5,0,1,0,0,1,1,0,0,0,0,0,0,0,0,0,0,0
0,0.2941176470588235,2.0118665297041884,0.0,2.0720098787554786,0.0,0.0,0,0.0,1,0,1,0,1,0,0,0,0,1,0,0,0,1,0,0,0
0,-0.4117647058823529,1.6432799131155584,0.0,2.3178245365299026,0.0,0.0,1,0.0,1,0,1,0,1,0,0,0,1,0,0,0,0,0,0,0,0
0,-0.4705882352941176,0.0,0.0,0.0,1.6397734166983482,1.3749418032519738,0,0.0,1,0,0,0,1,0,0,0,0,1,0,0,0,0,1,0,0
0,-1.1176470588235294,0.0,0.0,0.0,0.0,0.0,0,1.0,0,0,0,0,1,0,0,0,0,0,1,0,1,0,0,0,0
0,0.7647058823529411,2.0443444791902983,0.1679487789570419,0.0,0.0,0.8773484072743342,1,0.5,1,0,1,0,1,0,0,0,1,0,0,0,1,0,0,0,0
1,0.1764705882352941,0.0,0.0,0.0,0.0,0.0,1,0.5,0,0,1,0,1,0,0,0,0,1,0,0,0,0,0,1,0
0,-0.6470588235294118,1.7496425911023032,0.0,1.4750379030483205,1.2406065886978297,0.0,0,0.0,1,0,0,0,1,0,0,0,0,1,0,0,0,0,0,0,0
0,-0.1764705882352941,1.7421939322275983,0.0,1.983291848570339,0.0,0.0,1,0.0,1,0,1,0,1,0,0,0,0,1,0,0,1,0,0,0,0
0,-0.5294117647058824,0.2939297479087193,1.739538212159669,1.3110768450118555,0.8441487332812818,0.1866524112389433,0,0.0,1,0,0,0,1,0,0,0,0,1,0,0,0,0,0,0,0
0,-0.5882352941176471,1.976885827862983,0.0,2.386623575338448,0.0,0.0,0,0.5,1,0,1,0,1,0,0,1,0,0,0,0,0,0,0,0,0
0,-0.4117647058823529,1.1442065660635454,0.5323850333776358,1.9908259545633988,1.4720835483243135,0.0,0,0.0,1,0,0,0,1,0,0,0,0,1,0,0,0,0,0,0,0
1,0.0,0.0,0.0,0.0,0.0,0.0,1,1.0,0,0,0,0,0,0,0,0,0,0,1,0,0,0,1,0,0
1,-0.6470588235294118,0.0,0.0,0.0,0.0,0.0,1,0.0,0,0,0,0,0,0,0,0,0,0,1,0,0,1,0,0,0
0,-0.7058823529411765,1.885770313738713,0.0,1.6490172326808032,0.17376534287144,0.669141894960796,0,0.5,1,0,1,0,1,0,0,0,0,1,0,0,0,0,0,0,1
0,-0.4117647058823529,0.1854490234153689,1.622384514863655,0.0,0.0,0.0,0,0.5,1,0,0,0,0,0,0,0,0,0,1,0,0,0,0,0,0
1,-0.3529411764705882,0.0,0.0,0.0,0.0,0.0,1,0.0,0,0,0,0,0,0,0,0,0,0,1,0,0,0,0,0,0
0,0.1764705882352941,0.0,1.1059364114740275,0.0,1.5270329013534572,1.8665241123894336,0,0.0,1,0,0,0,1,0,0,0,0,1,0,0,0,0,0,0,0
0,0.0588235294117647,0.0,0.0,2.8284389731853348,0.0,0.0,0,0.5,1,0,0,0,1,0,0,0,0,1,0,0,0,0,0,0,0
0,0.2941176470588235,2.093081114611348,0.0,1.4750379030483205,0.0,0.0,0,0.5,1,0,1,0,1,0,0,0,0,1,0,0,0,0,1,0,0
0,0.7058823529411765,0.0,1.6193708084679328,0.0,1.013554133242735,0.0,1,0.0,1,0,0,0,1,0,0,0,0,0,1,0,0,0,0,1,0
0,2.0588235294117645,1.7754235214439298,0.6717951158281678,0.0,0.0,0.0,1,0.0,1,0,0,0,1,0,0,0,0,1,0,0,0,0,1,0,0
1,0.6470588235294118,0.0,0.0,0.0,0.0,0.0,1,1.0,0,1,0,0,1,0,0,0,0,0,0,0,0,0,0,0,0
0,1.1176470588235294,0.0,2.1521262007832047,0.0,0.8765408737289972,2.116194465722357,0,1.5,1,1,0,0,0,1,0,0,0,0,0,0,0,0,0,0,0
0,1.588235294117647,0.0,2.184955452264691,0.0,1.013554133242735,1.286934360574526,1,0.5,1,1,0,0,1,0,1,0,0,0,0,0,0,0,0,0,0
1,0.8823529411764706,0.0,0.0,0.0,0.0,0.0,0,0.0,0,0,1,0,1,0,0,0,0,1,0,0,0,0,0,1,0
0,1.6470588235294117,0.0,2.1067492229391225,1.6166204920643266,2.087013534386432,2.0447628473951225,0,0.5,1,1,0,0,1,0,1,0,0,0,0,0,0,0,0,0,0
0,1.8235294117647056,0.0,1.47260585101656,0.350379306422211,0.0,1.475840195072855,0,0.0,1,0,0,0,0,0,0,0,0,0,1,0,0,0,1,0,0
0,-1.3529411764705883,0.0,0.0,0.0,0.0,0.0,0,2.0,0,0,0,0,1,0,0,0,0,0,1,0,0,0,1,0,0
0,0.9411764705882352,1.433135301330399,0.0,0.0,1.6194360215457548,1.6809215368196595,0,0.0,1,0,0,0,1,0,0,0,0,1,0,0,0,0,0,0,0
0,-0.3529411764705882,0.9434650155718534,1.1737410596591624,0.0,1.5381272071936014,0.0,0,0.0,1,0,0,0,1,0,0,0,0,0,1,0,1,0,0,0,0
0,1.0,1.2425900021828151,0.0,0.9390669465144929,1.7769960210246178,0.1866524112389433,0,0.0,1,0,0,0,1,0,0,0,0,1,0,0,0,0,0,0,0
1,-0.3529411764705882,0.0,0.0,0.0,0.0,0.0,1,3.0,0,0,1,0,1,0,0,0,1,0,0,0,0,0,0,0,0
1,-0.5294117647058824,0.0,0.0,0.0,0.0,0.0,0,0.5,0,1,0,0,0,1,0,0,0,0,0,0,0,0,0,0,0
0,0.8823529411764706,1.8481449631588147,0.0,1.2476575416896074,0.0,0.669141894960796,1,0.0,1,0,1,0,1,0,0,1,0,0,0,0,0,0,0,0,0
0,-0.5294117647058824,0.0,1.4535355533088947,2.428582175666542,0.0,0.0,1,0.0,1,0,0,0,1,0,0,0,0,1,0,0,1,0,0,0,0
0,0.2352941176470588,2.412530229504815,1.3661669679971282,0.0,2.0249384442357776,2.082781404379466,0,0.0,1,1,0,0,0,0,1,0,0,0,0,0,0,0,0,0,0
0,-0.1176470588235294,1.8267075295003297,0.0,0.2210647294575037,1.1335689800373283,0.0,0,0.0,1,0,1,0,1,0,0,0,1,0,0,0,1,0,0,0,0
1,-0.2352941176470588,0.0,0.0,0.0,0.0,0.0,0,0.0,0,1,0,0,1,1,0,0,0,0,0,0,0,0,0,0,0
0,-1.4705882352941178,0.0,0.0,0.0,0.0,0.0,1,0.5,0,0,0,0,1,0,0,0,0,0,1,0,0,0,0,0,0
0,-1.588235294117647,0.0,0.0,0.0,0.0,0.0,0,1.5,0,0,0,0,0,0,0,0,0,0,1,0,0,0,0,1,0
0,-0.4705882352941176,1.2526872905568958,0.0,1.9858230443082925,0.9756419811863284,0.0,0,3.5,1,0,0,0,0,0,0,0,0,1,0,0,0,0,1,0,0
0,-0.0588235294117647,1.8163648573386213,0.4714918312586162,0.884258917830015,1.2544412932048137,0.0,1,0.0,1,0,1,0,1,0,0,1,0,0,0,0,0,0,0,0,0
1,0.0588235294117647,0.0,0.0,0.0,0.0,0.0,1,0.0,0,0,0,0,1,0,0,0,0,0,1,0,1,0,0,0,0
1,0.6470588235294118,0.0,0.0,0.0,0.0,0.0,1,0.0,0,0,1,0,1,0,0,0,0,1,0,0,0,0,0,0,0
0,-0.6470588235294118,0.0,0.0,0.0,0.0,0.0,1,0.5,0,0,0,0,0,0,0,0,0,0,1,0,0,1,0,0,0
0,1.0588235294117647,0.2939297479087193,0.8749213317910346,2.236654034956159,0.5772359744023721,0.0,1,0.0,1,0,1,0,1,0,0,0,0,1,0,0,0,0,0,1,0
0,-0.3529411764705882,0.6862429319367085,0.0,0.0,1.858611166062728,0.0,0,0.0,1,0,0,0,1,0,0,0,1,0,0,0,1,0,0,0,0
1,-0.7058823529411765,0.0,0.0,0.0,0.0,0.0,1,3.0,0,1,0,0,0,1,0,0,0,0,0,0,0,0,0,0,0
0,1.0,1.9458896421508485,1.3771249581630922,1.376972118654315,0.8765408737289972,0.0,1,1.0,1,0,0,0,1,0,0,0,0,1,0,0,0,0,0,0,0
1,-0.7058823529411765,0.0,0.0,0.0,0.0,0.0,1,0.0,0,0,0,0,1,0,0,0,0,0,1,0,0,0,0,0,0
0,1.0588235294117647,2.004958878689052,0.0,0.5132964061160518,0.0,0.4824894837218527,1,2.0,1,0,0,0,1,0,0,0,0,0,1,0,0,1,0,0,0
1,-0.5882352941176471,0.0,0.0,0.0,0.0,0.0,0,1.0,0,1,0,0,0,1,0,0,0,0,0,0,0,0,0,0,0
1,-1.1764705882352942,0.0,0.0,0.0,0.0,0.0,0,2.0,0,0,0,0,1,0,0,0,0,0,1,0,0,0,0,1,0
0,-0.4705882352941176,1.488767327134269,0.0,1.7466029833860357,1.238822307866976,0.5916741449658187,1,0.0,1,0,0,0,1,0,0,0,0,1,0,0,0,1,0,0,0
1,-0.2941176470588235,0.0,0.0,0.0,0.0,0.0,1,0.0,0,0,0,1,0,0,0,0,0,0,1,0,1,0,0,0,0
1,-0.2352941176470588,0.0,0.0,0.0,0.0,0.0,1,0.0,0,0,0,0,1,0,0,0,0,0,1,0,0,0,1,0,0
1,0.2352941176470588,0.0,0.0,0.0,0.0,0.0,1,0.0,0,0,1,0,1,0,0,0,0,1,0,0,0,1,0,0,0
1,-1.5294117647058822,0.0,0.0,0.0,0.0,0.0,1,1.0,0,0,1,0,1,0,0,0,0,1,0,0,0,0,0,1,0
1,0.4117647058823529,0.0,0.0,0.0,0.0,0.0,1,0.5,0,0,0,0,1,0,0,0,0,0,1,0,0,0,1,0,0
0,-0.1764705882352941,0.7060702520912806,0.0,0.350379306422211,1.632804251629478,0.3733048224778867,0,0.0,1,0,0,0,0,0,0,0,0,1,0,0,0,0,0,1,0
0,-1.1764705882352942,0.0,0.0,0.0,0.0,0.0,1,2.5,0,0,0,0,1,0,0,0,1,0,0,0,0,0,0,0,0
0,1.3529411764705883,1.5206212286759118,0.0,0.9858230443082924,1.5925431944986363,0.0,0,0.0,1,0,0,0,1,0,0,0,0,0,1,0,1,0,0,0,0
1,0.2352941176470588,0.0,0.0,0.0,0.0,0.0,0,0.0,0,0,0,1,0,0,0,0,0,0,1,0,0,0,0,0,0
1,-0.1764705882352941,0.0,0.0,0.0,0.0,0.0,0,0.0,0,0,0,0,0,0,0,1,0,0,0,0,0,0,0,0,0
1,-0.7647058823529411,0.0,0.0,0.0,0.0,0.0,1,1.5,0,1,0,0,0,0,1,0,0,0,0,0,0,0,0,0,0
1,-1.1764705882352942,0.0,0.0,0.0,0.0,0.0,1,1.0,0,0,1,0,1,0,0,0,0,1,0,0,0,0,0,1,0
0,-0.1764705882352941,1.863482077584032,0.0,0.0,1.413481378595655,0.0,1,0.0,1,0,1,0,1,0,0,0,0,1,0,0,0,0,0,1,0
1,-0.9411764705882352,0.0,0.0,0.0,0.0,0.0,0,2.0,0,0,0,1,0,0,0,0,0,0,1,0,0,0,0,1,0
1,0.7058823529411765,0.0,0.0,0.0,0.0,0.0,0,3.0,0,0,0,0,0,0,0,0,0,0,1,0,0,0,1,0,0
0,-0.2352941176470588,1.829303687313549,0.0,1.564434325382685,0.0,1.6278141922261888,1,2.0,1,0,1,0,1,0,0,0,0,1,0,0,0,1,0,0,0
0,-0.4117647058823529,1.7654072463593156,0.0,1.952640441309215,0.0,0.0,1,0.0,1,0,1,0,1,0,0,0,0,1,0,0,0,0,0,0,1
0,0.2941176470588235,1.739797978426519,0.0,0.0,1.3871676156472592,0.1866524112389433,1,0.5,1,0,1,1,0,0,0,1,0,0,0,0,0,0,0,0,0
0,-0.8235294117647058,1.607636254432331,0.0,2.3668286456705374,0.0,1.6316158907773937,0,0.0,1,0,0,0,0,0,0,0,0,1,0,0,0,1,0,0,0
1,-1.3529411764705883,0.0,0.0,0.0,0.0,0.0,1,1.0,0,0,0,0,0,0,0,0,0,0,1,0,0,0,0,1,0
0,-1.1764705882352942,0.0,0.0,0.0,0.0,0.0,1,1.0,0,0,1,0,1,0,0,0,0,1,0,0,0,1,0,0,0
0,-0.3529411764705882,0.0,0.8938113252335089,0.0,1.4389109721115425,1.694209517560787,1,0.0,1,0,0,0,1,0,0,0,0,0,1,0,0,0,0,0,0
0,-0.6470588235294118,0.5563470702461066,0.0,1.831610199959384,0.0,1.7578648805961996,0,0.5,1,0,0,0,1,0,0,0,0,1,0,0,0,0,0,1,0
0,0.7647058823529411,0.0,0.0,0.0,1.6828736646512692,0.2958370724829093,1,0.0,1,0,0,0,1,0,0,0,0,1,0,0,1,0,0,0,0
1,0.9411764705882352,0.0,0.0,0.0,0.0,0.0,1,0.0,0,0,0,0,1,0,0,0,0,0,1,0,1,0,0,0,0
0,-1.2941176470588236,0.0,0.0,0.0,0.0,0.0,1,2.5,0,0,0,0,0,0,0,0,0,0,1,0,0,0,0,1,0
0,0.0588235294117647,0.0,1.9494369531453055,0.0,1.816952010126587,1.590210649471902,1,0.0,1,1,0,0,1,0,1,0,0,0,0,0,0,0,0,0,0
0,-1.588235294117647,0.0,0.0,0.0,0.0,0.0,1,1.5,0,0,0,0,1,0,0,0,0,0,1,0,1,0,0,0,0
1,-0.4117647058823529,0.0,0.0,0.0,0.0,0.0,0,3.0,0,0,1,0,1,0,0,0,0,1,0,0,0,1,0,0,0
1,0.3529411764705882,0.0,0.0,0.0,0.0,0.0,1,2.5,0,0,0,0,1,0,0,0,0,0,1,0,0,1,0,0,0
1,0.7647058823529411,0.0,0.0,0.0,0.0,0.0,1,0.5,0,1,0,0,1,0,0,0,0,0,0,0,0,0,0,0,0
0,-0.3529411764705882,0.0,0.0,2.1726543329497923,0.980706605933304,0.0,0,0.5,1,0,0,0,0,0,0,0,0,0,1,0,0,0,0,0,0
0,0.7058823529411765,0.0,0.0,0.0,0.0,1.8870242688385213,0,0.0,1,0,0,0,1,0,0,0,0,1,0,0,0,0,0,1,0
1,-0.2352941176470588,0.0,0.0,0.0,0.0,0.0,0,0.0,0,1,0,0,1,0,0,0,1,0,0,0,0,0,0,0,0
0,-0.5882352941176471,1.255153173325089,0.3899649883623831,2.4076213161105278,0.6615863334646042,0.0,0,3.0,1,0,0,0,1,0,0,0,0,1,0,0,0,0,0,1,0
1,-0.5294117647058824,0.0,0.0,0.0,0.0,0.0,0,0.0,0,0,0,1,0,0,0,0,0,0,1,0,0,0,0,0,0
0,-0.4117647058823529,1.7661352641865335,0.0,0.0,0.9369978858407908,0.1866524112389433,0,0.5,1,0,0,0,1,0,0,0,0,1,0,0,0,0,0,0,1
0,1.6470588235294117,1.9871055743069512,0.0,0.2210647294575037,0.0,0.5239995654055677,1,0.0,1,0,1,0,0,0,0,0,0,1,0,0,0,1,0,0,0
1,-0.1176470588235294,0.0,0.0,0.0,0.0,0.0,0,0.0,0,1,0,0,0,0,0,1,0,0,0,0,0,0,0,0,0
1,0.2941176470588235,0.0,0.0,0.0,0.0,0.0,1,0.5,0,0,1,0,1,0,0,0,0,1,0,0,1,0,0,0,0
1,0.5294117647058824,0.0,0.0,0.0,0.0,0.0,1,0.5,0,1,0,0,0,1,0,0,0,0,0,0,0,0,0,0,0
0,0.1176470588235294,1.3002252474614595,0.0,1.5548417529950602,1.2259635714597124,1.6591053602907395,0,0.0,1,0,0,0,1,0,0,0,0,1,0,0,0,0,0,0,1
1,0.2941176470588235,0.0,0.0,0.0,0.0,0.0,0,0.0,0,0,0,1,0,0,0,0,0,0,1,0,1,0,0,0,0
0,-0.2941176470588235,0.0,0.7003338123346776,0.0,1.0346329633982383,1.7078223620821256,1,0.0,1,0,0,0,1,0,0,0,0,1,0,0,0,0,0,0,0
0,-0.1764705882352941,0.0,1.042870110748077,2.049593465938929,0.0,0.0,0,0.0,1,0,0,1,0,0,0,0,0,1,0,0,0,0,0,1,0
0,-1.1764705882352942,0.0,0.0,0.0,0.0,0.0,0,1.0,0,0,0,0,1,0,0,0,0,0,1,0,0,1,0,0,0
0,1.7647058823529411,0.0,1.6314956731809431,0.2210647294575037,0.0,0.2958370724829093,0,3.0,1,0,0,0,1,0,0,0,0,0,1,0,0,0,0,1,0
0,-0.5294117647058824,0.0,0.0,0.0,1.685298741830184,1.2176385689646794,1,0.0,1,0,0,0,1,0,0,0,0,1,0,0,0,0,0,0,0
0,-0.1176470588235294,1.6284945831322115,0.0,0.0,1.5854560681506116,0.0,1,0.5,1,0,0,0,1,0,0,0,1,0,0,0,1,0,0,0,0
0,2.117647058823529,0.0,0.7894331112229788,1.549935056385218,0.0,1.9182804742299424,0,0.0,1,0,0,0,1,0,0,0,0,1,0,0,0,0,0,0,0
0,-0.3529411764705882,0.7060702520912806,0.0,2.233190518684677,1.0464788079288134,0.1866524112389433,1,0.0,1,0,0,0,0,0,0,0,0,1,0,0,1,0,0,0,0
0,0.7058823529411765,0.0,1.929115476547386,0.0,0.4491768952476266,2.042583513229313,0,0.0,1,1,0,0,0,1,0,0,0,0,0,0,0,0,0,0,0
1,0.8235294117647058,0.0,0.0,0.0,0.0,0.0,0,0.0,0,0,0,0,1,0,0,0,0,0,1,0,0,0,0,0,0
1,-0.5882352941176471,0.0,0.0,0.0,0.0,0.0,1,1.5,0,1,0,0,1,1,0,0,0,0,0,0,0,0,0,0,0
0,1.411764705882353,0.0,0.0,2.132314871799921,0.0,0.4333934776341722,0,0.0,1,0,0,0,1,0,0,0,0,1,0,0,0,0,0,0,0
0,-0.2941176470588235,0.0,0.0,1.0,0.0,1.7652429450839666,0,0.5,1,0,0,0,1,0,0,0,0,1,0,0,1,0,0,0,0
1,-0.5294117647058824,0.0,0.0,0.0,0.0,0.0,0,0.0,0,0,0,1,0,0,0,0,0,0,1,0,0,0,1,0,0
0,-1.588235294117647,0.0,0.0,0.0,0.0,0.0,1,1.0,0,0,1,0,1,0,0,0,0,1,0,0,0,0,0,0,1
0,-0.2352941176470588,2.1894383949742706,1.5354057173685192,1.4812308935371732,0.0,1.2146955614409585,1,0.0,1,1,0,0,1,1,0,0,0,0,0,0,0,0,0,0,0
0,-0.3529411764705882,0.0,0.0,2.079145053057786,0.4034706315309319,0.0,0,0.5,1,0,0,1,0,0,0,0,1,0,0,0,0,0,0,0,0
0,0.7058823529411765,2.311253666336889,1.1849260702394897,0.0,0.17376534287144,2.020653056386866,0,0.0,1,1,0,0,0,0,1,0,0,0,0,0,0,0,0,0,0
0,0.0588235294117647,2.1595924664193253,0.0,0.0,0.0,0.4824894837218527,1,0.5,1,0,0,0,1,0,0,0,0,1,0,0,1,0,0,0,0
1,-0.5882352941176471,0.0,0.0,0.0,0.0,0.0,1,0.5,0,1,0,0,1,1,0,0,0,0,0,0,1,0,0,0,0
1,-0.4705882352941176,0.0,0.0,0.0,0.0,0.0,1,1.5,0,0,0,1,0,0,0,0,0,0,1,0,0,0,0,0,0
0,-0.5294117647058824,0.0,0.0,0.8636757125382628,1.614283310219386,0.0,1,1.0,1,0,0,0,0,0,0,0,0,1,0,0,0,1,0,0,0
0,1.0588235294117647,1.8529179687880613,2.0012573918748635,0.0,1.6044830890766244,2.233442489097233,0,0.5,1,1,0,0,0,0,0,1,0,0,0,0,0,0,0,0,0
1,-0.2352941176470588,0.0,0.0,0.0,0.0,0.0,1,0.0,0,0,1,0,1,0,0,0,0,1,0,0,0,0,0,0,1
0,-1.588235294117647,0.0,0.0,0.0,0.0,0.0,0,1.5,0,0,0,0,1,0,0,0,0,0,1,0,1,0,0,0,0
0,0.5294117647058824,0.0,2.062150593993883,1.4092963671716263,1.8363445108948857,1.7115886123994788,1,2.0,1,1,0,0,0,0,1,0,0,0,0,0,0,0,0,0,0
0,0.0,0.7733085192328075,1.015148611881377,1.376972118654315,1.8414124385239037,0.7928859131524942,1,0.5,1,0,0,0,1,0,0,0,0,0,1,0,0,0,1,0,0
1,-0.5294117647058824,0.0,0.0,0.0,0.0,0.0,1,0.0,0,0,0,0,1,0,0,0,0,0,1,0,0,0,0,0,0
0,-0.2941176470588235,1.827864488649916,0.0,0.0,0.0,1.1766158765688868,0,0.5,1,0,0,0,1,0,0,0,0,1,0,0,0,0,0,0,0
1,-0.8235294117647058,0.0,0.0,0.0,0.0,0.0,0,0.5,0,0,0,0,1,0,0,0,0,0,1,0,0,0,0,0,0
0,1.1764705882352942,0.0,2.0756665089451327,0.0,1.210411894592796,1.5368249658916078,1,0.0,1,1,0,0,1,0,1,0,0,0,0,0,0,0,0,0,0
0,0.3529411764705882,1.4988266468165354,1.4594745484390674,0.2210647294575037,0.0,0.4824894837218527,0,0.0,1,0,0,1,0,0,0,0,0,1,0,0,1,0,0,0,0
1,-0.0588235294117647,0.0,0.0,0.0,0.0,0.0,0,0.0,0,1,0,0,0,1,0,0,0,0,0,0,0,0,0,0,0
0,0.3529411764705882,0.0,1.6615679119618654,0.0,1.1618820567160562,0.0,1,0.0,1,0,0,0,1,0,0,0,0,1,0,0,0,1,0,0,0
0,1.0,1.940071146979171,1.6511560471480755,0.9218233423019256,1.8253734731884337,2.2184227144793955,1,0.5,1,1,0,0,1,0,0,0,0,0,0,0,0,0,0,0,0
0,-0.5294117647058824,0.7877740089073892,0.2661925166888179,2.3851853361980067,0.17376534287144,0.2958370724829093,0,0.0,1,0,0,0,1,0,0,0,0,0,1,0,0,1,0,0,0
0,1.3529411764705883,0.0,1.9130552267821788,0.0,1.262715654817415,2.011139985260724,0,0.0,1,1,0,0,1,0,1,0,0,0,0,0,0,0,0,0,0
0,-0.5294117647058824,1.6392217102720077,0.0,0.7925087653372185,1.4582939144551108,0.0,1,0.0,1,0,0,0,1,0,0,0,0,1,0,0,0,0,0,1,0
0,0.0,1.3818198239510506,1.570849588748336,0.0,0.0,0.0,1,0.0,1,0,0,0,1,0,0,0,0,1,0,0,1,0,0,0,0
0,-0.4117647058823529,0.0,1.0956242649703871,0.350379306422211,1.6134811002598284,1.223429813845528,1,0.0,1,0,0,0,1,0,0,0,0,0,1,0,0,0,0,1,0
1,-1.2941176470588236,0.0,0.0,0.0,0.0,0.0,0,1.0,0,0,0,0,1,0,0,0,0,0,1,0,0,0,0,0,0
1,0.8823529411764706,0.0,0.0,0.0,0.0,0.0,1,1.0,0,1,0,0,0,1,0,0,0,0,0,0,0,0,0,0,0
0,-0.8235294117647058,1.8998072687348215,2.037422562625928,0.0,2.080301785490125,1.0934062777324662,0,1.0,1,1,0,0,0,0,1,0,0,0,0,0,0,0,0,0,0
0,2.176470588235294,0.0,1.3953753952730474,0.350379306422211,1.632804251629478,0.0,0,0.0,1,0,0,0,0,0,0,0,1,0,0,0,1,0,0,0,0
0,0.9411764705882352,0.2939297479087193,2.0791924169598213,0.0,0.5212960286143199,0.0,1,0.5,1,1,0,0,1,1,0,0,0,0,0,0,0,0,0,0,0
0,0.5882352941176471,1.940829069260596,0.0,2.032091724125136,0.34753068574288,0.0,0,0.0,1,0,1,0,1,0,0,0,0,1,0,0,0,0,0,0,1
1,0.0588235294117647,0.0,0.0,0.0,0.0,0.0,1,0.0,0,1,0,0,0,0,0,0,0,0,0,0,0,0,0,0,0
1,-1.411764705882353,0.0,0.0,0.0,0.0,0.0,1,2.0,0,0,0,0,0,0,0,0,0,0,1,0,1,0,0,0,0
0,0.1176470588235294,2.0639146668056942,0.0,1.5915936190939224,0.0,0.0,1,0.5,1,0,1,0,1,0,0,1,0,0,0,0,0,0,0,0,0
1,1.588235294117647,0.0,0.0,0.0,0.0,0.0,0,0.5,0,1,0,0,0,0,1,0,0,0,0,0,0,0,0,0,0
1,-0.1176470588235294,0.0,0.0,0.0,0.0,0.0,1,0.0,0,0,0,0,1,0,0,0,0,0,1,0,1,0,0,0,0
1,0.0,0.0,0.0,0.0,0.0,0.0,0,0.0,0,1,0,0,0,0,0,1,0,0,0,0,0,0,0,0,0
0,0.2941176470588235,0.0,1.6175444264245613,0.0,0.17376534287144,1.938143443782448,0,2.0,1,1,0,0,1,0,0,0,0,0,0,0,0,0,0,0,0
0,0.8235294117647058,0.1854490234153689,1.654326851881334,0.5132964061160518,1.0091170192074843,0.7466096449557734,0,0.0,1,0,0,0,1,0,0,0,1,0,0,0,0,0,0,0,0
1,0.5294117647058824,0.0,0.0,0.0,0.0,0.0,1,0.0,0,0,1,0,1,0,0,0,0,1,0,0,1,0,0,0,0
0,-0.4705882352941176,1.4093964146255231,0.0,2.54885832008598,0.0,0.0,1,0.0,1,0,1,0,1,0,0,1,0,0,0,0,0,0,0,0,0
0,-1.0,0.0,0.0,0.0,0.0,0.0,0,0.5,0,0,0,0,1,0,0,0,0,0,1,0,0,1,0,0,0
1,-0.5294117647058824,0.0,0.0,0.0,0.0,0.0,1,0.0,0,0,0,1,0,0,0,0,0,0,1,0,1,0,0,0,0
0,0.6470588235294118,0.9187508675692698,1.4720494813793925,1.521509623659744,1.4844828534082737,0.0,1,1.0,1,0,1,0,1,0,0,1,0,0,0,0,0,0,0,0,0
0,0.2352941176470588,1.847072631517213,0.5038463368711258,2.264930337151008,0.0,1.7594350454418135,1,0.5,1,0,0,0,0,0,0,0,0,1,0,0,1,0,0,0,0
0,-0.2352941176470588,1.8510719045837123,0.0,1.1246585966261096,0.6011293213528106,0.0,1,1.0,1,0,0,0,1,0,0,0,0,1,0,0,1,0,0,0,0
0,1.6470588235294117,2.0851459864852933,0.0,0.2210647294575037,0.0,1.5221164632695758,1,0.0,1,0,1,0,1,0,0,1,0,0,0,0,0,0,0,0,0
1,0.7647058823529411,0.0,0.0,0.0,0.0,0.0,0,0.5,0,1,0,0,1,0,1,0,0,0,0,0,0,0,0,0,0
0,0.4117647058823529,2.0300930780175133,0.0,1.4622790421292151,0.9369978858407908,0.3733048224778867,1,0.0,1,0,1,0,1,0,0,0,1,0,0,0,0,0,0,0,0
0,-0.0588235294117647,1.7096857988214194,1.076449381582659,0.0,0.0,1.3148531480956882,1,0.0,1,0,0,0,0,0,0,0,0,0,1,0,0,1,0,0,0
1,0.7647058823529411,0.0,0.0,0.0,0.0,0.0,1,1.0,0,1,0,0,1,0,1,0,0,0,0,0,0,0,0,0,0
0,0.0,0.0,1.1579762244788925,0.0,0.4491768952476266,1.7506835881362344,1,0.5,1,0,0,0,1,0,0,0,1,0,0,0,0,0,0,0,0
0,0.3529411764705882,1.0412424573518235,1.103399227343257,2.114296119494818,1.437293609092243,0.0,0,0.0,1,0,0,0,1,0,0,0,0,1,0,0,0,0,0,1,0
1,-0.3529411764705882,0.0,0.0,0.0,0.0,0.0,1,0.0,0,1,0,0,1,1,0,0,0,0,0,0,0,0,0,0,0
0,-0.4705882352941176,0.0,1.7602359167789725,0.0,0.17376534287144,0.806698300112059,1,0.0,1,0,0,0,1,0,0,0,0,1,0,0,0,0,0,0,0
0,-0.7647058823529411,0.4793787713240882,0.0,1.9689993598257816,1.4282066360762538,0.6200458888731157,1,0.0,1,0,0,0,1,0,0,0,1,0,0,0,1,0,0,0,0
0,1.4705882352941178,0.0,0.0,2.060250796049788,1.1916794190241615,0.0,1,0.0,1,0,0,0,0,0,0,0,0,1,0,0,0,0,0,0,1
0,-0.2941176470588235,1.291797892912708,0.0,2.384102384431141,0.0,1.8641469095332628,1,0.0,1,0,1,0,0,0,0,0,0,1,0,0,0,1,0,0,0
0,1.1176470588235294,0.0,1.113392349613153,2.436349948550436,0.0,0.0,0,0.5,1,0,0,0,1,0,0,0,0,1,0,0,0,0,0,1,0
1,-1.588235294117647,0.0,0.0,0.0,0.0,0.0,0,1.0,0,0,0,0,1,0,0,0,0,0,1,0,1,0,0,0,0
1,-0.7647058823529411,0.0,0.0,0.0,0.0,0.0,0,1.0,0,1,0,0,0,0,1,0,0,0,0,0,0,0,0,0,0
0,1.2941176470588236,1.5474415272118471,1.361816781659205,0.0,0.0,0.0,0,1.0,1,0,0,0,1,0,0,0,0,1,0,0,0,1,0,0,0
0,0.0588235294117647,1.0466476186905076,0.0,0.0,0.2754115523761867,1.8947117135106315,0,0.0,1,0,1,0,0,0,0,1,0,0,0,0,0,0,0,0,0
0,0.3529411764705882,0.0,1.5834815785728908,0.350379306422211,0.0,1.6309859898865118,0,0.0,1,0,0,1,0,0,0,0,0,1,0,0,0,0,0,0,1
0,0.8235294117647058,0.0,1.1538693656435726,2.9592016352049897,2.287549967182386,0.6457112531348923,0,0.0,1,1,0,0,1,0,1,0,0,0,0,0,0,0,0,0,0
0,-0.2352941176470588,0.0,1.2204479264511756,0.7925087653372185,1.622555071403596,0.0,1,0.0,1,0,0,0,1,0,0,0,0,0,1,0,0,1,0,0,0
0,0.4705882352941176,1.903313250258144,0.0,0.0,0.0,0.0,1,0.0,1,0,1,0,1,0,0,0,0,1,0,0,1,0,0,0,0
1,0.4705882352941176,0.0,0.0,0.0,0.0,0.0,0,0.0,0,1,0,0,0,0,0,1,0,0,0,0,0,0,0,0,0
1,0.8235294117647058,0.0,0.0,0.0,0.0,0.0,0,2.5,0,1,0,0,0,0,0,0,0,0,0,0,0,0,0,0,0
1,-1.411764705882353,0.0,0.0,0.0,0.0,0.0,0,0.5,0,0,0,0,1,0,0,0,0,0,1,0,0,0,1,0,0
1,-0.4705882352941176,0.0,0.0,0.0,0.0,0.0,1,0.0,0,0,1,0,1,0,0,0,0,1,0,0,0,0,0,0,1
0,0.2941176470588235,0.0,1.4994094075313176,0.0,1.363274268696821,0.887511217448728,0,0.0,1,0,0,1,0,0,0,0,0,1,0,0,0,0,0,0,0
0,-1.588235294117647,0.0,0.0,0.0,0.0,0.0,0,1.0,0,0,1,0,1,0,0,0,0,1,0,0,0,0,0,0,1
1,0.0588235294117647,0.0,0.0,0.0,0.0,0.0,1,0.0,0,0,0,1,0,0,0,0,0,0,1,0,0,0,0,1,0
0,-0.0588235294117647,0.0,0.3899649883623831,1.879016131458525,0.0,0.806698300112059,0,0.0,1,0,0,0,1,0,0,0,0,0,1,0,0,0,0,0,0
0,0.4705882352941176,1.9046162384816672,0.8682825912917196,0.6631941883725112,0.0,0.0,1,0.0,1,0,1,0,1,0,0,0,0,1,0,0,0,0,0,0,1
0,0.1176470588235294,1.444258924093193,1.7035688252829462,0.0,0.5212960286143199,1.846891594291356,0,0.0,1,1,0,0,1,0,1,0,0,0,0,0,0,0,0,0,0
0,1.6470588235294117,0.0,1.7187239290225502,0.0,0.0,1.6433122839674472,0,0.5,1,0,0,1,0,0,0,0,1,0,0,0,0,0,0,0,0
0,0.2941176470588235,0.0,1.4582983380199472,0.6206071563358557,2.0748126862005862,1.788002417768949,1,1.5,1,1,0,0,1,0,0,0,0,1,0,0,1,0,0,0,0
1,0.7058823529411765,0.0,0.0,0.0,0.0,0.0,0,0.5,0,1,0,0,1,0,0,0,0,0,0,0,0,0,0,0,0
1,0.5294117647058824,0.0,0.0,0.0,0.0,0.0,1,0.0,0,0,0,0,1,0,0,0,0,1,0,0,0,0,1,0,0
1,0.0,0.0,0.0,0.0,0.0,0.0,0,1.0,0,0,0,0,1,0,0,0,0,0,1,0,0,0,1,0,0
0,1.1176470588235294,0.0,1.9757565259957333,0.0,0.17376534287144,2.3213421972231085,1,0.5,1,1,0,0,1,0,0,1,0,0,0,0,0,0,0,0,0
1,1.2941176470588236,0.0,0.0,0.0,0.0,0.0,1,0.0,0,1,0,0,0,0,1,0,0,0,0,0,0,0,0,0,0
0,0.5294117647058824,0.0,1.6671092918896635,0.0,1.6745113813121275,1.7115886123994788,0,0.0,1,1,0,0,1,0,1,0,0,0,0,0,0,0,0,0,0
1,-0.1176470588235294,0.0,0.0,0.0,0.0,0.0,1,0.0,0,0,0,0,1,0,0,0,0,0,1,0,0,0,0,0,0
0,-0.8235294117647058,1.823499850477584,0.1679487789570419,0.0,1.0823528154380506,0.0,0,0.0,1,0,0,0,1,0,0,0,1,0,0,0,0,0,0,0,0
1,0.2352941176470588,0.0,0.0,0.0,0.0,0.0,0,0.0,0,0,0,0,1,0,0,0,0,0,1,0,0,0,0,0,0
0,1.0588235294117647,0.0,0.0,2.529057904000193,1.894061709960397,0.0,1,2.5,1,0,0,0,1,0,0,0,0,0,1,0,0,0,0,1,0
0,-0.6470588235294118,2.044601364842697,0.0,0.7647583148507885,0.0,0.0,1,1.5,1,0,0,0,1,0,0,0,0,1,0,0,0,0,1,0,0
1,0.0,0.0,0.0,0.0,0.0,0.0,1,0.0,0,0,0,0,1,0,0,0,0,0,1,0,0,0,0,1,0
0,-0.1764705882352941,1.784060371681534,0.0,0.0,1.4381035949291705,0.0,0,0.0,1,0,0,0,0,0,0,0,0,1,0,0,0,0,0,0,1
0,0.8235294117647058,1.5373758992586566,1.0902988006970609,1.2140550189604735,0.0,1.490044999621685,0,0.0,1,0,0,0,0,0,0,0,0,1,0,0,0,1,0,0,0
0,-0.4117647058823529,1.6867324954519334,0.0,1.7329714645778895,0.0,0.0,1,0.0,1,0,0,0,1,0,0,0,0,0,1,0,1,0,0,0,0
1,0.3529411764705882,0.0,0.0,0.0,0.0,0.0,0,0.0,0,0,0,1,0,0,0,0,0,0,1,0,0,0,1,0,0
0,0.1764705882352941,1.2741024277541473,0.0,0.0,1.65246931425712,0.915882961356025,1,0.0,1,0,0,0,1,0,0,0,0,1,0,0,1,0,0,0,0
1,-0.4117647058823529,0.0,0.0,0.0,0.0,0.0,1,0.0,0,0,0,0,1,0,0,0,0,0,1,0,0,0,1,0,0
0,-0.2352941176470588,0.7417960936614756,0.1679487789570419,2.123023059765328,0.34753068574288,0.3733048224778867,0,0.0,1,0,0,0,1,0,0,0,0,1,0,0,0,1,0,0,0
0,0.4117647058823529,1.9063437433464765,1.4775565109444857,0.0,0.7860382942944486,0.0,1,0.0,1,0,0,0,1,0,0,0,0,0,1,0,0,1,0,0,0
0,1.411764705882353,0.0,1.3844310052547375,0.0,1.8102617142332411,1.7522960630625488,1,0.0,1,1,0,0,1,0,0,1,0,0,0,0,0,0,0,0,0
1,-0.2941176470588235,0.0,0.0,0.0,0.0,0.0,0,0.0,0,0,0,0,1,0,0,0,0,0,1,0,0,0,0,1,0
0,-0.7058823529411765,0.5206212286759118,1.8080862515182332,2.452363352630545,0.0,0.0,0,0.5,1,0,0,0,0,0,0,0,0,0,1,0,0,1,0,0,0
1,-0.5882352941176471,0.0,0.0,0.0,0.0,0.0,0,1.5,0,1,0,0,0,1,0,0,0,0,0,0,0,0,0,0,0
0,2.3529411764705883,0.881789243726158,1.6226838340746963,0.0,0.924766660145252,0.887511217448728,1,0.0,1,0,0,0,1,0,0,0,0,1,0,0,1,0,0,0,0
0,2.176470588235294,1.6461413990704514,1.5876652601325458,0.350379306422211,0.17376534287144,0.0,0,0.5,1,0,0,0,1,0,0,0,1,0,0,0,1,0,0,0,0
0,0.7058823529411765,2.055173717062642,0.832051221042958,2.3266049668986124,0.0,0.0,1,0.5,1,1,0,0,1,0,1,0,0,0,0,0,0,0,0,0,0
0,0.4705882352941176,1.203907816870377,0.0,0.0,1.580006062238673,0.0,0,0.0,1,0,0,0,1,0,0,0,0,1,0,0,0,1,0,0,0
0,0.7647058823529411,1.7844001131702585,0.0,1.431556258955499,0.0,0.0,0,0.5,1,0,1,0,1,0,0,1,0,0,0,0,0,0,0,0,0
1,-0.0588235294117647,0.0,0.0,0.0,0.0,0.0,1,0.0,0,1,0,0,1,0,1,0,0,0,0,0,0,0,0,0,0
0,-0.1764705882352941,0.0,1.6465918337425949,0.0,0.4034706315309319,0.5916741449658187,0,0.0,1,0,0,0,0,0,0,0,1,0,0,0,1,0,0,0,0
0,2.0588235294117645,1.8133348545524857,0.6717951158281678,0.0,0.0,0.1866524112389433,0,0.0,1,0,0,0,1,0,0,0,0,0,1,0,0,0,0,0,0
0,-0.0588235294117647,1.6043290876450078,0.0,2.086583967295904,1.0386440953455376,0.0,1,0.0,1,0,0,0,1,0,0,0,0,1,0,0,1,0,0,0,0
0,-0.7058823529411765,1.0412424573518235,0.4714918312586162,0.0,1.7201651499184976,0.0,1,0.0,1,0,0,0,1,0,0,0,0,1,0,0,1,0,0,0,0
0,0.2352941176470588,0.0,1.5547669845119956,0.350379306422211,0.4034706315309319,0.8443337464867926,0,0.0,1,0,0,0,0,0,0,0,0,1,0,0,0,1,0,0,0
0,-0.5294117647058824,0.0,0.0,0.6631941883725112,1.6486577765866373,0.0,0,0.0,1,0,0,0,1,0,0,0,0,1,0,0,0,0,0,0,1
0,-0.8235294117647058,0.7580159921564845,0.0,1.4279525032232998,1.5795465013429002,0.0,0,0.0,1,0,0,1,0,0,0,0,0,1,0,0,0,1,0,0,0
1,0.6470588235294118,0.0,0.0,0.0,0.0,0.0,1,0.0,0,0,0,0,0,0,0,0,0,0,1,0,0,0,0,0,0
0,0.0,0.0,0.0,0.0,0.0,0.0,1,0.0,0,0,0,1,0,0,0,0,0,1,0,0,0,0,0,0,0
0,1.0,0.6160483210529383,1.8768151233116777,0.0,1.617466723135781,0.1866524112389433,0,1.5,1,1,0,0,0,1,0,0,0,0,0,0,0,0,0,0,0
1,-0.2352941176470588,0.0,0.0,0.0,0.0,0.0,0,0.5,0,0,0,1,0,0,0,0,0,0,1,0,1,0,0,0,0
0,-1.588235294117647,0.0,0.0,0.0,0.0,0.0,0,1.5,0,0,1,0,1,0,0,0,0,1,0,0,0,0,1,0,0
0,0.1764705882352941,0.0,0.0,1.234638224252226,1.6437213785814504,0.4333934776341722,1,3.0,1,0,0,0,1,0,0,0,0,0,1,0,0,0,1,0,0
0,1.5294117647058822,0.0,0.0,0.0,0.0,0.0,0,0.5,0,0,1,0,1,0,0,0,1,0,0,0,1,0,0,0,0
1,0.0,0.0,0.0,0.0,0.0,0.0,1,0.5,0,0,1,0,0,0,0,0,0,1,0,0,0,0,0,0,0
0,0.5882352941176471,0.0,0.0,0.0,0.0,0.0,1,0.0,0,0,0,0,1,0,0,0,0,0,1,0,0,0,1,0,0
0,-0.4117647058823529,2.093616100565288,0.0,1.459007946901202,0.0,0.0,0,0.5,1,0,1,0,1,0,0,0,0,1,0,0,1,0,0,0,0
1,0.0588235294117647,0.0,0.0,0.0,0.0,0.0,1,0.0,0,0,0,0,1,0,0,0,0,0,1,0,0,0,0,0,0
1,-0.9411764705882352,0.0,0.0,0.0,0.0,0.0,0,1.0,0,0,1,0,1,0,0,0,0,1,0,0,0,0,0,0,0
0,1.6470588235294117,1.5871507632535389,0.0,2.15461055155616,0.0,0.9332620561947168,1,0.0,1,0,1,0,1,0,0,1,0,0,0,0,0,0,0,0,0
1,0.1764705882352941,0.0,0.0,0.0,0.0,0.0,0,0.0,0,0,0,0,1,0,0,0,0,0,1,0,0,0,0,0,0
1,0.1176470588235294,0.0,0.0,0.0,0.0,0.0,1,0.5,0,1,0,1,0,1,0,0,0,0,0,0,0,0,0,0,0
1,0.4117647058823529,0.0,0.0,0.0,0.0,0.0,0,0.0,0,0,0,0,1,0,0,0,0,0,1,0,0,1,0,0,0
0,0.7058823529411765,0.0,1.3492035839536296,0.0,1.8834779626920768,2.018118964817253,1,0.5,1,1,0,0,1,0,0,1,0,0,0,0,0,0,0,0,0
0,1.8823529411764703,1.6409684828734508,1.1973543775350832,0.0,0.17376534287144,0.0,0,0.0,1,0,0,0,0,0,0,0,0,1,0,0,0,0,1,0,0
1,-0.2941176470588235,0.0,0.0,0.0,0.0,0.0,1,0.0,0,0,0,0,1,0,0,0,0,1,0,0,1,0,0,0,0
1,-0.6470588235294118,0.0,0.0,0.0,0.0,0.0,0,0.5,0,1,0,0,1,0,1,0,0,0,0,0,0,0,0,0,0
0,-0.7058823529411765,0.0,1.554370747513594,1.7831278246686428,0.0,0.0,0,0.0,1,0,0,0,1,0,0,0,0,1,0,0,0,0,0,1,0
0,0.9411764705882352,0.5206212286759118,0.7894331112229788,0.0,2.147457526438576,0.0,0,0.5,1,0,0,1,0,0,0,0,0,0,1,0,0,0,0,1,0
1,1.8235294117647056,0.0,0.0,0.0,0.0,0.0,0,0.0,0,0,0,0,1,0,0,0,0,0,1,0,0,0,0,0,0
0,0.3529411764705882,0.0,1.9523702024370968,0.0,1.2240715594718772,0.0,1,1.0,1,1,0,0,1,0,0,0,1,0,0,0,0,0,0,0,0
1,0.8823529411764706,0.0,0.0,0.0,0.0,0.0,0,0.5,0,1,0,0,0,0,1,0,0,0,0,0,0,0,0,0,0
1,-0.5294117647058824,0.0,0.0,0.0,0.0,0.0,1,0.0,0,0,0,0,0,0,0,0,0,0,1,0,1,0,0,0,0
0,1.7058823529411764,1.920389747955251,0.0,1.3549682919094117,0.17376534287144,0.0,1,0.0,1,0,0,1,0,0,0,0,0,1,0,0,0,0,1,0,0
1,0.5294117647058824,0.0,0.0,0.0,0.0,0.0,0,0.5,0,1,0,0,1,1,0,0,0,0,0,0,0,0,0,0,0
0,-0.5294117647058824,0.4305992976375693,1.7442929086035857,0.0,0.0,1.4028234969638531,0,1.5,1,1,0,0,1,1,0,0,0,0,0,0,0,0,0,0,0
1,0.4705882352941176,0.0,0.0,0.0,0.0,0.0,1,0.5,0,0,0,0,1,0,0,0,0,0,1,0,0,0,0,1,0
0,-0.1764705882352941,0.0,0.0,0.0,1.6440772202287617,0.0,1,0.0,1,0,0,0,0,0,0,0,0,1,0,0,0,0,1,0,0
0,-0.1764705882352941,1.8290164662592128,1.5845342907452284,2.14709715370093,0.0,0.0,1,0.0,1,0,0,0,0,0,0,0,0,1,0,0,0,0,0,0,0
0,-1.2352941176470589,0.0,0.0,0.0,0.0,0.0,0,0.0,0,0,0,0,1,0,0,0,0,0,1,0,0,0,0,0,0
0,-0.7058823529411765,2.314363062402591,0.0,2.4974764601231407,0.0,1.94510717708322,1,0.0,1,0,1,0,1,0,0,0,1,0,0,0,0,0,0,0,0
1,-0.2352941176470588,0.0,0.0,0.0,0.0,0.0,1,0.0,0,0,0,0,0,0,0,0,0,0,1,0,1,0,0,0,0
0,-0.4705882352941176,0.0,1.7460970782984373,0.0,1.8729989894600372,0.9795383243914376,0,0.5,1,1,0,0,0,0,0,1,0,0,0,0,0,0,0,0,0
1,-0.1764705882352941,0.0,0.0,0.0,0.0,0.0,0,0.0,0,0,1,0,1,0,0,0,0,1,0,0,0,0,0,0,1
0,0.1176470588235294,1.816665978795753,0.0,0.2210647294575037,0.0,0.0,1,0.0,1,0,0,0,1,0,0,0,0,0,1,0,0,0,1,0,0
0,0.2352941176470588,0.0,0.1679487789570419,0.0,0.7102593820841355,1.814466603465132,1,0.0,1,0,0,0,1,0,0,0,0,1,0,0,0,0,0,0,0
1,0.4705882352941176,0.0,0.0,0.0,0.0,0.0,0,0.0,0,1,0,1,0,0,1,0,0,0,0,0,0,0,0,0,0
1,-0.7647058823529411,0.0,0.0,0.0,0.0,0.0,1,0.5,0,0,0,1,0,0,0,0,0,0,1,0,0,0,0,1,0
0,3.0588235294117645,1.7163360099542218,0.0,0.0,1.3294876204448174,0.4824894837218527,0,0.0,1,0,0,0,1,0,0,0,0,0,1,0,0,1,0,0,0
0,-0.5294117647058824,2.0400698635694154,0.0,0.350379306422211,1.6906708845125686,0.0,0,0.0,1,0,1,0,1,0,0,0,0,1,0,0,0,0,0,0,1
0,1.9411764705882355,0.0,2.1078422110934114,0.0,2.124683600732214,0.5916741449658187,0,0.5,1,1,0,0,1,0,1,0,0,0,0,0,0,0,0,0,0
0,0.5882352941176471,0.0,0.5810073162355173,2.009503242791381,0.5772359744023721,1.5359288502291406,1,0.0,1,0,0,1,0,0,0,0,0,1,0,0,0,0,0,0,0
1,0.9411764705882352,0.0,0.0,0.0,0.0,0.0,1,0.0,0,0,0,0,1,0,0,0,0,0,1,0,0,1,0,0,0
0,0.4705882352941176,1.690134584353291,1.3001699277023238,2.378631770216926,0.0,0.5239995654055677,1,0.0,1,0,0,0,1,0,0,0,1,0,0,0,0,0,0,0,0
0,-0.3529411764705882,0.0,0.0,0.0,0.0,1.797342631817541,1,1.0,1,0,0,0,1,0,0,0,1,0,0,0,0,0,0,0,0
0,0.1176470588235294,1.6925384314894487,0.0,1.9003143628074293,1.4727887257188026,0.0,0,0.5,1,0,1,0,1,0,0,0,1,0,0,0,1,0,0,0,0
0,-0.5294117647058824,1.433135301330399,1.5479412128412753,0.350379306422211,1.5549161001358698,1.1156737103713863,1,1.0,1,0,0,0,1,0,0,0,0,1,0,0,0,0,1,0,0
0,-0.5882352941176471,0.0,1.6122936399393542,0.0,0.6615863334646042,0.0,0,0.0,1,0,0,0,1,0,0,0,1,0,0,0,1,0,0,0,0
0,0.0588235294117647,0.9935527871534756,2.206476070067904,0.0,1.1828823620789242,1.700128052686532,0,0.5,1,1,0,0,1,0,1,0,0,0,0,0,0,0,0,0,0
1,-0.2352941176470588,0.0,0.0,0.0,0.0,0.0,0,0.5,0,1,0,0,1,0,1,0,0,0,0,0,0,0,0,0,0
0,1.6470588235294117,0.0,1.7788332454027784,0.0,1.88114082661274,1.9814328685596845,0,3.0,1,1,0,0,1,0,1,0,0,0,0,0,0,0,0,0,0
1,0.7058823529411765,0.0,0.0,0.0,0.0,0.0,0,1.0,0,1,0,0,1,1,0,0,0,0,0,0,0,0,0,0,0
0,0.0588235294117647,1.7345319446491771,0.0,0.0,0.0,0.819836637888477,0,1.0,1,0,0,0,1,0,0,0,0,1,0,0,0,1,0,0,0
0,0.7058823529411765,1.607636254432331,0.0,2.157934682285901,0.0,0.0,0,0.0,1,0,1,0,1,0,0,0,0,1,0,0,0,0,0,0,0
0,0.7058823529411765,1.4148567344813432,0.0,2.4825614294215046,0.0,0.0,1,0.5,1,0,1,0,1,0,0,0,0,1,0,0,0,0,0,1,0
0,0.8235294117647058,0.0,1.956855235076332,0.0,1.5224539539914026,1.6830090085759832,1,1.0,1,1,0,0,1,0,0,1,0,0,0,0,0,0,0,0,0
0,0.0588235294117647,2.033460179926524,0.0,0.8416718857933595,1.1224253499671306,0.0,0,0.5,1,0,1,0,1,0,0,0,1,0,0,0,1,0,0,0,0
0,-1.0,0.0,0.0,0.0,0.0,0.0,1,1.0,0,0,1,0,1,0,0,0,0,1,0,0,0,0,0,0,0
1,-0.7058823529411765,0.0,0.0,0.0,0.0,0.0,0,0.0,0,1,0,0,0,1,0,0,0,0,0,0,0,0,0,0,0
0,-0.1176470588235294,1.6731892998203846,0.0,1.802742659052756,0.0,0.0,0,0.0,1,0,1,0,1,0,0,1,0,0,0,0,0,0,0,0,0
0,-0.2941176470588235,1.447866345752756,0.0,2.0562327398938174,0.6788821839071186,0.0,0,0.5,1,0,1,0,1,0,0,1,0,0,0,0,0,0,0,0,0
1,0.5294117647058824,0.0,0.0,0.0,0.0,0.0,1,0.5,0,0,0,0,1,0,0,0,0,0,1,0,0,1,0,0,0
0,0.6470588235294118,0.0,1.898934931317011,0.0,1.334427492564964,0.0,0,0.0,1,0,0,0,1,0,0,0,0,1,0,0,0,0,0,0,1
0,-0.0588235294117647,1.7393965584166031,1.0524991474941336,0.0,1.829819667741604,0.0,0,0.0,1,0,1,0,1,0,0,0,0,1,0,0,0,0,1,0,0
1,-0.4117647058823529,0.0,0.0,0.0,0.0,0.0,0,0.5,0,0,1,0,1,0,0,0,0,1,0,0,1,0,0,0,0
0,-0.8235294117647058,1.7750721801112082,0.2661925166888179,0.350379306422211,0.0,0.0,1,1.0,1,0,1,0,1,0,0,0,0,1,0,0,1,0,0,0,0
1,-0.1764705882352941,0.0,0.0,0.0,0.0,0.0,0,0.5,0,1,0,0,0,1,0,0,0,0,0,0,0,0,0,0,0
0,-0.0588235294117647,1.9793547446733104,0.0,1.401517225688844,0.5212960286143199,0.0,0,0.0,1,0,1,0,1,0,0,1,0,0,0,0,0,0,0,0,0
0,0.0588235294117647,2.0916851238771024,1.1921058213311295,1.1995557499630072,0.0,0.0,1,0.0,1,0,1,0,0,0,0,0,0,1,0,0,0,0,0,1,0
0,-0.1176470588235294,0.0,1.4953960839691642,1.3639528012169333,0.6229422381190667,1.3716578295267403,0,0.0,1,0,0,0,1,0,0,0,0,0,1,0,0,0,0,1,0
0,-0.5882352941176471,0.0,0.0,0.0,0.0,0.0,1,1.0,0,0,0,1,0,0,0,0,0,0,1,0,0,0,0,1,0
0,0.1764705882352941,1.8062328023623968,0.0,1.095198067035038,0.0,0.0,1,0.5,1,0,0,0,1,0,0,0,0,0,1,0,1,0,0,0,0
0,-1.0,0.0,0.0,0.0,0.0,0.0,0,2.5,0,0,0,0,1,0,0,0,1,0,0,0,0,0,0,0,0
1,0.0588235294117647,0.0,0.0,0.0,0.0,0.0,1,0.0,0,1,0,0,1,1,0,0,0,0,0,0,1,0,0,0,0
1,-0.6470588235294118,0.0,0.0,0.0,0.0,0.0,0,0.0,0,0,0,0,1,0,0,0,0,0,1,0,0,1,0,0,0
0,0.8235294117647058,0.9099780689616576,0.0,2.232318730472862,0.0,0.4333934776341722,1,0.0,1,0,1,0,1,0,0,0,0,1,0,0,0,0,0,0,0
1,-0.6470588235294118,0.0,0.0,0.0,0.0,0.0,1,0.0,0,0,0,1,0,0,0,0,0,0,1,0,0,0,1,0,0
1,-1.2941176470588236,0.0,0.0,0.0,0.0,0.0,0,1.0,0,0,1,0,1,0,0,0,0,1,0,0,0,0,0,0,1
0,0.2941176470588235,1.6016536014849507,0.0,0.6631941883725112,1.3059681593182528,0.4824894837218527,1,0.0,1,0,0,1,0,0,0,0,0,1,0,0,0,0,0,1,0
1,-0.2352941176470588,0.0,0.0,0.0,0.0,0.0,1,0.5,0,0,0,1,0,0,0,0,0,0,1,0,0,0,0,0,0
0,0.4705882352941176,0.0,0.0,0.0,0.0,0.0,0,0.5,0,0,1,0,1,0,0,0,1,0,0,0,1,0,0,0,0
1,-0.4705882352941176,0.0,0.0,0.0,0.0,0.0,0,2.0,0,0,1,0,1,0,0,0,1,0,0,0,1,0,0,0,0
0,0.2941176470588235,1.8526550239153792,0.0,1.8274949301016516,0.4491768952476266,0.0,1,0.0,1,0,1,0,1,0,0,0,0,1,0,0,0,0,1,0,0
0,-0.2352941176470588,0.0,1.5310788368422357,0.0,1.4298835011809303,0.0,0,0.0,1,0,0,0,1,0,0,0,0,0,1,0,0,0,0,1,0
1,-0.4117647058823529,0.0,0.0,0.0,0.0,0.0,1,0.0,0,0,0,0,1,0,0,0,0,1,0,0,1,0,0,0,0
0,0.2941176470588235,0.0,0.987982717180451,0.0,0.0,1.741219668850036,0,2.5,1,0,0,1,0,0,0,0,0,0,1,0,1,0,0,0,0
0,-1.4705882352941178,0.0,0.0,0.0,0.0,0.0,1,1.0,0,0,0,1,0,0,0,0,0,0,1,0,1,0,0,0,0
0,-0.4117647058823529,1.9395012929055504,0.0,0.0,0.6229422381190667,0.0,1,1.0,1,0,1,0,1,0,0,0,0,1,0,0,0,0,0,0,0
1,0.1764705882352941,0.0,0.0,0.0,0.0,0.0,1,2.0,0,0,1,0,1,0,0,0,0,1,0,0,0,1,0,0,0
0,-0.2941176470588235,0.0,1.5425885987140882,1.7301738239290014,1.0823528154380506,0.0,1,0.0,1,0,0,0,1,0,0,0,0,0,1,0,0,0,0,0,0
1,0.5294117647058824,0.0,0.0,0.0,0.0,0.0,1,0.0,0,0,1,0,1,0,0,0,0,1,0,0,0,1,0,0,0
0,-1.2352941176470589,0.0,0.0,0.0,0.0,0.0,0,2.5,0,0,0,0,1,0,0,0,0,0,1,0,0,0,0,1,0
1,0.9411764705882352,0.0,0.0,0.0,0.0,0.0,0,0.0,0,0,0,1,0,0,0,0,0,0,1,0,0,0,1,0,0
0,-0.1764705882352941,1.8940102035719748,0.0,1.896166983310716,0.34753068574288,1.3892433502153756,0,0.5,1,0,0,0,1,0,0,0,0,1,0,0,0,0,0,0,1
0,-0.2352941176470588,1.732890550627216,0.0,2.052163415291355,0.0,0.0,0,1.5,1,0,1,0,1,0,0,0,0,1,0,0,0,0,0,0,1
1,-0.0588235294117647,0.0,0.0,0.0,0.0,0.0,1,0.5,0,0,1,0,1,0,0,0,0,1,0,0,0,0,0,1,0
0,-0.4117647058823529,1.994018490293547,0.0,0.0,0.17376534287144,0.0,0,0.0,1,0,0,0,1,0,0,0,0,0,1,0,0,0,0,0,0
1,-0.2941176470588235,0.0,0.0,0.0,0.0,0.0,0,1.0,0,0,1,0,1,0,0,0,0,1,0,0,0,0,0,1,0
0,-0.2941176470588235,0.0,0.7003338123346776,0.0,1.6122729514230083,0.0,1,0.5,1,0,0,1,0,0,0,0,0,1,0,0,0,0,0,0,1
0,0.8235294117647058,1.7484801864363697,0.8397438947852097,2.404583874209703,0.0,0.0,0,0.0,1,0,1,0,1,0,0,0,0,1,0,0,0,0,0,0,1
0,-0.5294117647058824,1.1948375792255497,1.7107454488479563,1.992681996594572,0.0,0.0,1,0.5,1,0,1,0,0,0,0,1,0,0,0,0,0,0,0,0,0
0,0.6470588235294118,0.0,0.0,0.0,0.0,0.0,1,0.0,0,0,0,0,1,0,0,0,0,0,1,0,0,0,0,0,0
0,-1.588235294117647,0.0,0.0,0.0,0.0,0.0,1,1.0,0,0,0,0,1,0,0,0,0,1,0,0,1,0,0,0,0
0,-0.3529411764705882,0.0,1.5866260925474636,0.0,0.0,0.0,0,0.0,1,0,0,1,0,0,0,0,0,1,0,0,0,0,1,0,0
1,-0.7058823529411765,0.0,0.0,0.0,0.0,0.0,0,0.0,0,0,0,0,1,0,0,0,0,0,1,0,1,0,0,0,0
0,0.7058823529411765,0.7245290455462887,1.5434198134933357,1.8305863499985264,0.0,0.0,1,0.0,1,0,0,0,1,0,0,0,0,0,1,0,0,0,1,0,0
0,1.588235294117647,0.0,0.0,0.5714440358797147,1.7914296934502028,0.887511217448728,1,0.0,1,0,0,0,1,0,0,0,0,1,0,0,0,0,0,0,1
0,-0.2941176470588235,1.4846352544781076,0.0,0.0,0.0,1.595298459542794,0,0.0,1,0,0,0,0,0,0,0,0,1,0,0,0,0,1,0,0
1,0.9411764705882352,0.0,0.0,0.0,0.0,0.0,1,1.0,0,1,0,0,1,1,0,0,0,0,0,0,0,0,0,0,0
1,0.6470588235294118,0.0,0.0,0.0,0.0,0.0,0,0.0,0,0,1,0,1,0,0,0,0,1,0,0,0,0,0,0,0
0,-0.2352941176470588,1.5665033350089237,0.0,0.0,0.4034706315309319,1.5916741449658185,0,0.0,1,0,0,0,1,0,0,0,0,0,1,0,0,0,0,0,0
0,-0.1176470588235294,1.7764747856114924,0.6864843932202759,0.0,0.5508231047523734,0.0,0,0.0,1,0,0,0,1,0,0,0,1,0,0,0,0,0,0,0,0
1,-0.1764705882352941,0.0,0.0,0.0,0.0,0.0,0,1.5,0,0,1,0,1,0,0,0,0,1,0,0,0,0,0,1,0
1,0.0588235294117647,0.0,0.0,0.0,0.0,0.0,0,0.5,0,0,0,1,0,0,0,0,0,0,1,0,1,0,0,0,0
1,0.2352941176470588,0.0,0.0,0.0,0.0,0.0,0,0.0,0,0,0,0,1,0,0,0,0,0,1,0,0,1,0,0,0
1,-0.2941176470588235,0.0,0.0,0.0,0.0,0.0,1,0.0,0,0,0,0,0,0,0,0,0,0,1,0,1,0,0,0,0
1,-0.8235294117647058,0.0,0.0,0.0,0.0,0.0,1,0.0,0,0,0,1,0,0,0,0,0,0,1,0,0,0,0,1,0
1,1.2941176470588236,0.0,0.0,0.0,0.0,0.0,1,0.5,0,0,1,0,1,0,0,0,0,1,0,0,0,1,0,0,0
0,1.8823529411764703,1.296044750119841,0.0,1.547453106202526,0.6229422381190667,1.9495872064079016,1,0.5,1,0,1,0,1,0,0,0,0,1,0,0,0,0,0,1,0
0,1.4705882352941178,0.0,1.5678674111581914,0.0,0.0,1.6106902205785976,1,0.0,1,0,0,0,1,0,0,0,0,1,0,0,0,0,1,0,0
0,0.8823529411764706,1.0769682989220186,0.0,2.3332473290313023,0.0,0.0,1,1.0,1,0,0,0,1,0,0,0,0,1,0,0,0,1,0,0,0
1,-0.0588235294117647,0.0,0.0,0.0,0.0,0.0,0,1.5,0,1,0,0,1,1,0,0,0,0,0,0,0,0,0,0,0
0,0.7647058823529411,0.0,0.6020900746029018,0.0,1.930049383487649,1.9299579348874107,1,0.0,1,1,0,0,1,0,1,0,0,0,0,0,0,0,0,0,0
1,-0.6470588235294118,0.0,0.0,0.0,0.0,0.0,1,0.5,0,1,0,0,1,1,0,0,0,0,0,0,0,0,0,0,0
0,-0.0588235294117647,0.0,1.5756186833844947,0.0,0.0,1.0980095096213982,0,0.5,1,0,0,0,1,0,0,0,0,1,0,0,0,0,0,1,0
0,0.4117647058823529,1.1442065660635454,0.0,1.751896532111055,1.4982137906631603,0.0,1,0.0,1,0,0,0,0,0,0,0,0,0,1,0,0,1,0,0,0
0,1.4705882352941178,0.7060702520912806,2.1108925601688555,0.0,2.318438458627024,1.5359288502291406,1,2.0,1,1,0,0,0,0,0,0,0,1,0,0,1,0,0,0,0
0,0.0588235294117647,0.0,1.6383214448516632,0.0,0.7245884476238132,0.0,1,0.5,1,0,0,0,1,0,0,0,0,1,0,0,0,0,0,0,0
1,0.0588235294117647,0.0,0.0,0.0,0.0,0.0,1,0.0,0,0,1,0,1,0,0,0,0,1,0,0,0,0,1,0,0
0,0.1764705882352941,1.6700842778934766,0.0,0.0,0.0,1.5516196479509383,0,1.0,1,0,0,0,1,0,0,0,0,1,0,0,0,1,0,0,0
0,-0.1764705882352941,0.0,0.7376843479474341,0.0,0.6788821839071186,1.7482466257298606,0,0.0,1,0,0,0,1,0,0,0,0,1,0,0,0,1,0,0,0
1,0.3529411764705882,0.0,0.0,0.0,0.0,0.0,0,0.0,0,0,1,0,1,0,0,0,0,1,0,0,0,0,0,1,0
0,0.5294117647058824,0.1854490234153689,2.232380877720152,0.2210647294575037,1.8617645459860428,0.8973043878834545,1,0.0,1,1,0,0,0,1,0,0,0,0,0,0,0,0,0,0,0
0,-0.7058823529411765,0.6160483210529383,1.6126056797384687,0.5132964061160518,0.0,0.2958370724829093,0,1.0,1,0,0,0,1,0,0,0,1,0,0,0,1,0,0,0,0
0,1.0588235294117647,2.0515707625876782,0.0,0.0,1.6275421910028092,0.0,0,0.0,1,0,0,0,1,0,0,0,0,1,0,0,1,0,0,0,0
0,-0.5294117647058824,0.1854490234153689,0.1679487789570419,0.0,1.359982881394056,1.6674949020096497,0,0.0,1,0,0,0,1,0,0,0,0,1,0,0,0,0,0,0,1
1,0.2941176470588235,0.0,0.0,0.0,0.0,0.0,0,0.0,0,0,1,0,1,0,0,0,0,1,0,0,0,0,0,0,0
0,2.176470588235294,0.0,0.0,0.0,0.0,0.0,1,0.5,0,1,0,0,0,1,0,0,0,0,0,0,0,0,0,0,0
0,-0.3529411764705882,0.0,1.9262268863762708,0.0,1.51123154413788,1.7035213965214309,1,0.5,1,1,0,0,1,1,0,0,0,0,0,0,0,0,0,0,0
1,0.1764705882352941,0.0,0.0,0.0,0.0,0.0,1,1.0,0,1,0,0,1,0,1,0,0,0,0,0,0,0,0,0,0
0,-0.4117647058823529,0.8611985952751386,0.9796267556696916,0.2210647294575037,0.0,1.6562497395950009,0,1.0,1,0,0,0,0,0,0,0,0,1,0,0,0,0,0,1,0
1,-0.5294117647058824,0.0,0.0,0.0,0.0,0.0,1,0.0,0,0,0,1,0,0,0,0,0,0,1,0,0,0,1,0,0
0,0.4705882352941176,0.0,0.0,0.350379306422211,1.6324320312219138,0.6457112531348923,0,0.0,1,0,0,1,0,0,0,0,0,1,0,0,0,0,1,0,0
1,1.7647058823529411,0.0,0.0,0.0,0.0,0.0,0,0.5,0,0,0,1,0,0,0,0,0,0,1,0,0,0,0,0,0
0,1.9411764705882355,0.0,0.0,2.1860523509924104,1.6309375981916203,0.1866524112389433,0,2.0,1,1,0,0,1,0,0,1,0,0,0,0,0,0,0,0,0
1,-0.0588235294117647,0.0,0.0,0.0,0.0,0.0,0,0.0,0,0,1,0,1,0,0,0,0,1,0,0,0,0,0,1,0
0,-0.2352941176470588,0.0,0.0,2.4401640216183345,0.0,0.0,1,0.0,1,0,0,0,1,0,0,0,0,1,0,0,0,0,1,0,0
1,-0.3529411764705882,0.0,0.0,0.0,0.0,0.0,1,0.0,0,0,1,0,1,0,0,0,0,1,0,0,0,0,1,0,0
1,-0.3529411764705882,0.0,0.0,0.0,0.0,0.0,1,0.0,0,0,0,0,1,0,0,0,0,1,0,0,0,1,0,0,0
0,-0.0588235294117647,0.0,2.1099334342434264,0.0,1.6286791108582035,1.8379769972560984,0,1.0,1,1,0,0,1,0,1,0,0,0,0,0,0,0,0,0,0
0,0.4705882352941176,1.6674689453726923,0.0,0.0,1.0179140761527217,1.4802912469588307,1,0.0,1,0,0,1,0,0,0,0,0,0,1,0,0,0,1,0,0
0,0.4117647058823529,0.0,1.1579762244788925,0.5714440358797147,0.0,1.7869443318965572,0,0.0,1,0,0,0,1,0,0,0,0,0,1,0,0,0,0,0,0
0,-0.8235294117647058,1.850276818154826,0.0,1.5827950200154504,1.4265184788656111,0.0,0,0.5,1,0,1,0,1,0,0,0,0,1,0,0,0,1,0,0,0
0,-1.1176470588235294,0.0,0.0,0.0,0.0,0.0,0,3.0,0,0,0,0,1,0,0,0,0,0,1,0,0,0,0,1,0
0,1.9411764705882355,0.8014973444683071,2.1559646129106635,0.0,0.0,2.015711954305473,0,0.0,1,1,0,0,1,0,1,0,0,0,0,0,0,0,0,0,0
0,0.0,1.3143630624025913,1.948191197853438,0.7343611355735556,1.5172006451459996,1.735719599244502,1,0.0,1,1,0,0,1,0,0,0,0,0,0,0,0,0,0,0,0
0,-0.0588235294117647,1.8160633965896351,0.0,0.0,0.0,0.8323636643738357,0,0.0,1,0,0,0,1,0,0,0,0,0,1,0,1,0,0,0,0
0,-0.3529411764705882,0.8269972386639046,0.0,2.160496374684011,1.359982881394056,0.0,0,0.0,1,0,1,0,1,0,0,0,0,1,0,0,0,0,0,1,0
0,-0.2352941176470588,1.377193546383478,1.883227162006913,0.2210647294575037,0.8608676205267983,1.8563410729014245,0,1.0,1,0,0,1,0,0,0,0,0,0,1,0,1,0,0,0,0
1,-1.1764705882352942,0.0,0.0,0.0,0.0,0.0,1,1.0,0,0,0,0,1,0,0,0,0,0,1,0,0,1,0,0,0
0,-0.7058823529411765,1.544128216923762,0.8749213317910346,0.5714440358797147,0.0,1.740380781853637,0,0.0,1,0,0,0,1,0,0,0,0,1,0,0,1,0,0,0,0
0,1.0588235294117647,0.1854490234153689,0.0,2.060250796049788,0.5772359744023721,1.3700007011705806,1,0.0,1,0,0,0,1,0,0,0,0,0,1,0,0,0,0,1,0
0,1.2941176470588236,0.0,1.807807747038692,0.0,0.7510013172738119,0.0,0,0.0,1,0,0,0,1,0,0,0,0,0,1,0,0,0,0,1,0
0,1.2352941176470589,0.0,0.0,0.2210647294575037,0.0,0.0,0,1.0,1,0,0,0,1,0,0,0,0,0,1,0,1,0,0,0,0
0,-0.1764705882352941,1.6455715449968311,0.0,1.6264952433704112,0.0,0.0,0,0.0,1,0,0,0,1,0,0,0,0,1,0,0,0,0,0,1,0
0,-1.411764705882353,0.0,0.0,0.0,0.0,0.0,0,0.5,0,0,0,0,1,0,0,0,0,0,1,0,0,0,1,0,0
1,0.0588235294117647,0.0,0.0,0.0,0.0,0.0,0,1.0,0,0,0,0,0,0,0,0,0,0,1,0,0,1,0,0,0
1,-1.5294117647058822,0.0,0.0,0.0,0.0,0.0,1,2.5,0,0,0,0,1,0,0,0,1,0,0,0,0,0,0,0,0
1,-1.588235294117647,0.0,0.0,0.0,0.0,0.0,1,1.0,0,1,0,0,1,0,0,0,0,0,0,0,0,0,0,0,0
0,0.7058823529411765,0.0,0.1679487789570419,0.0,1.6562237675251037,0.0,0,0.0,1,0,0,0,1,0,0,0,0,1,0,0,0,0,1,0,0
1,0.1764705882352941,0.0,0.0,0.0,0.0,0.0,0,0.0,0,0,0,1,0,0,0,0,0,0,1,0,0,0,0,1,0
1,1.5294117647058822,0.0,0.0,0.0,0.0,0.0,0,0.5,0,1,0,0,0,0,1,0,0,0,0,0,0,0,0,0,0
0,-0.4705882352941176,0.7245290455462887,1.5559518224256603,0.0,1.273859284887613,0.0,1,0.0,1,0,0,0,1,0,0,0,1,0,0,0,1,0,0,0,0
0,-0.3529411764705882,0.0,0.0,0.0,0.0,0.0,0,0.0,0,0,0,1,0,0,0,0,0,0,1,0,1,0,0,0,0
0,0.0,1.9916818257777664,0.3899649883623831,1.0265928122321035,0.0,0.0,0,0.0,1,0,1,0,1,0,0,1,0,0,0,0,0,0,0,0,0
0,-0.7647058823529411,1.7823551626815424,0.0,0.2210647294575037,0.4034706315309319,0.1866524112389433,0,0.0,1,0,0,0,1,0,0,0,1,0,0,0,0,0,0,0,0
1,-0.7058823529411765,0.0,0.0,0.0,0.0,0.0,1,0.0,0,0,0,0,1,0,0,0,0,0,1,0,1,0,0,0,0
0,0.4705882352941176,0.0,1.6153961006424475,0.9218233423019256,1.3486886111199623,0.0,1,0.0,1,0,0,0,1,0,0,0,0,1,0,0,0,0,0,0,0
0,-0.0588235294117647,0.0,0.0,0.0,0.0,0.0,1,0.0,0,1,0,0,1,1,0,0,0,0,0,0,0,0,0,0,0
1,1.2941176470588236,0.0,0.0,0.0,0.0,0.0,0,1.5,0,0,0,0,1,0,0,0,0,0,1,0,0,1,0,0,0
0,0.1764705882352941,0.0,0.9169048741496012,0.0,0.0,0.5239995654055677,0,0.0,1,0,0,0,1,0,0,0,0,0,1,0,0,1,0,0,0
1,1.3529411764705883,0.0,0.0,0.0,0.0,0.0,0,0.0,0,1,0,0,1,0,0,1,0,0,0,0,0,0,0,0,0
0,0.0,0.1854490234153689,0.0,0.0,0.763232542969351,1.846041675096375,0,0.5,1,0,0,0,1,0,0,0,0,1,0,0,0,0,0,0,1
0,0.0,1.6550977629589656,1.6990276157992776,2.1771831658549767,0.0,0.1866524112389433,0,0.0,1,0,0,0,1,0,0,0,0,1,0,0,1,0,0,0,0
0,-0.5882352941176471,0.0,0.0,2.1959886371515487,0.0,0.4824894837218527,0,3.0,1,0,0,0,1,0,0,0,1,0,0,0,1,0,0,0,0
1,-1.2941176470588236,0.0,0.0,0.0,0.0,0.0,1,3.5,0,0,0,0,1,0,0,0,0,0,1,0,0,0,0,1,0
0,1.0,0.0,1.8964350001587795,0.0,1.8089756485405373,1.7727969469571538,0,0.0,1,1,0,0,1,0,1,0,0,0,0,0,0,0,0,0,0
1,0.0,0.0,0.0,0.0,0.0,0.0,0,0.0,0,1,0,0,0,1,0,0,0,0,0,0,0,0,0,0,0
0,-0.2352941176470588,0.9935527871534756,0.3899649883623831,0.7343611355735556,1.4452780546340924,1.953423204438954,0,0.0,1,0,0,0,1,0,0,0,0,0,1,0,0,0,0,1,0
1,1.1176470588235294,0.0,0.0,0.0,0.0,0.0,0,3.0,0,1,0,0,0,1,0,0,0,0,0,0,0,0,0,0,0
0,-0.1764705882352941,0.4793787713240882,0.1679487789570419,0.6631941883725112,0.0,1.8305664440781717,0,0.5,1,0,0,0,1,0,0,0,0,0,1,0,0,1,0,0,0
1,-1.411764705882353,0.0,0.0,0.0,0.0,0.0,1,3.0,0,0,0,0,1,0,0,0,0,0,1,0,0,1,0,0,0
0,0.0588235294117647,1.970865780189221,1.3001699277023238,0.0,0.738142580866548,2.160602311812688,0,0.5,1,1,0,0,0,0,1,0,0,0,0,0,0,0,0,0,0
0,1.2352941176470589,1.6102528658647055,1.854548087460726,0.0,0.0,0.0,0,0.0,1,0,0,0,1,0,0,0,0,1,0,0,0,0,0,1,0
0,-0.8235294117647058,0.9009078313168304,1.4499010021021674,1.884258917830015,0.0,0.0,1,0.0,1,0,0,0,1,0,0,0,1,0,0,0,1,0,0,0,0
0,-0.1764705882352941,0.0,1.2472320977639335,2.035885316724261,0.7860382942944486,0.0,0,0.0,1,0,0,0,1,0,0,0,0,0,1,0,0,0,0,1,0
0,0.1176470588235294,0.2939297479087193,0.3358975579140839,2.3328229390965527,0.82623465712856,0.0,1,0.0,1,0,0,1,0,0,0,0,0,1,0,0,0,0,0,1,0
0,0.5882352941176471,1.5857276408214274,1.7424752041258786,0.7647583148507885,1.104722203905472,0.0,1,0.0,1,0,0,0,1,0,0,0,0,0,1,0,0,1,0,0,0
0,1.2941176470588236,0.0,2.199770859045917,0.884258917830015,1.2561181583094905,1.3968722600944206,1,1.0,1,1,0,0,0,0,1,0,0,0,0,0,0,0,0,0,0
0,2.235294117647059,0.0,0.0,0.0,0.0,1.8347414503140744,1,0.0,1,0,0,0,1,0,0,0,0,0,1,0,0,1,0,0,0
0,-0.2352941176470588,1.4418266674654852,0.0,2.464253840939707,1.5569378078545748,0.0,1,0.0,1,0,1,0,0,0,0,0,0,1,0,0,0,0,0,0,1
0,-0.4705882352941176,1.8581233155956536,0.0,1.1843657844554036,0.0,0.0,0,0.0,1,0,0,0,1,0,0,0,0,1,0,0,0,0,0,0,1
0,-1.588235294117647,0.0,0.0,0.0,0.0,0.0,1,2.0,0,0,0,0,1,0,0,0,0,0,1,0,0,0,0,0,0
1,-0.4705882352941176,0.0,0.0,0.0,0.0,0.0,0,0.0,0,0,0,1,0,0,0,0,0,0,1,0,0,0,0,1,0
0,1.411764705882353,0.1854490234153689,2.0057307288484867,0.0,1.251053533562515,0.0,1,0.0,1,1,0,0,1,0,1,0,0,0,0,0,0,0,0,0,0
0,0.4705882352941176,2.0621170359461134,0.0,1.4873059150996193,0.17376534287144,0.0,1,0.0,1,0,0,0,1,0,0,0,0,0,1,0,0,0,1,0,0
1,-0.6470588235294118,0.0,0.0,0.0,0.0,0.0,0,1.5,0,0,0,0,1,0,0,0,0,0,1,0,0,1,0,0,0
1,1.2941176470588236,0.0,0.0,0.0,0.0,0.0,0,2.0,0,1,0,0,1,0,1,0,0,0,0,0,0,0,0,0,0
1,-1.3529411764705883,0.0,0.0,0.0,0.0,0.0,1,1.0,0,0,0,0,1,0,0,0,0,0,1,0,0,0,0,1,0
0,0.2352941176470588,1.7874385275011515,0.0,1.3594921832053657,1.6019719789476936,0.0,0,0.0,1,0,1,0,0,0,0,0,0,1,0,0,0,1,0,0,0
0,1.7647058823529411,1.747312709443104,0.0,0.0,0.0,0.0,1,0.0,1,0,0,0,1,0,0,0,0,0,1,0,0,1,0,0,0
1,0.4705882352941176,0.0,0.0,0.0,0.0,0.0,0,0.0,0,0,1,0,1,0,0,0,0,1,0,0,1,0,0,0,0
1,-0.1176470588235294,0.0,0.0,0.0,0.0,0.0,1,0.0,0,0,1,0,1,0,0,0,0,1,0,0,1,0,0,0,0
0,-0.2941176470588235,1.0243391705250575,1.6961731330196912,1.5959035358840954,1.8120875809968304,0.1866524112389433,1,0.0,1,0,0,0,1,0,0,0,0,1,0,0,0,0,0,0,0
1,-1.5294117647058822,0.0,0.0,0.0,0.0,0.0,0,3.0,0,0,0,0,0,0,0,0,0,0,1,0,0,0,0,0,0
1,-0.1176470588235294,0.0,0.0,0.0,0.0,0.0,1,0.5,0,0,1,0,0,0,0,0,0,1,0,0,0,0,0,0,0
1,-1.0588235294117647,0.0,0.0,0.0,0.0,0.0,0,0.0,0,0,1,0,1,0,0,0,0,1,0,0,0,0,0,1,0
0,-1.4705882352941178,0.0,0.0,0.0,0.0,0.0,0,3.0,0,0,0,0,1,0,0,0,0,0,1,0,0,1,0,0,0
1,0.5294117647058824,0.0,0.0,0.0,0.0,0.0,0,0.0,0,1,0,0,0,1,0,0,0,0,0,0,0,0,0,0,0
0,0.1176470588235294,1.5251330790463975,0.0,2.165558845880944,0.4491768952476266,0.0,0,0.0,1,0,1,0,1,0,0,0,0,1,0,0,0,0,1,0,0
0,0.0588235294117647,1.3333459429721346,0.5323850333776358,2.017021409336964,0.0,1.1626240277512538,0,0.0,1,0,0,0,1,0,0,0,0,0,1,0,1,0,0,0,0
1,-1.4705882352941178,0.0,0.0,0.0,0.0,0.0,1,1.0,0,0,1,0,1,0,0,0,0,1,0,0,0,1,0,0,0
0,-1.4705882352941178,0.0,0.0,0.0,0.0,0.0,0,2.5,0,0,0,1,0,0,0,0,1,0,0,0,0,0,0,0,0
1,1.4705882352941178,0.0,0.0,0.0,0.0,0.0,1,0.0,0,1,0,0,1,0,0,0,1,0,0,0,1,0,0,0,0
0,0.2352941176470588,1.7519523584242924,0.0,2.047002639433745,0.0,0.0,0,0.0,1,0,1,0,1,0,0,0,0,1,0,0,0,0,0,0,0
1,1.0,0.0,0.0,0.0,0.0,0.0,1,0.5,0,0,1,0,1,0,0,0,0,1,0,0,0,0,0,0,1
0,0.4117647058823529,0.0,1.9499799634874049,0.0,1.185110735848657,0.7466096449557734,1,2.0,1,1,0,0,0,0,1,0,0,0,0,0,1,0,0,0,0
0,0.0588235294117647,0.0,1.6773487959491906,0.0,1.9577770263031748,1.6830090085759832,1,1.0,1,1,0,0,1,1,0,0,0,0,0,0,0,0,0,0,0
0,-0.4117647058823529,0.0,1.5354057173685192,1.0391014346221656,1.2707256141036951,1.1156737103713863,0,0.0,1,0,0,0,1,0,0,0,0,0,1,0,0,0,1,0,0
1,-1.588235294117647,0.0,0.0,0.0,0.0,0.0,1,1.5,0,0,0,1,0,0,0,0,0,0,1,0,0,0,0,1,0
1,-0.6470588235294118,0.0,0.0,0.0,0.0,0.0,1,0.0,0,0,0,0,1,0,0,0,0,1,0,0,1,0,0,0,0
0,1.2941176470588236,1.5531428836084935,0.0,0.0,1.4452780546340924,0.0,0,1.5,1,0,0,0,0,0,0,0,0,1,0,0,0,0,0,0,0
0,0.2352941176470588,0.0,1.6959521582022554,0.0,1.2874953564865077,1.9152253724869557,0,0.5,1,1,0,0,0,1,0,0,0,0,0,0,0,0,0,0,0
0,-0.2352941176470588,0.0,0.0,0.0,0.0,0.0,1,0.0,0,0,0,0,1,0,0,0,0,0,1,0,0,0,1,0,0
0,0.8823529411764706,0.0,0.0,0.0,1.3463673871429522,1.0587718676518676,1,0.0,1,0,0,1,0,0,0,0,0,0,1,0,0,1,0,0,0
1,0.6470588235294118,0.0,0.0,0.0,0.0,0.0,1,0.0,0,0,0,0,0,0,0,0,0,0,0,0,0,0,0,0,0
1,-0.7058823529411765,0.0,0.0,0.0,0.0,0.0,0,3.0,0,0,0,0,1,0,0,0,0,0,1,0,0,0,0,0,0
0,0.7058823529411765,0.0,1.628593855617136,0.0,0.17376534287144,0.0,1,0.0,1,0,0,0,1,0,0,0,0,1,0,0,0,0,1,0,0
1,0.9411764705882352,0.0,0.0,0.0,0.0,0.0,1,0.0,0,0,1,0,0,0,0,1,0,0,0,0,0,0,0,0,0
1,0.3529411764705882,0.0,0.0,0.0,0.0,0.0,0,0.0,0,0,1,0,1,0,0,0,0,1,0,0,0,1,0,0,0
1,0.7058823529411765,0.0,0.0,0.0,0.0,0.0,0,0.0,0,0,0,0,0,0,0,0,0,0,1,0,1,0,0,0,0
0,-0.1764705882352941,0.0,0.987982717180451,2.0501091151844903,0.0,1.0064890491274203,1,0.0,1,0,0,0,0,0,0,0,0,1,0,0,0,0,0,1,0
0,-1.5294117647058822,0.0,0.0,0.0,0.0,0.0,1,1.0,0,0,0,1,0,0,0,0,0,0,1,0,0,0,0,1,0
1,-0.7647058823529411,0.0,0.0,0.0,0.0,0.0,0,1.0,0,1,0,0,0,1,0,0,0,0,0,0,0,0,0,0,0
0,0.2352941176470588,0.0,0.0,0.0,0.0,0.0,1,0.0,0,1,0,0,1,0,1,0,0,0,0,0,0,0,0,0,0
0,0.1764705882352941,1.6925384314894487,0.3899649883623831,0.0,1.2961906928385705,0.0,1,0.0,1,0,0,0,1,0,0,0,0,1,0,0,0,0,0,0,0
0,1.1176470588235294,0.0,2.2046139879439544,0.0,0.0,1.366655533828889,0,0.0,1,1,0,0,0,0,1,0,0,0,0,0,0,0,0,0,0
0,2.0588235294117645,0.0,1.547125390957669,1.6284340273890512,0.0,0.0,0,3.5,1,0,0,0,1,0,0,0,0,0,1,0,0,0,0,1,0
0,0.7058823529411765,0.0,0.0,0.0,0.0,1.78086868911871,0,0.0,1,0,0,1,0,0,0,0,0,1,0,0,0,0,0,1,0
0,-0.4117647058823529,1.7228249226740255,0.0,0.350379306422211,0.0,0.0,0,0.0,1,0,0,0,1,0,0,0,0,0,1,0,0,0,0,1,0
0,0.2352941176470588,0.0,2.2548367108581053,2.014150741991048,2.2579068290922475,2.328294593303528,0,0.5,1,1,0,0,0,1,0,0,0,0,0,0,0,0,0,0,0
1,-0.4705882352941176,0.0,0.0,0.0,0.0,0.0,0,0.0,0,0,0,1,0,0,0,0,0,0,1,0,0,0,1,0,0
0,0.7058823529411765,2.144825170700796,1.061760104190551,0.0,0.0,0.0,1,0.0,1,0,0,0,1,0,0,0,0,1,0,0,0,0,0,0,1
0,-0.6470588235294118,1.5295701025688648,1.0328425196153972,1.6022611348870042,1.589024675007822,0.2958370724829093,1,0.0,1,0,0,0,1,0,0,0,0,1,0,0,0,0,0,0,0
0,0.0,0.814550976584631,0.0,0.7925087653372185,0.0,1.816057172224616,1,0.5,1,0,0,0,1,0,0,0,0,1,0,0,0,0,0,0,1
1,-0.5294117647058824,0.0,0.0,0.0,0.0,0.0,1,1.0,0,0,0,1,0,0,0,0,0,0,1,0,0,0,1,0,0
1,-0.3529411764705882,0.0,0.0,0.0,0.0,0.0,0,1.0,0,1,0,0,0,1,0,0,0,0,0,0,0,0,0,0,0
0,-0.0588235294117647,1.215542101432882,0.0,1.9622848173173388,0.0,0.0,1,0.0,1,0,0,1,0,0,0,0,0,1,0,0,1,0,0,0,0
1,-1.588235294117647,0.0,0.0,0.0,0.0,0.0,0,0.5,0,0,0,0,1,0,0,0,0,0,1,0,1,0,0,0,0
0,-0.6470588235294118,1.872670188202093,0.0,1.2780547209668405,0.0,0.0,0,0.0,1,0,1,0,1,0,0,0,0,1,0,0,0,0,0,0,1
0,-0.1764705882352941,0.0,0.0,2.065203209053029,0.0,0.0,1,0.0,1,0,0,1,0,0,0,0,0,1,0,0,1,0,0,0,0
1,0.0,0.0,0.0,0.0,0.0,0.0,0,0.5,0,0,0,0,0,0,0,0,0,0,1,0,0,0,0,0,0
0,-0.3529411764705882,0.0,1.2825617803735896,2.0181624802819225,0.7510013172738119,1.0250676225999908,1,0.0,1,0,0,0,1,0,0,0,0,1,0,0,0,0,1,0,0
1,-0.7647058823529411,0.0,0.0,0.0,0.0,0.0,1,0.0,0,0,0,0,1,0,0,0,0,0,1,0,0,0,0,0,0
0,-0.7647058823529411,0.0,0.2661925166888179,0.0,0.0,1.7983607143461673,0,0.0,1,0,0,0,0,0,0,0,0,1,0,0,1,0,0,0,0
1,0.2352941176470588,0.0,0.0,0.0,0.0,0.0,1,0.0,0,1,0,0,1,1,0,0,0,0,0,0,0,0,0,0,0
0,1.411764705882353,0.9935527871534756,1.593133449791406,2.409129257401545,0.0,0.0,0,0.0,1,0,1,0,0,0,0,0,0,1,0,0,0,0,0,0,1
0,1.6470588235294117,1.5085214171292434,0.0,1.944852665071551,0.0,0.0,1,0.0,1,0,0,0,1,0,0,0,0,1,0,0,0,0,0,0,0
1,2.3529411764705883,0.0,0.0,0.0,0.0,0.0,1,0.0,0,0,1,0,1,0,0,0,0,1,0,0,0,0,0,0,0
0,-1.2352941176470589,0.0,0.0,0.0,0.0,0.0,0,1.0,0,0,0,0,0,0,0,0,0,0,1,0,0,0,0,1,0
0,-0.5294117647058824,0.0,0.0,0.0,0.0,0.0,0,0.5,0,1,0,0,0,0,0,0,1,0,0,0,0,0,0,0,0
1,0.3529411764705882,0.0,0.0,0.0,0.0,0.0,1,0.0,0,1,0,0,0,1,0,0,0,0,0,0,0,0,0,0,0
0,-1.0588235294117647,0.0,0.0,0.0,0.0,0.0,1,0.5,0,0,0,0,1,0,0,0,0,0,1,0,0,0,1,0,0
1,1.7058823529411764,0.0,0.0,0.0,0.0,0.0,1,0.0,0,1,0,0,0,0,0,0,0,0,0,0,0,0,0,0,0
0,-0.4705882352941176,2.028598021929722,0.0,0.2210647294575037,1.6206102175961152,0.0,0,1.0,1,0,1,0,1,0,0,0,0,1,0,0,0,0,0,1,0
0,1.5294117647058822,0.0,2.0107267588487336,0.0,0.6615863334646042,2.168942049557546,1,0.5,1,0,0,0,0,0,0,0,1,0,0,0,0,1,0,0,0
1,-1.411764705882353,0.0,0.0,0.0,0.0,0.0,1,1.0,0,0,1,0,0,0,0,0,1,0,0,0,1,0,0,0,0
1,-1.3529411764705883,0.0,0.0,0.0,0.0,0.0,1,3.0,0,0,0,1,0,0,0,0,0,0,1,0,0,1,0,0,0
1,1.7058823529411764,0.0,0.0,0.0,0.0,0.0,1,0.0,0,0,0,0,1,0,0,0,0,1,0,0,1,0,0,0,0
0,-1.2941176470588236,0.0,0.0,0.0,0.0,0.0,1,0.5,0,0,0,0,0,0,0,0,0,0,1,0,0,0,1,0,0
1,-1.588235294117647,0.0,0.0,0.0,0.0,0.0,0,0.5,0,0,0,0,1,0,0,0,0,0,1,0,0,0,1,0,0
1,0.2941176470588235,0.0,0.0,0.0,0.0,0.0,0,0.0,0,0,1,0,0,0,0,0,0,1,0,0,0,0,0,0,1
0,-1.4705882352941178,0.0,0.0,0.0,0.0,0.0,1,1.5,0,0,0,0,1,0,0,0,0,1,0,0,1,0,0,0,0
1,-0.8823529411764706,0.0,0.0,0.0,0.0,0.0,1,1.0,0,0,1,0,1,0,0,0,0,1,0,0,0,1,0,0,0
0,-0.2941176470588235,1.6539944773278092,0.0,0.0,1.4340272384729982,0.8323636643738357,1,0.0,1,0,0,0,0,0,0,0,0,0,1,0,0,0,1,0,0
0,-0.8235294117647058,0.0,1.989501423343963,0.0,1.8383184612388808,2.223499675697798,0,1.5,1,1,0,0,1,1,0,0,0,0,0,0,0,0,0,0,0
0,1.4705882352941178,0.0,0.4341412956458598,0.0,1.1760758698119682,2.016767669774984,1,0.0,1,1,0,0,1,0,0,1,0,0,0,0,0,0,0,0,0
0,-0.8823529411764706,0.0,0.0,0.0,0.0,0.0,0,0.5,0,0,0,0,1,0,0,0,0,0,1,0,1,0,0,0,0
0,0.8823529411764706,0.0,0.0,2.33662227046056,0.0,0.4333934776341722,1,0.0,1,0,0,0,1,0,0,0,1,0,0,0,0,0,0,0,0
0,-0.6470588235294118,0.0,0.0,0.0,0.0,0.0,0,0.0,0,0,1,0,1,0,0,0,1,0,0,0,0,0,0,0,0
1,1.2352941176470589,0.0,0.0,0.0,0.0,0.0,0,0.0,0,0,0,0,1,0,0,0,0,0,1,0,0,0,1,0,0
0,0.7647058823529411,0.0,0.0,2.168060262538382,0.0,0.0,1,0.5,1,0,0,0,1,0,0,0,0,0,1,0,1,0,0,0,0
1,-1.1176470588235294,0.0,0.0,0.0,0.0,0.0,1,0.0,0,0,0,0,1,0,0,0,0,0,1,0,0,0,1,0,0
1,1.2941176470588236,0.0,0.0,0.0,0.0,0.0,1,0.5,0,0,1,0,1,0,0,0,0,1,0,0,0,0,0,1,0
0,-1.4705882352941178,0.0,0.0,0.0,0.0,0.0,1,1.0,0,0,0,0,1,0,0,0,0,0,1,0,0,0,1,0,0
0,-1.4705882352941178,0.0,0.0,0.0,0.0,0.0,1,1.0,0,0,0,0,1,0,0,0,0,1,0,0,0,0,1,0,0
0,-1.411764705882353,0.0,0.0,0.0,0.0,0.0,1,0.5,0,0,0,0,1,0,0,0,0,0,1,0,0,0,0,1,0
1,-0.8235294117647058,0.0,0.0,0.0,0.0,0.0,0,0.0,0,0,0,0,1,0,0,0,0,0,1,0,1,0,0,0,0
1,1.0588235294117647,0.0,0.0,0.0,0.0,0.0,0,0.5,0,0,1,0,1,0,0,0,0,1,0,0,0,1,0,0,0
1,0.3529411764705882,0.0,0.0,0.0,0.0,0.0,0,0.5,0,1,0,0,0,1,0,0,0,0,0,0,0,0,0,0,0
0,-0.1764705882352941,1.2852984707994712,0.5810073162355173,1.8608902888164185,1.4364809976888548,1.042446717438683,0,0.0,1,0,0,0,1,0,0,0,0,1,0,0,0,0,0,0,1
0,0.7647058823529411,1.8229124816655584,0.0,0.0,0.0,0.0,1,0.0,1,0,0,0,1,0,0,0,0,0,1,0,0,0,0,1,0
1,-1.588235294117647,0.0,0.0,0.0,0.0,0.0,0,2.0,0,0,0,0,0,0,0,0,0,0,1,0,1,0,0,0,0
0,0.1764705882352941,1.3848601565140803,0.0,2.470243947804303,0.0,0.0,0,0.5,1,0,1,0,1,0,0,0,0,1,0,0,0,1,0,0,0
0,-0.4705882352941176,0.0,1.603712980003898,1.6166204920643266,2.137076598302007,1.0250676225999908,0,1.0,1,1,0,0,0,0,0,1,0,0,0,0,0,0,0,0,0
0,0.0,0.0,1.5621749284208908,0.0,1.0721191333666933,0.0,1,0.0,1,0,0,0,0,0,0,0,0,1,0,0,0,1,0,0,0
1,-0.2352941176470588,0.0,0.0,0.0,0.0,0.0,1,0.5,0,0,1,0,1,0,0,0,1,0,0,0,0,0,0,0,0
0,0.8235294117647058,0.0,1.4341412956458597,0.0,1.86502608741718,0.8323636643738357,1,1.0,1,1,0,0,1,0,0,0,0,0,0,0,0,0,0,0,0
0,-0.4705882352941176,1.7496425911023032,0.0,0.7647583148507885,1.5872467214670951,0.8773484072743342,1,1.0,1,0,1,0,1,0,0,0,1,0,0,0,1,0,0,0,0
1,0.4117647058823529,0.0,0.0,0.0,0.0,0.0,1,0.0,0,0,0,1,0,0,0,0,0,0,1,0,0,0,0,0,0
1,0.2941176470588235,0.0,0.0,0.0,0.0,0.0,0,2.0,0,1,0,0,1,0,0,0,0,0,0,0,0,0,0,0,0
0,0.8235294117647058,1.4663251392077643,0.1679487789570419,2.218340117822583,0.0,0.0,1,1.0,1,0,1,0,1,0,0,0,0,1,0,0,0,0,1,0,0
1,0.3529411764705882,0.0,0.0,0.0,0.0,0.0,0,0.0,0,0,0,1,0,0,0,0,0,0,1,0,0,0,1,0,0
0,0.8235294117647058,0.0,1.070680088297711,0.4421294589150075,0.0,1.7713030041069635,1,0.0,1,0,0,0,1,0,0,0,0,1,0,0,1,0,0,0,0
1,0.4117647058823529,0.0,0.0,0.0,0.0,0.0,0,0.0,0,1,0,0,0,0,1,0,0,0,0,0,0,0,0,0,0
0,-0.1764705882352941,1.6787899044228,0.0,0.0,0.0,1.3983724450778776,1,1.0,1,0,0,0,1,0,0,0,0,0,1,0,0,1,0,0,0
0,2.588235294117647,1.82055002581738,0.0,2.372128477828453,0.0,0.0,0,0.0,1,0,1,0,1,0,0,0,0,1,0,0,1,0,0,0,0
1,1.3529411764705883,0.0,0.0,0.0,0.0,0.0,1,1.5,0,1,0,0,1,0,0,0,0,0,0,0,0,0,0,0,0
0,-0.0588235294117647,1.7654072463593156,0.0,2.286022135809422,1.1016462095047468,0.0,1,0.0,1,0,1,0,1,0,0,0,1,0,0,0,1,0,0,0,0
0,-0.4705882352941176,1.893559029120336,1.0875915225821022,0.0,0.0,1.5656436518236054,1,0.5,1,0,1,0,0,0,0,0,0,1,0,0,0,1,0,0,0
1,-0.4117647058823529,0.0,0.0,0.0,0.0,0.0,1,0.0,0,0,0,0,1,0,0,0,0,0,1,0,0,0,1,0,0
1,0.2941176470588235,0.0,0.0,0.0,0.0,0.0,0,2.0,0,1,0,0,0,0,0,1,0,0,0,0,0,0,0,0,0
1,1.3529411764705883,0.0,0.0,0.0,0.0,0.0,0,2.0,0,1,0,0,0,0,1,0,0,0,0,0,0,0,0,0,0
1,2.0,0.0,0.0,0.0,0.0,0.0,0,0.0,0,0,1,0,1,0,0,0,0,1,0,0,0,0,1,0,0
1,-0.0588235294117647,0.0,0.0,0.0,0.0,0.0,1,1.0,0,1,0,0,0,0,0,0,0,0,0,0,0,0,0,0,0
0,-0.2352941176470588,0.4305992976375693,0.0,0.350379306422211,1.389141565991254,1.685080422698285,0,0.0,1,0,0,0,0,0,0,0,0,1,0,0,1,0,0,0,0
1,0.0,0.0,0.0,0.0,0.0,0.0,1,0.5,0,0,1,0,1,0,0,0,0,1,0,0,0,0,1,0,0
0,0.8235294117647058,0.0,2.0971064788853004,0.6631941883725112,2.283615006092663,0.906753866493523,0,0.5,1,1,0,0,0,1,0,0,0,0,0,0,0,0,0,0,0
1,0.1176470588235294,0.0,0.0,0.0,0.0,0.0,0,1.5,0,1,0,0,1,0,0,0,0,0,0,0,0,0,0,0,0
1,-0.1176470588235294,0.0,0.0,0.0,0.0,0.0,1,2.0,0,1,0,0,0,0,0,0,0,1,0,0,1,0,0,0,0
1,1.1764705882352942,0.0,0.0,0.0,0.0,0.0,0,3.0,0,0,0,0,1,0,0,0,0,0,1,0,0,0,1,0,0
1,0.2941176470588235,0.0,0.0,0.0,0.0,0.0,1,0.0,0,0,1,0,1,0,0,0,0,1,0,0,0,0,0,0,1
0,-0.6470588235294118,0.0,1.6104129148135584,0.0,0.0,0.55995723371683,1,1.0,1,0,0,0,1,0,0,0,0,1,0,0,0,0,1,0,0
1,-0.6470588235294118,0.0,0.0,0.0,0.0,0.0,1,0.0,0,0,0,0,1,0,0,0,0,0,1,0,0,0,0,1,0
1,-1.4705882352941178,0.0,0.0,0.0,0.0,0.0,0,0.5,0,0,0,0,0,0,0,0,0,0,1,0,0,1,0,0,0
0,0.0588235294117647,1.79011067342317,0.2661925166888179,0.8416718857933595,0.0,1.1156737103713863,0,0.0,1,0,0,0,1,0,0,0,0,0,1,0,1,0,0,0,0
0,0.0588235294117647,0.0,0.0,2.0782028692443317,0.8688267143571999,0.0,1,2.5,1,0,0,0,0,0,0,0,0,0,1,0,1,0,0,0,0
0,0.3529411764705882,1.8639868822364676,1.4541360464800035,0.2210647294575037,0.0,1.3419980902999276,0,0.0,1,0,0,0,1,0,0,0,1,0,0,0,1,0,0,0,0
1,0.5294117647058824,0.0,0.0,0.0,0.0,0.0,1,0.0,0,0,0,0,0,0,0,0,0,0,1,0,0,1,0,0,0
0,-0.2352941176470588,0.9935527871534756,0.6717951158281678,1.095198067035038,0.0,1.7391175308673583,0,0.0,1,0,0,1,0,0,0,0,0,1,0,0,0,1,0,0,0
0,0.9411764705882352,0.6160483210529383,0.0,2.2276285137551963,0.0,1.7753915679341,1,0.0,1,0,0,0,1,0,0,0,0,0,1,0,1,0,0,0,0
0,-0.2352941176470588,0.0,1.244398160539701,0.0,1.5836525323254371,0.0,0,0.0,1,0,0,0,0,0,0,0,0,1,0,0,1,0,0,0,0
0,-0.2941176470588235,0.0,0.0,0.2210647294575037,1.1442382667333866,1.7252607115162957,1,0.0,1,0,0,0,1,0,0,0,0,1,0,0,0,0,0,1,0
0,-0.2941176470588235,0.9512205263134812,0.0,0.0,1.646554068590243,0.0,0,0.0,1,0,0,0,1,0,0,0,0,1,0,0,0,0,0,0,1
0,1.0,0.0,1.2568977217309776,1.9709864627580669,0.0,0.0,0,0.0,1,0,0,1,0,0,0,0,0,1,0,0,0,0,0,0,0
0,-0.1764705882352941,0.0,0.0,0.0,0.0,0.0,0,0.5,0,1,0,0,1,0,0,0,0,0,0,0,0,0,0,0,0
1,0.8235294117647058,0.0,0.0,0.0,0.0,0.0,1,0.0,0,0,0,0,1,0,0,0,0,1,0,0,1,0,0,0,0
0,-0.4705882352941176,0.0,0.1679487789570419,0.0,1.916027626669418,1.083956799122398,0,0.5,1,1,0,0,1,0,0,1,0,0,0,0,0,0,0,0,0
1,0.0,0.0,0.0,0.0,0.0,0.0,1,0.0,0,0,1,0,1,0,0,1,0,0,0,0,0,0,0,0,0
1,-1.4705882352941178,0.0,0.0,0.0,0.0,0.0,1,1.5,0,0,0,0,1,0,0,0,0,1,0,0,1,0,0,0,0
1,-0.0588235294117647,0.0,0.0,0.0,0.0,0.0,0,0.5,0,1,0,0,0,0,1,0,0,0,0,0,0,0,0,0,0
0,-0.2352941176470588,0.0,0.0,0.7343611355735556,1.0650569649955364,1.899639896956024,0,1.0,1,0,0,0,1,0,0,0,0,1,0,0,0,0,0,0,1
0,0.8823529411764706,1.7937418337266793,0.725862546276467,0.350379306422211,0.6229422381190667,0.778326556204762,1,0.0,1,0,0,0,1,0,0,0,0,1,0,0,0,0,0,0,1
1,-0.5294117647058824,0.0,0.0,0.0,0.0,0.0,1,0.0,0,0,0,1,0,0,0,0,0,0,1,0,0,1,0,0,0
0,-0.4705882352941176,0.0,1.1059364114740275,2.038032994799103,0.0,0.0,1,0.0,1,0,0,1,0,0,0,0,0,1,0,0,0,0,1,0,0
0,-0.7647058823529411,1.7583904448228134,1.3259250034359342,0.0,1.5985842193053952,0.1866524112389433,0,0.0,1,0,0,0,0,0,0,0,0,1,0,0,0,0,1,0,0
0,-0.0588235294117647,0.881789243726158,2.0428701107480767,0.0,1.1618820567160562,0.0,0,1.5,1,1,0,0,0,1,0,0,0,0,0,0,0,0,0,0,0
0,1.0,0.0,0.0,0.0,0.0,0.0,0,1.5,0,1,0,0,0,0,1,0,0,0,0,0,1,0,0,0,0
0,-0.0588235294117647,0.0,0.0,0.2210647294575037,0.0,1.6127225510409713,1,0.0,1,0,0,0,1,0,0,0,0,0,1,0,0,0,1,0,0
0,0.0,0.0,0.7799299767247662,0.0,1.6538410845660805,0.0,1,0.0,1,0,0,0,1,0,0,0,0,0,1,0,0,0,0,0,0
0,0.8235294117647058,0.0,1.879213625368359,0.2210647294575037,0.4878209905931642,0.8557943061997394,1,0.5,1,1,0,0,1,0,1,0,0,0,0,0,0,0,0,0,0
0,-0.2352941176470588,1.4918250334033616,0.0,2.342649781683681,0.9542937362833052,0.0,1,0.0,1,0,1,0,1,0,0,0,0,1,0,0,0,0,1,0,0
1,-0.1176470588235294,0.0,0.0,0.0,0.0,0.0,1,1.5,0,0,1,0,1,0,0,0,0,1,0,0,0,1,0,0,0
1,1.8823529411764703,0.0,0.0,0.0,0.0,0.0,1,0.0,0,1,0,0,0,0,0,0,1,0,0,0,1,0,0,0,0
0,0.1176470588235294,0.1854490234153689,0.0,1.562063095211139,1.1667031745002827,1.7111207017551373,1,0.0,1,0,0,0,1,0,0,0,0,0,1,0,1,0,0,0,0
0,-0.7058823529411765,1.8056062297424889,0.0,0.0,1.2315554106984556,0.0,1,0.0,1,0,0,0,1,0,0,0,1,0,0,0,0,0,0,0,0
1,-0.7647058823529411,0.0,0.0,0.0,0.0,0.0,1,2.0,0,1,0,0,1,0,1,0,0,0,0,0,0,0,0,0,0
1,-0.8235294117647058,0.0,0.0,0.0,0.0,0.0,1,0.0,0,0,0,0,1,0,0,0,0,0,1,0,0,1,0,0,0
0,0.8823529411764706,2.281406435859823,1.4948897120596305,0.0,0.0,0.0,0,0.0,1,0,0,0,1,0,0,0,0,0,1,0,0,1,0,0,0
0,-0.9411764705882352,0.0,0.0,0.0,0.0,0.0,1,1.5,0,0,0,0,1,0,0,0,0,0,1,0,1,0,0,0,0
0,0.7058823529411765,1.9323714390089248,1.347346878542404,2.190396134070076,0.17376534287144,0.915882961356025,1,0.5,1,0,1,0,1,0,0,0,0,1,0,0,0,0,0,0,1
1,0.4117647058823529,0.0,0.0,0.0,0.0,0.0,1,0.0,0,0,1,0,1,0,0,0,0,1,0,0,0,0,0,1,0
1,-0.7058823529411765,0.0,0.0,0.0,0.0,0.0,0,0.5,0,1,0,0,1,0,0,1,0,0,0,0,0,0,0,0,0
1,0.8235294117647058,0.0,0.0,0.0,0.0,0.0,1,0.0,0,0,0,0,1,0,0,0,0,0,1,0,0,0,1,0,0
0,0.0,1.5539475350012342,1.653274520713514,0.0,0.4491768952476266,2.283546415917729,0,0.5,1,1,0,0,0,0,1,0,0,0,0,0,0,0,0,0,0
1,0.1176470588235294,0.0,0.0,0.0,0.0,0.0,0,0.0,0,1,0,0,0,1,0,0,0,0,0,0,0,0,0,0,0
0,-0.7058823529411765,1.534799188622208,0.8158919763281912,1.9800993395412212,0.763232542969351,1.053439366507288,1,0.0,1,0,0,0,1,0,0,0,0,1,0,0,0,1,0,0,0
1,0.5294117647058824,0.0,0.0,0.0,0.0,0.0,1,1.0,0,1,0,0,0,1,0,0,0,0,0,0,0,0,0,0,0
0,0.0,0.0,1.6075641689552589,0.0,0.7748946642242507,0.8557943061997394,1,0.0,1,0,0,0,0,0,0,0,0,1,0,0,1,0,0,0,0
0,-0.4705882352941176,0.881789243726158,1.3930714266880937,1.962962668771032,0.0,0.0,1,0.0,1,0,0,0,1,0,0,0,0,0,1,0,1,0,0,0,0
1,0.0588235294117647,0.0,0.0,0.0,0.0,0.0,1,0.0,0,0,0,0,1,0,0,0,0,0,1,0,0,1,0,0,0
0,-0.1764705882352941,0.0,0.0,0.6206071563358557,1.6372283146509328,0.0,0,1.0,1,0,0,0,1,0,0,0,0,1,0,0,1,0,0,0,0
0,1.411764705882353,0.0,1.348277009705827,1.4421294589150075,0.0,1.502523641863258,1,1.0,1,0,0,0,0,0,0,0,0,1,0,0,1,0,0,0,0
0,-0.3529411764705882,0.986946367883676,0.9665263290234956,1.4523633526305446,0.8840247249555756,1.6835283578364155,1,0.0,1,0,0,0,0,0,0,0,0,1,0,0,0,0,0,0,1
0,-0.2941176470588235,1.3351722052605428,1.5712197933589709,0.2210647294575037,0.0,0.2958370724829093,0,0.5,1,0,0,0,1,0,0,0,0,1,0,0,0,0,0,0,0
0,2.8823529411764706,0.0,1.9173485638368937,1.9286822945882047,2.435922683752831,1.5624089882080252,1,2.0,1,1,0,0,0,1,0,0,0,0,0,0,0,0,0,0,0
0,-0.4117647058823529,0.0,0.0,0.0,1.6437213785814504,0.0,1,0.0,1,0,0,0,1,0,0,0,0,1,0,0,0,0,1,0,0
0,1.1176470588235294,0.0,1.701200714406209,0.0,2.040552728389187,2.36812926360794,0,0.0,1,1,0,0,1,0,1,0,0,0,0,0,0,0,0,0,0
0,0.1764705882352941,0.0,0.0,0.0,0.8353516763360442,1.788002417768949,0,0.0,1,0,0,0,1,0,0,0,1,0,0,0,1,0,0,0,0
0,-0.1764705882352941,0.0,1.4646979599066208,0.0,1.3380695478836415,1.11991446743366,0,0.0,1,0,0,0,0,0,0,0,0,1,0,0,1,0,0,0,0
0,0.6470588235294118,0.0,1.621784764877924,0.4421294589150075,0.0,0.0,1,0.5,1,0,0,0,1,0,0,0,0,0,1,0,0,0,1,0,0
1,2.5294117647058822,0.0,0.0,0.0,0.0,0.0,1,0.0,0,0,1,0,1,0,0,0,0,1,0,0,1,0,0,0,0
0,-0.1176470588235294,1.5587252760066597,1.3976576621046346,1.115137621272999,0.69506137148576,0.0,1,0.0,1,0,1,0,1,0,0,0,0,1,0,0,0,0,0,1,0
0,-0.5294117647058824,1.0571409787674464,1.412346939496743,0.2210647294575037,0.0,1.6372196596392867,1,0.5,1,0,0,0,0,0,0,0,1,0,0,0,1,0,0,0,0
0,0.0588235294117647,1.203907816870377,2.05517427937298,0.0,0.2754115523761867,1.9865330685183,0,0.0,1,1,0,0,0,0,1,0,0,0,0,0,0,0,0,0,0
1,-0.1764705882352941,0.0,0.0,0.0,0.0,0.0,1,1.0,0,0,0,0,1,0,0,0,0,0,1,0,0,1,0,0,0
0,0.1764705882352941,1.5563470702461066,1.585930829888135,2.0077428207196206,0.0,0.0,0,0.0,1,0,0,0,1,0,0,0,0,1,0,0,0,0,0,0,0
1,-0.1176470588235294,0.0,0.0,0.0,0.0,0.0,1,0.5,0,1,0,0,0,1,0,0,0,0,0,0,0,0,0,0,0
0,-0.3529411764705882,0.0,0.7376843479474341,2.3409983657536357,1.1016462095047468,1.6803971306012222,1,1.0,1,0,0,0,1,0,0,0,0,1,0,0,0,0,0,1,0
0,-0.0588235294117647,0.0,0.9796267556696916,1.8426608136830984,0.4878209905931642,1.4802912469588307,0,0.0,1,0,0,0,1,0,0,0,0,0,1,0,1,0,0,0,0
0,-1.5294117647058822,0.0,0.0,0.0,0.0,0.0,0,1.0,0,0,1,0,1,0,0,0,0,1,0,0,0,0,0,0,1
1,1.6470588235294117,0.0,0.0,0.0,0.0,0.0,1,0.0,0,1,0,0,1,1,0,0,0,0,0,0,0,0,0,0,0
0,0.8235294117647058,0.0,0.0,0.0,0.0,1.726147969347211,0,0.0,1,0,0,0,1,0,0,0,0,1,0,0,0,0,0,0,0
1,-0.2352941176470588,0.0,0.0,0.0,0.0,0.0,0,0.0,0,0,1,0,0,0,0,0,0,1,0,0,0,0,1,0,0
1,0.1176470588235294,0.0,0.0,0.0,0.0,0.0,0,0.0,0,1,0,0,1,0,1,0,0,0,0,0,0,0,0,0,0
0,-0.4117647058823529,0.0,1.5332519354491672,0.9858230443082924,0.0,0.4824894837218527,1,0.0,1,0,0,0,1,0,0,0,0,1,0,0,0,1,0,0,0
0,-0.2352941176470588,1.0062954995527402,0.0,0.0,1.6648806042382305,0.2958370724829093,1,0.0,1,0,0,0,0,0,0,0,0,0,1,0,0,1,0,0,0
0,0.8235294117647058,0.0,1.2648863201534175,0.0,1.8368394575481368,2.1864120161852774,1,0.0,1,1,0,0,1,0,1,0,0,0,0,0,0,0,0,0,0
1,0.8823529411764706,0.0,0.0,0.0,0.0,0.0,0,0.5,0,1,0,0,0,0,0,0,1,0,0,0,0,0,0,0,0
1,0.1764705882352941,0.0,0.0,0.0,0.0,0.0,1,0.0,0,0,1,0,1,0,0,0,0,1,0,0,0,1,0,0,0
1,1.0,0.0,0.0,0.0,0.0,0.0,1,0.0,0,0,0,1,0,0,0,0,0,0,1,0,0,0,0,0,0
1,0.7058823529411765,0.0,0.0,0.0,0.0,0.0,0,0.0,0,1,0,0,0,1,0,0,0,0,0,0,0,0,0,0,0
0,0.2941176470588235,0.0,0.0,0.0,0.0,0.0,0,0.0,0,0,0,0,1,0,0,0,0,0,1,0,0,0,1,0,0
0,-0.4117647058823529,2.017608088806896,0.0,0.0,2.2772104660811068,0.0,0,1.0,1,1,0,0,1,0,1,0,0,0,0,0,0,0,0,0,0
0,0.8235294117647058,1.1917445229681092,1.621183526677303,0.0,0.0,0.0,1,0.0,1,0,0,0,1,0,0,0,0,0,1,0,0,0,0,1,0
0,0.8235294117647058,0.0,2.218306832661616,0.0,1.7374084942557957,1.9804011335501748,0,2.5,1,1,0,0,0,0,1,0,0,0,0,0,0,0,0,0,0
1,1.0588235294117647,0.0,0.0,0.0,0.0,0.0,0,0.5,0,1,0,0,0,1,0,0,0,0,0,0,0,0,0,0,0
0,0.5294117647058824,0.0,0.0,2.0897847151961235,0.0,0.0,0,0.0,1,0,0,0,0,0,0,0,0,1,0,0,0,0,0,1,0
1,0.0588235294117647,0.0,0.0,0.0,0.0,0.0,1,1.0,0,1,0,0,1,0,0,0,0,0,0,0,0,0,0,0,0
0,0.0,0.0,0.0,0.0,0.0,0.0,0,0.0,0,0,1,0,1,0,0,0,1,0,0,0,0,0,0,0,0
0,1.7647058823529411,0.0,1.3057659933110275,0.0,2.2688793850448072,0.0,0,1.0,1,1,0,0,1,0,1,0,0,0,0,0,0,0,0,0,0
0,0.7058823529411765,2.214115183989652,1.8454169045666229,0.0,1.830665738063553,1.7279137626126635,0,0.5,1,1,0,0,1,1,0,0,0,0,0,0,0,0,0,0,0
1,0.8235294117647058,0.0,0.0,0.0,0.0,0.0,1,0.5,0,0,1,0,1,0,0,0,0,1,0,0,0,0,0,1,0
1,-1.4705882352941178,0.0,0.0,0.0,0.0,0.0,1,1.0,0,0,0,0,1,0,0,0,0,0,1,0,1,0,0,0,0
0,-1.0588235294117647,0.0,0.0,0.0,0.0,0.0,1,1.0,0,0,1,0,1,0,0,0,0,1,0,0,0,0,0,1,0
0,-0.2352941176470588,1.3848601565140803,1.5028673502038523,1.6379550027421617,0.0,1.8665241123894336,1,0.0,1,0,1,0,1,0,0,0,0,1,0,0,0,1,0,0,0
0,-0.4705882352941176,1.3595113757856008,0.0,2.165917394529054,0.0,0.0,1,0.0,1,0,1,0,1,0,0,0,1,0,0,0,0,0,0,0,0
0,0.4705882352941176,1.9932418674364163,2.032181102815624,2.2081458779175995,0.0,0.7292305501170816,0,1.0,1,0,1,0,1,0,0,0,0,1,0,0,0,0,0,1,0
0,-0.4117647058823529,2.096803744147166,0.1679487789570419,0.0,1.0264128696499986,0.6457112531348923,0,0.0,1,0,0,0,1,0,0,0,0,1,0,0,0,0,0,1,0
0,-1.1176470588235294,0.0,0.0,0.0,0.0,0.0,1,2.5,0,0,0,0,1,0,0,0,0,0,1,0,0,0,0,0,0
0,1.588235294117647,0.0,0.0,0.0,0.0,0.0,1,0.0,0,0,0,0,1,0,0,0,0,1,0,0,1,0,0,0,0
0,0.1176470588235294,0.0,0.3899649883623831,0.0,0.0,1.8332577963787249,1,0.0,1,0,0,0,1,0,0,0,0,0,1,0,1,0,0,0,0
0,0.2352941176470588,0.0,1.6399982603364345,0.0,0.0,0.0,1,1.0,1,0,0,1,0,0,0,0,1,0,0,0,0,0,0,0,0
1,0.4705882352941176,0.0,0.0,0.0,0.0,0.0,1,0.0,0,0,0,1,0,0,0,0,0,0,1,0,0,0,0,0,0
0,-0.5294117647058824,1.711920952894158,0.0,0.0,1.3018244220261852,0.669141894960796,0,0.0,1,0,0,0,1,0,0,0,0,1,0,0,1,0,0,0,0
1,0.3529411764705882,0.0,0.0,0.0,0.0,0.0,1,0.5,0,0,1,0,1,0,0,0,0,1,0,0,0,0,1,0,0
0,-0.6470588235294118,1.915442678447774,0.0,0.8636757125382628,1.813719567654394,0.0,1,1.5,1,0,1,0,1,0,0,0,0,1,0,0,0,0,1,0,0
1,-0.7058823529411765,0.0,0.0,0.0,0.0,0.0,0,0.0,0,0,0,0,1,0,0,0,0,0,1,0,0,0,0,1,0
0,0.1764705882352941,0.0,1.7124036169653971,1.6631941883725114,1.1335689800373283,0.0,1,0.5,1,1,0,0,1,0,0,0,0,0,0,0,0,0,0,0,0
0,0.0588235294117647,0.0,1.5971551001329074,0.0,0.0,1.189916481604246,0,0.0,1,0,0,0,0,0,0,0,0,1,0,0,0,0,0,1,0
0,-0.0588235294117647,0.0,0.0,0.0,0.17376534287144,1.0479991308111354,0,0.0,1,0,0,0,1,0,0,0,0,1,0,0,0,0,0,0,1
0,-0.1176470588235294,0.6160483210529383,1.635216815799892,1.37269112835175,0.6430081763978817,1.0934062777324662,0,0.0,1,0,0,0,1,0,0,0,0,1,0,0,1,0,0,0,0
0,1.5294117647058822,1.9004681493996027,0.0,0.0,0.0,0.0,0,0.0,1,0,0,1,0,0,0,0,0,1,0,0,0,0,0,0,1
1,-0.4705882352941176,0.0,0.0,0.0,0.0,0.0,0,0.5,0,1,0,0,0,1,0,0,0,0,0,0,0,0,0,0,0
1,-0.4117647058823529,0.0,0.0,0.0,0.0,0.0,0,2.0,0,0,0,1,0,0,0,0,0,0,1,0,0,1,0,0,0
1,-1.588235294117647,0.0,0.0,0.0,0.0,0.0,0,0.5,0,0,0,0,0,0,0,0,0,0,1,0,0,0,0,1,0
0,-0.9411764705882352,0.0,0.0,0.0,0.0,0.0,0,2.5,0,0,0,0,0,0,0,0,0,0,1,0,0,1,0,0,0
0,-0.4117647058823529,0.0,0.0,2.3817432972278203,1.7294414953280834,0.0,0,1.0,1,0,1,0,1,0,0,0,0,1,0,0,0,0,0,0,0
0,-0.2352941176470588,1.3221185731442189,0.0,0.2210647294575037,1.2610824868365087,1.5812586059994675,1,0.0,1,0,0,0,1,0,0,0,0,1,0,0,0,0,0,0,0
0,0.8823529411764706,0.0,2.0840083977667594,0.0,1.5434955150769736,1.265757142008008,0,0.0,1,1,0,0,0,1,0,0,0,0,0,0,0,0,0,0,0
1,-0.5294117647058824,0.0,0.0,0.0,0.0,0.0,1,2.5,0,1,0,0,0,1,0,0,0,0,0,0,0,0,0,0,0
0,-0.2941176470588235,0.6160483210529383,0.0,2.1303178146240014,0.0,0.0,1,0.0,1,0,0,0,1,0,0,0,0,1,0,0,0,0,0,0,0
1,-1.588235294117647,0.0,0.0,0.0,0.0,0.0,1,1.0,0,0,1,0,1,0,0,0,0,1,0,0,0,0,0,0,0
0,0.6470588235294118,0.0,1.1008351942046988,0.0,0.0,2.395584968455968,1,0.5,1,1,0,0,1,0,0,1,0,0,0,0,0,0,0,0,0
0,0.0,0.0,1.4753686958948682,0.0,0.0,1.5656436518236054,1,0.0,1,0,0,1,0,0,0,0,0,1,0,0,1,0,0,0,0
0,2.176470588235294,0.0,1.807668374661812,0.7925087653372185,1.5032529633162572,1.7837448981240769,1,2.5,1,1,0,0,1,1,0,0,0,0,0,0,0,0,0,0,0
0,0.1764705882352941,0.0,2.0744179004936907,0.0,0.5508231047523734,2.037753823027069,0,3.0,1,1,0,0,1,0,1,0,0,0,0,0,0,0,0,0,0
0,-0.1176470588235294,2.0277790017398662,0.0,1.6225819551463476,1.3739435553928785,0.906753866493523,0,0.5,1,0,1,0,1,0,0,1,0,0,0,0,0,0,0,0,0
0,0.2941176470588235,0.1854490234153689,1.7069725528339927,0.0,0.9856709344603222,0.95739304303974,0,1.0,1,1,0,0,1,0,0,0,0,0,0,0,0,0,0,0,0
0,-0.5294117647058824,1.1978952854946423,0.905633126904476,1.9716460886165843,0.0,0.0,1,0.0,1,0,0,1,0,0,0,0,0,1,0,0,0,0,0,0,1
0,-0.4705882352941176,0.0,1.592456636863837,0.350379306422211,0.0,0.0,1,0.0,1,0,0,0,1,0,0,0,0,1,0,0,1,0,0,0,0
1,-0.7647058823529411,0.0,0.0,0.0,0.0,0.0,0,2.0,0,1,0,0,1,0,0,1,0,0,0,0,0,0,0,0,0
0,0.1764705882352941,0.3708980468307378,0.0,2.1626758523382352,0.0,1.0,0,0.0,1,0,0,0,1,0,0,0,0,1,0,0,1,0,0,0,0
0,1.2352941176470589,1.7966765584323936,0.2661925166888179,2.1440415232478154,1.4290464706923305,0.0,1,1.0,1,0,1,0,0,0,0,1,0,0,0,0,0,0,0,0,0
1,0.1176470588235294,0.0,0.0,0.0,0.0,0.0,0,0.5,0,1,0,0,1,0,0,0,1,0,0,0,1,0,0,0,0
0,-0.5294117647058824,0.1854490234153689,0.4341412956458598,1.825417209470532,1.4670909714003486,0.0,0,0.0,1,0,0,0,0,0,0,0,0,1,0,0,0,0,0,0,1
1,1.0588235294117647,0.0,0.0,0.0,0.0,0.0,0,0.0,0,0,1,0,1,0,0,0,0,1,0,0,0,0,0,0,0
0,-0.4117647058823529,0.0,1.3024238869375795,0.0,1.5781627421803757,0.0,1,0.0,1,0,0,0,1,0,0,0,0,0,1,0,0,0,0,0,0
1,-0.3529411764705882,0.0,0.0,0.0,0.0,0.0,0,1.0,0,0,0,1,0,0,0,0,0,0,1,0,0,0,0,0,0
0,0.2352941176470588,0.1854490234153689,0.0,0.6631941883725112,0.0,1.605194468438982,0,0.0,1,0,0,0,1,0,0,0,0,0,1,0,0,0,1,0,0
0,-0.4705882352941176,1.1478969195567656,0.4341412956458598,0.0,1.4634629717794927,1.4115107828542957,0,0.0,1,0,0,0,1,0,0,0,0,1,0,0,0,0,0,0,0
1,-0.7058823529411765,0.0,0.0,0.0,0.0,0.0,1,0.0,0,0,0,0,1,0,0,0,0,0,1,0,0,0,0,0,0
1,0.0,0.0,0.0,0.0,0.0,0.0,0,0.0,0,0,1,0,1,0,0,0,0,1,0,0,0,1,0,0,0
1,0.2352941176470588,0.0,0.0,0.0,0.0,0.0,1,1.5,0,1,0,0,1,0,0,0,0,0,0,0,0,0,0,0,0
1,0.1176470588235294,0.0,0.0,0.0,0.0,0.0,0,0.5,0,0,1,0,1,0,0,0,0,1,0,0,0,0,0,1,0
0,0.5294117647058824,1.7511846494716563,0.0,0.0,0.0,0.0,0,0.0,1,0,0,0,0,0,0,0,0,1,0,0,0,0,0,1,0
0,1.588235294117647,1.6248211196605504,0.0,2.157934682285901,0.7510013172738119,0.1866524112389433,0,1.0,1,0,1,0,0,0,0,0,0,1,0,0,0,0,1,0,0
0,1.6470588235294117,1.067238267141527,1.6169325602647524,1.1601316759719966,0.0,0.0,1,0.5,1,0,0,0,1,0,0,0,0,1,0,0,0,0,0,0,0
0,-0.1176470588235294,1.3240228259262323,2.035579152168472,0.0,0.0,2.053570691800339,1,0.5,1,1,0,0,0,1,0,0,0,0,0,0,0,0,0,0,0
0,1.2941176470588236,0.0,0.0,0.0,0.0,0.0,0,0.0,0,0,1,0,1,0,0,0,0,1,0,0,1,0,0,0,0
0,-0.7647058823529411,0.0,0.0,0.8636757125382628,1.6397734166983482,1.8033941788047527,0,0.0,1,0,0,0,0,0,0,0,0,1,0,0,1,0,0,0,0
0,2.588235294117647,0.0,0.0,0.0,0.0,0.0,1,0.0,0,1,0,0,1,1,0,0,0,0,0,0,0,0,0,0,0
0,-0.7058823529411765,0.0,1.6153961006424475,0.0,0.0,0.0,1,0.0,1,0,0,0,1,0,0,0,0,1,0,0,1,0,0,0,0
1,-0.4117647058823529,0.0,0.0,0.0,0.0,0.0,0,0.0,0,0,0,1,0,0,0,0,0,0,1,0,0,0,0,0,0
1,0.0,0.0,0.0,0.0,0.0,0.0,1,1.0,0,0,1,1,0,0,0,0,0,1,0,0,0,0,1,0,0
1,0.5882352941176471,0.0,0.0,0.0,0.0,0.0,1,0.0,0,0,0,0,1,0,0,0,0,0,1,0,0,0,0,1,0
0,-1.0,0.0,0.0,0.0,0.0,0.0,1,1.5,0,0,1,0,1,0,0,0,0,1,0,0,0,0,0,0,0
0,-1.1176470588235294,0.0,0.0,0.0,0.0,0.0,0,0.0,0,0,0,0,1,0,0,0,0,0,1,0,0,0,0,1,0
1,-0.4117647058823529,0.0,0.0,0.0,0.0,0.0,1,0.0,0,0,0,0,1,0,0,0,0,0,1,0,0,1,0,0,0
0,-0.4117647058823529,0.0,0.0,0.0,0.0,0.0,0,0.0,0,0,1,0,1,0,0,0,0,1,0,0,0,0,0,0,1
0,-1.0588235294117647,0.0,0.0,0.0,0.0,0.0,1,2.5,0,0,0,0,1,0,0,0,0,0,1,0,0,0,0,1,0
0,1.2941176470588236,2.0370496759704224,2.1509796208290357,0.0,1.9570638241196057,1.042446717438683,1,0.0,1,1,0,0,0,0,1,0,0,0,0,0,0,0,0,0,0
0,0.9411764705882352,0.0,2.2298065646125416,2.0710463463340734,0.6011293213528106,1.5045483319134232,0,2.0,1,1,0,0,0,1,0,0,0,0,0,0,0,0,0,0,0
0,0.8235294117647058,0.7245290455462887,2.137424306834297,1.4054305139129073,1.6057292742365532,2.1502595850483157,0,0.0,1,1,0,0,0,1,0,0,0,0,0,0,0,0,0,0,0
0,0.1764705882352941,0.1854490234153689,1.6190673658853496,0.0,0.6011293213528106,0.0,1,0.0,1,0,0,0,1,0,0,0,0,0,1,0,0,1,0,0,0
0,-0.1176470588235294,0.0,0.0,0.2210647294575037,1.6548650086516488,0.8773484072743342,1,0.5,1,0,0,0,0,0,0,0,0,1,0,0,1,0,0,0,0
0,-0.6470588235294118,1.856831442557284,0.0,1.7831278246686428,0.0,0.0,1,0.0,1,0,1,0,1,0,0,0,1,0,0,0,1,0,0,0,0
1,0.0,0.0,0.0,0.0,0.0,0.0,1,0.0,0,0,1,0,1,0,0,0,0,1,0,0,0,0,0,0,0
0,-0.1764705882352941,1.3981296388933582,0.0,1.968334231349248,0.8526475267785586,0.0,0,0.0,1,0,0,0,1,0,0,0,0,1,0,0,0,0,0,0,1
0,0.0588235294117647,0.0,1.3762994075500663,2.215592029110729,0.17376534287144,1.668045019684251,0,0.0,1,0,0,0,1,0,0,0,0,0,1,0,0,0,1,0,0
0,-0.3529411764705882,0.1854490234153689,0.0,1.585017530674437,1.585904932009902,0.1866524112389433,1,0.0,1,0,0,0,1,0,0,0,0,1,0,0,0,0,1,0,0
0,-0.2352941176470588,0.8611985952751386,0.1679487789570419,2.2780547209668405,0.0,0.0,1,0.0,1,0,1,0,1,0,0,0,0,1,0,0,0,1,0,0,0
0,-0.1176470588235294,1.3063760099879926,1.1698949650871495,1.9179480942721947,1.3244484477917202,0.6200458888731157,0,2.5,1,0,0,0,1,0,0,0,0,1,0,0,0,0,0,0,1
0,2.0,1.9004681493996027,0.8471998329243351,0.0,0.0,1.5872595787526935,1,0.0,1,0,0,0,1,0,0,0,1,0,0,0,0,0,0,0,0
0,0.8823529411764706,0.0,1.7199283997904595,0.0,1.7383867994912583,1.7386951268465265,0,0.5,1,1,0,0,0,1,0,0,0,0,0,0,0,0,0,0,0
1,-0.4117647058823529,0.0,0.0,0.0,0.0,0.0,0,0.0,0,0,0,0,1,0,0,0,0,0,1,0,0,1,0,0,0
1,-0.1764705882352941,0.0,0.0,0.0,0.0,0.0,1,0.0,0,0,0,0,1,0,0,0,0,0,1,0,1,0,0,0,0
0,1.411764705882353,0.0,1.8355556046365629,0.0,1.966377540393626,0.9933507113510024,1,0.0,1,1,0,0,1,0,0,0,0,1,0,0,1,0,0,0,0
0,-1.411764705882353,0.0,0.0,0.0,0.0,0.0,1,1.0,0,0,0,0,1,0,0,0,0,0,1,0,0,1,0,0,0
1,-1.4705882352941178,0.0,0.0,0.0,0.0,0.0,0,0.0,0,0,0,0,1,0,0,0,0,0,1,0,1,0,0,0,0
0,-0.0588235294117647,1.7583904448228134,1.4808016336099767,1.7038252613652811,0.0,1.0250676225999908,0,0.0,1,0,1,0,1,0,0,0,0,1,0,0,1,0,0,0,0
0,-0.4705882352941176,1.760626221508389,0.2661925166888179,0.0,0.0,0.0,1,0.0,1,0,0,0,0,0,0,0,0,1,0,0,0,0,0,0,1
0,-0.5882352941176471,0.8269972386639046,0.0,2.0852023233058987,1.394971838033655,0.4824894837218527,1,2.0,1,0,0,0,1,0,0,0,1,0,0,0,0,0,0,0,0
1,0.4705882352941176,0.0,0.0,0.0,0.0,0.0,0,0.0,0,0,1,0,1,0,0,0,0,1,0,0,0,0,0,0,0
1,-0.4117647058823529,0.0,0.0,0.0,0.0,0.0,1,0.5,0,0,0,0,1,0,0,0,0,0,1,0,0,0,1,0,0
0,-0.2352941176470588,0.5878594958174387,1.250033271974051,0.0,1.7446543859026282,0.0,0,0.0,1,0,0,1,0,0,0,0,0,1,0,0,0,0,0,1,0
1,-0.6470588235294118,0.0,0.0,0.0,0.0,0.0,1,0.0,0,0,0,0,1,0,0,0,0,0,1,0,1,0,0,0,0
0,0.0,0.2939297479087193,1.6346480388473383,0.9390669465144929,0.2754115523761867,0.0,1,0.0,1,0,0,0,1,0,0,0,0,1,0,0,0,0,0,0,0
0,0.5294117647058824,0.0,1.9409010808918123,0.0,0.0,1.2373853981007108,1,1.0,1,0,0,0,1,0,0,0,0,1,0,0,1,0,0,0,0
1,1.2352941176470589,0.0,0.0,0.0,0.0,0.0,1,1.0,0,0,0,0,0,0,0,0,0,0,1,0,1,0,0,0,0
0,0.1764705882352941,0.0,0.0,1.8552453805880815,1.2458844762381334,1.788002417768949,0,1.0,1,1,0,0,1,0,1,0,0,0,0,0,0,0,0,0,0
0,-0.4117647058823529,0.0,0.0,0.2210647294575037,0.0,2.0798202737270204,1,0.0,1,0,0,1,0,0,0,0,0,1,0,0,0,1,0,0,0
1,0.0588235294117647,0.0,0.0,0.0,0.0,0.0,1,2.0,0,1,0,0,1,0,0,0,0,1,0,0,1,0,0,0,0
0,-1.5294117647058822,0.0,0.0,0.0,0.0,0.0,0,1.0,0,0,0,0,1,0,0,0,0,0,1,0,1,0,0,0,0
0,-0.1764705882352941,0.0,1.6150876360934348,0.5714440358797147,0.0,0.1866524112389433,1,0.0,1,0,0,0,0,0,0,0,1,0,0,0,1,0,0,0,0
0,-0.1176470588235294,0.0,0.0,2.1168139930111844,0.0,1.0587718676518676,0,0.0,1,0,0,0,1,0,0,0,0,0,1,0,1,0,0,0,0
0,0.2941176470588235,1.7110291307803325,0.0,1.5737467822655336,0.0,1.733573910536689,0,0.5,1,0,1,0,1,0,0,0,1,0,0,0,0,0,0,0,0
1,1.2352941176470589,0.0,0.0,0.0,0.0,0.0,1,1.0,0,1,0,0,1,0,1,0,0,0,0,0,0,0,0,0,0
1,0.5294117647058824,0.0,0.0,0.0,0.0,0.0,0,3.0,0,0,0,0,1,0,0,0,0,1,0,0,0,1,0,0,0
0,-0.5882352941176471,1.5842969080727551,0.0,1.9676677128435396,0.0,0.0,0,0.0,1,0,0,0,1,0,0,0,0,0,1,0,0,1,0,0,0
1,0.0,0.0,0.0,0.0,0.0,0.0,0,0.5,0,1,0,0,1,0,1,0,0,0,0,0,0,0,0,0,0
0,-0.1764705882352941,1.7583904448228134,0.0,0.5132964061160518,0.980706605933304,0.669141894960796,1,0.0,1,0,0,0,1,0,0,0,0,1,0,0,0,1,0,0,0
0,-0.5294117647058824,0.0,0.9223500217400188,0.0,1.6745113813121275,1.1440454542786835,1,0.0,1,0,0,0,1,0,0,0,0,0,1,0,0,0,0,1,0
0,-0.2352941176470588,1.9137731167964287,1.076449381582659,0.0,1.3749859286137605,1.7221320828684137,0,0.0,1,0,0,0,1,0,0,0,0,1,0,0,0,1,0,0,0
0,-0.7058823529411765,0.0,1.4511185869283076,0.0,1.541361966893135,0.0,1,0.5,1,0,0,0,1,0,0,0,0,1,0,0,0,1,0,0,0
0,-0.3529411764705882,0.6648277947394572,0.0,0.0,1.687999203114603,0.0,1,0.0,1,0,0,0,1,0,0,0,0,0,1,0,0,0,0,1,0
0,-1.1764705882352942,0.0,0.0,0.0,0.0,0.0,1,1.0,0,0,0,0,1,0,0,0,0,0,1,0,0,1,0,0,0
0,2.0588235294117645,1.2347588171693158,0.0,1.168416011586873,1.779908639329991,0.0,1,0.5,1,0,1,0,1,0,0,0,0,1,0,0,0,0,0,0,1
0,-0.7647058823529411,0.7580159921564845,0.0,0.0,1.6469059148212468,1.3492764389901972,0,1.5,1,0,0,0,1,0,0,0,0,1,0,0,1,0,0,0,0
0,-1.588235294117647,0.0,0.0,0.0,0.0,0.0,0,1.5,0,0,1,0,1,0,0,0,0,1,0,0,0,0,1,0,0
1,-0.7058823529411765,0.0,0.0,0.0,0.0,0.0,0,0.0,0,0,0,0,0,0,0,0,0,0,1,0,0,0,0,0,0
0,-0.0588235294117647,0.0,0.0,0.0,0.0,0.0,0,0.0,0,0,1,0,1,0,0,0,0,1,0,0,0,0,0,0,0
1,-0.3529411764705882,0.0,0.0,0.0,0.0,0.0,1,0.0,0,0,0,0,1,0,0,0,0,1,0,0,1,0,0,0,0
0,-1.4705882352941178,0.0,0.0,0.0,0.0,0.0,1,1.0,0,1,0,0,1,0,1,0,0,0,0,0,0,0,0,0,0
0,0.4705882352941176,0.8388901471096889,0.0,2.2558707592333,0.0,0.9495872064079016,1,0.0,1,0,0,1,0,0,0,0,0,1,0,0,0,0,0,1,0
1,0.6470588235294118,0.0,0.0,0.0,0.0,0.0,1,0.0,0,0,0,1,0,0,0,0,0,0,1,0,0,0,0,0,0
0,1.0588235294117647,0.0,1.3930714266880937,2.3891249919958857,1.51123154413788,1.999197847163572,0,0.5,1,1,0,0,0,0,1,0,0,0,0,0,0,0,0,0,0
0,0.0,0.0,1.6730133128161755,0.0,1.651780603938134,1.804720696305308,0,0.5,1,1,0,0,1,0,0,0,1,0,0,0,1,0,0,0,0
0,0.2941176470588235,1.516031984312969,0.0,2.036423593626558,1.6316859282948768,1.0,0,0.0,1,0,1,0,1,0,0,0,1,0,0,0,1,0,0,0,0
0,0.6470588235294118,1.7215396693468863,1.741011158157844,1.1995557499630072,0.17376534287144,1.642104737064686,1,0.0,1,0,0,0,1,0,0,0,0,1,0,0,0,0,0,1,0
0,-0.5294117647058824,0.0,1.59848095225389,0.350379306422211,0.6615863334646042,1.042446717438683,0,0.0,1,0,0,0,1,0,0,0,0,1,0,0,0,0,0,0,1
0,1.1764705882352942,0.0,0.0,2.1626758523382352,0.0,0.2958370724829093,1,0.0,1,0,0,0,1,0,0,0,0,0,1,0,1,0,0,0,0
0,0.6470588235294118,0.0,0.0,0.0,0.9598036371658886,2.187532028231536,0,0.0,1,0,0,0,1,0,0,0,0,1,0,0,0,0,0,0,1
0,-0.5882352941176471,0.0,0.0,0.0,0.0,0.0,1,1.0,0,0,1,0,1,0,0,0,1,0,0,0,1,0,0,0,0
1,0.0588235294117647,0.0,0.0,0.0,0.0,0.0,0,0.0,0,0,0,0,1,0,0,0,0,0,1,0,1,0,0,0,0
0,0.2352941176470588,0.0,0.0,1.4622790421292151,0.0,0.0,0,0.0,1,0,1,0,1,0,0,0,0,1,0,0,0,0,0,0,0
0,-0.3529411764705882,1.694446078690184,0.2661925166888179,0.0,0.0,0.669141894960796,0,0.0,1,0,0,0,1,0,0,0,0,1,0,0,0,0,0,0,0
0,-0.4705882352941176,1.3660772607948242,0.0,2.1254732305017265,0.0,0.0,1,1.0,1,0,1,0,1,0,0,0,1,0,0,0,0,0,0,0,0
0,0.2352941176470588,0.0,1.8397438947852096,0.0,1.2918807230969818,1.0691301642290858,1,0.0,1,1,0,0,1,0,1,0,0,0,0,0,0,0,0,0,0
1,-0.4117647058823529,0.0,0.0,0.0,0.0,0.0,1,1.0,0,0,1,0,1,0,0,0,0,1,0,0,0,0,1,0,0
1,-0.2352941176470588,0.0,0.0,0.0,0.0,0.0,1,0.0,0,0,1,0,1,0,0,0,1,0,0,0,1,0,0,0,0
0,-0.3529411764705882,0.4305992976375693,0.3358975579140839,1.5980368481118183,0.7245884476238132,1.6408917507431084,1,0.0,1,0,0,1,0,0,0,0,0,0,1,0,0,0,0,1,0
0,2.411764705882353,0.0,1.371286148633076,0.0,1.8705616029312808,0.7106519766445111,0,1.5,1,0,0,0,1,0,0,0,0,1,0,0,1,0,0,0,0
1,1.4705882352941178,0.0,0.0,0.0,0.0,0.0,1,0.0,0,0,1,0,1,0,0,0,0,1,0,0,0,0,1,0,0
0,1.6470588235294117,1.1084807244933503,0.0,0.0,0.0,0.0,1,0.0,1,0,0,0,1,0,0,0,0,0,1,0,0,0,0,0,0
1,-0.3529411764705882,0.0,0.0,0.0,0.0,0.0,1,0.0,0,0,0,0,0,0,0,0,0,0,1,0,0,0,0,1,0
0,-0.4705882352941176,0.1854490234153689,1.2041801492058035,0.0,1.389141565991254,1.2608160399266148,0,0.0,1,0,0,0,1,0,0,0,1,0,0,0,0,0,0,0,0
0,-0.4705882352941176,1.072147512886105,0.0,0.0,0.9428967556120202,1.8566140404950615,1,1.5,1,0,0,1,0,0,0,0,0,1,0,0,0,0,0,1,0
1,1.0588235294117647,0.0,0.0,0.0,0.0,0.0,0,0.5,0,0,1,1,0,0,0,0,1,0,0,0,1,0,0,0,0
1,0.5294117647058824,0.0,0.0,0.0,0.0,0.0,0,0.5,0,0,1,0,0,0,0,0,0,1,0,0,0,0,0,0,0
0,0.7058823529411765,0.0,1.7714999567041598,0.0,1.2406065886978297,1.6024039511555128,0,0.0,1,0,0,0,1,0,0,0,0,1,0,0,0,0,0,0,0
1,-0.1764705882352941,0.0,0.0,0.0,0.0,0.0,1,0.5,0,1,0,0,1,0,1,0,0,0,0,0,0,0,0,0,0
0,0.7058823529411765,1.5913752676493784,0.0,1.0,1.541361966893135,0.0,1,0.5,1,0,0,0,1,0,0,0,0,1,0,0,0,0,0,0,0
0,-0.1764705882352941,1.352780294067439,0.0,1.8816482976142752,1.5528779555887005,1.6024039511555128,1,0.0,1,0,0,0,1,0,0,0,0,1,0,0,0,0,1,0,0
1,-0.2941176470588235,0.0,0.0,0.0,0.0,0.0,0,0.0,0,0,1,0,1,0,0,0,0,1,0,0,0,0,1,0,0
1,-0.3529411764705882,0.0,0.0,0.0,0.0,0.0,0,0.0,0,0,1,0,1,0,0,0,0,1,0,0,1,0,0,0,0
1,-1.588235294117647,0.0,0.0,0.0,0.0,0.0,0,0.5,0,0,0,0,1,0,0,0,0,0,1,0,1,0,0,0,0
0,0.0,0.0,1.91601504990119,0.0,0.0,1.8566140404950615,1,2.0,1,1,0,0,1,0,1,0,0,0,0,0,0,0,0,0,0
0,0.2941176470588235,1.7624752018211596,0.0,2.3612450797707574,0.0,0.0,1,0.0,1,0,1,0,1,0,0,0,0,1,0,0,0,0,0,0,1
0,2.0588235294117645,1.544128216923762,1.713845263456918,2.114296119494818,2.135028095356655,1.1994778117249834,1,0.5,1,1,0,0,0,0,0,0,0,0,0,0,0,0,0,0,0
1,-0.5294117647058824,0.0,0.0,0.0,0.0,0.0,0,0.0,0,0,0,0,0,0,0,0,0,0,1,0,0,1,0,0,0
1,0.8235294117647058,0.0,0.0,0.0,0.0,0.0,1,0.5,0,1,0,0,1,0,1,0,0,0,0,0,0,0,0,0,0
0,-0.2352941176470588,1.908914264830819,0.0,1.221064729457504,0.0,0.0,0,3.5,1,0,0,0,1,0,0,0,0,1,0,0,0,0,0,0,1
1,-0.0588235294117647,0.0,0.0,0.0,0.0,0.0,1,0.0,0,0,0,0,1,0,0,0,0,0,1,0,0,0,1,0,0
0,0.1764705882352941,0.0,2.176768497060786,0.0,0.0,0.4333934776341722,0,0.5,1,1,0,0,0,1,0,0,0,0,0,0,0,0,0,0,0
0,-1.3529411764705883,0.0,0.0,0.0,0.0,0.0,1,2.0,0,0,0,0,0,0,0,0,0,1,0,0,1,0,0,0,0
0,1.2352941176470589,0.6862429319367085,0.0,0.0,0.0,1.7990373039183505,0,0.0,1,0,0,0,1,0,0,0,0,0,1,0,0,0,1,0,0
1,-1.588235294117647,0.0,0.0,0.0,0.0,0.0,1,1.0,0,0,0,0,1,0,0,0,0,0,1,0,1,0,0,0,0
0,1.2941176470588236,1.3802866026409184,0.0,0.9390669465144929,1.5955819032001124,0.1866524112389433,1,0.0,1,0,0,0,1,0,0,0,0,0,1,0,0,0,1,0,0
1,-0.3529411764705882,0.0,0.0,0.0,0.0,0.0,0,0.5,0,0,0,0,1,0,0,0,0,0,1,0,0,1,0,0,0
1,-0.1176470588235294,0.0,0.0,0.0,0.0,0.0,0,0.0,0,1,0,0,1,0,0,0,0,0,0,0,0,0,0,0,0
0,0.4117647058823529,0.0,0.0,0.9858230443082924,0.5212960286143199,0.7629347951689582,0,0.0,1,1,0,1,0,0,1,0,0,0,0,0,0,0,0,0,0
1,0.0,0.0,0.0,0.0,0.0,0.0,0,0.0,0,0,0,0,1,0,0,0,0,0,1,0,0,0,0,0,0
0,0.9411764705882352,0.8611985952751386,0.1679487789570419,2.2526108093282384,0.0,0.0,0,0.0,1,0,1,0,1,0,0,0,0,1,0,0,0,0,0,1,0
0,0.2941176470588235,1.3561670024083805,0.0,1.576033021366915,1.6605895512430595,0.0,0,0.5,1,0,1,0,1,0,0,0,1,0,0,0,1,0,0,0,0
1,0.6470588235294118,0.0,0.0,0.0,0.0,0.0,0,0.5,0,0,0,0,1,0,0,0,0,1,0,0,0,0,0,0,0
1,-0.0588235294117647,0.0,0.0,0.0,0.0,0.0,0,2.0,0,0,1,0,1,0,0,0,1,0,0,0,1,0,0,0,0
0,-0.2352941176470588,1.3333459429721346,1.501391413433905,0.9218233423019256,0.980706605933304,0.1866524112389433,0,0.0,1,0,0,0,0,0,0,0,0,1,0,0,1,0,0,0,0
0,0.0,0.0,0.0,0.6206071563358557,1.658248196279713,0.8443337464867926,0,0.0,1,0,0,0,1,0,0,0,0,0,1,0,1,0,0,0,0
1,-0.2352941176470588,0.0,0.0,0.0,0.0,0.0,1,0.0,0,0,1,0,1,0,0,0,0,1,0,0,0,1,0,0,0
0,-0.2352941176470588,0.0,1.529765560616247,1.30580517145327,1.6497030473092205,0.7292305501170816,1,0.0,1,0,0,0,1,0,0,0,0,1,0,0,0,0,1,0,0
1,-0.0588235294117647,0.0,0.0,0.0,0.0,0.0,1,0.0,0,0,0,0,1,0,0,0,0,0,1,0,1,0,0,0,0
1,0.5882352941176471,0.0,0.0,0.0,0.0,0.0,0,0.0,0,0,1,0,1,0,0,0,0,1,0,0,0,0,1,0,0
0,-0.6470588235294118,0.0,1.7751943431714243,0.0,0.0,1.7887055056567889,1,0.0,1,0,0,1,0,0,0,0,0,1,0,0,1,0,0,0,0
0,0.4705882352941176,1.975559696838539,0.0,0.0,0.0,0.0,0,0.0,1,0,0,0,1,0,0,0,1,0,0,0,0,0,0,0,0
0,0.0,0.0,0.0,0.0,0.0,0.0,1,1.5,0,0,1,0,1,0,0,0,1,0,0,0,1,0,0,0,0
0,-0.1764705882352941,1.6284945831322115,0.0,2.445875437954555,0.0,0.0,1,0.0,1,0,1,0,1,0,0,1,0,0,0,0,0,0,0,0,0
1,-0.8823529411764706,0.0,0.0,0.0,0.0,0.0,0,1.0,0,0,1,0,1,0,0,0,0,1,0,0,0,1,0,0,0
0,2.176470588235294,0.0,0.0,2.133903562451908,0.0,0.0,0,0.0,1,0,0,0,1,0,0,0,0,1,0,0,0,0,0,0,0
1,-0.2352941176470588,0.0,0.0,0.0,0.0,0.0,0,0.5,0,1,0,0,0,0,1,0,0,0,0,0,0,0,0,0,0
0,0.6470588235294118,1.0769682989220186,1.6014378565226122,0.0,0.0,0.7106519766445111,0,0.0,1,0,0,0,1,0,0,0,0,0,1,0,0,0,0,0,0
1,0.8235294117647058,0.0,0.0,0.0,0.0,0.0,0,0.5,0,1,0,0,0,0,1,0,0,0,0,0,0,0,0,0,0
0,-0.1764705882352941,0.0,1.070680088297711,0.0,1.8534200709906776,1.1731854797572434,0,0.0,1,0,0,0,1,0,0,1,0,0,0,0,0,0,0,0,0
0,-0.6470588235294118,0.0,1.8420532569071544,0.0,1.1468361179442663,1.1440454542786835,1,1.0,1,1,0,0,1,1,0,0,0,0,0,0,0,0,0,0,0
0,0.0,0.0,0.2661925166888179,1.2476575416896074,0.0,1.8007213776252733,0,0.0,1,0,0,0,1,0,0,0,0,0,1,0,1,0,0,0,0
0,-0.2352941176470588,1.9004681493996027,1.0647700667552715,0.2210647294575037,0.2754115523761867,0.0,1,3.0,1,0,1,0,1,0,0,0,1,0,0,0,0,0,0,0,0
1,-0.8235294117647058,0.0,0.0,0.0,0.0,0.0,1,0.5,0,1,0,0,1,1,0,0,0,0,0,0,0,0,0,0,0
0,0.1176470588235294,0.8014973444683071,1.855350972026691,0.9218233423019256,0.0,0.0,0,0.0,1,0,0,0,1,0,0,0,0,1,0,0,1,0,0,0,0
1,-1.588235294117647,0.0,0.0,0.0,0.0,0.0,1,2.0,0,0,0,0,1,0,0,0,0,0,1,0,0,0,0,1,0
0,-0.2941176470588235,0.5206212286759118,0.7489560951925592,0.0,1.6703833904098415,0.0,0,0.0,1,0,0,0,1,0,0,0,0,0,1,0,0,0,0,1,0
0,-0.1176470588235294,0.2939297479087193,0.9276754860133456,1.221064729457504,0.0,1.805381512607641,0,1.0,1,0,0,0,1,0,0,0,0,0,1,0,0,0,0,1,0
0,1.0588235294117647,0.0,0.0,2.473265692095495,1.1137300136150676,0.0,1,0.0,1,0,0,0,1,0,0,0,0,1,0,0,0,0,1,0,0
1,-0.7058823529411765,0.0,0.0,0.0,0.0,0.0,0,0.0,0,0,0,0,1,0,0,0,0,0,1,0,0,0,0,0,0
0,0.2941176470588235,2.3598277179878933,0.0,0.0,1.1873194761141748,0.1866524112389433,1,0.0,1,0,1,0,1,0,0,0,0,1,0,0,0,0,1,0,0
0,0.4117647058823529,1.5892713533756964,0.0,2.3583182101414937,0.0,0.0,0,1.0,1,0,1,0,1,0,0,0,0,1,0,0,0,0,0,0,0
0,0.1176470588235294,1.1328198950184083,1.046122493413584,2.0956450593841764,0.911907923737988,0.7466096449557734,0,0.0,1,0,0,0,1,0,0,0,0,0,1,0,0,0,1,0,0
1,-0.4705882352941176,0.0,0.0,0.0,0.0,0.0,0,0.0,0,0,1,0,1,0,0,0,0,1,0,0,0,0,1,0,0
0,-0.1176470588235294,1.8619619235715856,0.0,2.098313936790489,0.0,0.55995723371683,0,0.0,1,0,1,1,0,0,0,1,0,0,0,0,0,0,0,0,0
0,-0.4705882352941176,1.618584324745768,0.0,0.0,0.0,0.0,0,0.0,1,0,0,0,0,0,0,0,0,0,1,0,0,1,0,0,0
0,0.7058823529411765,0.0,0.0,2.094302198499613,1.013554133242735,0.1866524112389433,1,3.0,1,0,0,0,1,0,0,0,0,0,1,0,0,0,1,0,0
0,-0.3529411764705882,0.0,0.4714918312586162,0.0,1.6011293213528106,0.0,0,2.0,1,0,0,0,1,0,0,0,0,1,0,0,0,0,0,0,1
0,-0.4117647058823529,0.0,0.4714918312586162,2.014150741991048,0.763232542969351,0.0,0,0.0,1,0,0,0,0,0,0,0,0,1,0,0,0,0,0,1,0
1,0.0,0.0,0.0,0.0,0.0,0.0,1,2.0,0,1,0,0,0,0,1,0,0,0,0,0,0,0,0,0,0
1,-0.2352941176470588,0.0,0.0,0.0,0.0,0.0,1,0.0,0,0,1,0,1,0,0,0,0,1,0,0,1,0,0,0,0
0,-1.588235294117647,0.0,0.0,0.0,0.0,0.0,1,2.0,0,0,0,0,1,0,0,0,0,0,1,0,0,0,0,0,0
0,-1.3529411764705883,0.0,0.0,0.0,0.0,0.0,1,1.0,0,0,0,0,0,0,0,0,1,0,0,0,1,0,0,0,0
0,0.8235294117647058,0.0,2.176525255609288,0.0,2.026335484127409,2.33534880165093,0,1.5,1,1,0,0,1,0,1,0,0,0,0,0,1,0,0,0,0
1,-0.5294117647058824,0.0,0.0,0.0,0.0,0.0,0,0.0,0,0,1,0,1,0,0,0,0,1,0,0,0,1,0,0,0
0,-0.3529411764705882,0.0,0.8073893891727001,2.2564108592589127,0.0,1.6809215368196595,1,0.0,1,0,0,1,0,0,0,0,0,0,1,0,1,0,0,0,0
1,-0.3529411764705882,0.0,0.0,0.0,0.0,0.0,0,1.0,0,0,0,1,0,0,0,0,0,0,1,0,0,1,0,0,0
1,0.4117647058823529,0.0,0.0,0.0,0.0,0.0,0,1.0,0,1,0,0,1,0,0,0,0,0,0,0,0,0,0,0,0
1,-1.3529411764705883,0.0,0.0,0.0,0.0,0.0,0,1.0,0,0,0,0,1,0,0,0,0,0,1,0,0,0,0,0,0
0,-1.4705882352941178,0.0,0.0,0.0,0.0,0.0,0,1.0,0,0,0,0,1,0,0,0,0,0,1,0,0,0,1,0,0
0,-0.1764705882352941,0.0,0.0,2.4867822220609264,0.0,1.0741636286876712,1,0.0,1,0,0,0,0,0,0,0,0,1,0,0,0,1,0,0,0
0,-1.0588235294117647,0.0,0.0,0.0,0.0,0.0,1,1.0,0,0,0,0,1,0,0,0,0,0,1,0,0,0,0,0,0
1,2.0,0.0,0.0,0.0,0.0,0.0,0,0.0,0,0,0,1,0,0,0,0,0,0,1,0,0,0,0,0,1
1,-0.7647058823529411,0.0,0.0,0.0,0.0,0.0,0,0.0,0,0,1,0,1,0,0,0,0,1,0,0,0,0,1,0,0
0,-0.4705882352941176,0.973223032322758,0.0,2.284048864308609,0.0,0.0,0,0.5,1,0,1,0,1,0,0,0,0,1,0,0,0,0,0,0,1
0,0.1176470588235294,0.0,0.0,1.7890231679227286,1.4988492546243088,1.0587718676518676,0,0.0,1,0,0,0,1,0,0,0,0,1,0,0,0,0,0,1,0
0,1.3529411764705883,1.0863568547321991,0.8241062840082429,0.0,0.0,1.7416381343702472,1,0.0,1,0,0,0,0,0,0,0,0,1,0,0,0,0,1,0,0
0,-0.3529411764705882,0.7417960936614756,0.832051221042958,0.7925087653372185,0.2754115523761867,1.6058876026905695,1,0.0,1,0,0,0,1,0,0,0,0,0,1,0,1,0,0,0,0
0,0.8823529411764706,0.0,1.8383967659293263,0.0,1.1760758698119682,0.4824894837218527,0,1.5,1,0,0,0,1,0,1,0,0,0,0,0,0,0,0,0,0
0,-1.3529411764705883,0.0,0.0,0.0,0.0,0.0,0,1.5,0,0,1,0,1,0,0,0,0,1,0,0,0,0,0,0,1
1,0.4705882352941176,0.0,0.0,0.0,0.0,0.0,1,0.5,0,0,1,0,1,0,0,0,0,1,0,0,1,0,0,0,0
0,1.7647058823529411,0.0,0.6394406102156581,0.0,0.9953140617275088,2.513713502524855,1,0.5,1,1,0,0,1,1,0,0,0,0,0,0,1,0,0,0,0
1,-0.2352941176470588,0.0,0.0,0.0,0.0,0.0,0,0.0,0,1,0,0,1,1,0,0,0,0,0,0,0,0,0,0,0
0,0.2941176470588235,1.885770313738713,1.2861872675229615,0.0,0.0,0.5916741449658187,0,0.5,1,0,0,0,0,0,0,0,0,1,0,0,0,1,0,0,0
1,0.7058823529411765,0.0,0.0,0.0,0.0,0.0,1,0.5,0,1,0,0,1,0,1,0,0,0,0,0,0,0,0,0,0
0,0.7647058823529411,0.0,0.1679487789570419,1.683343771586719,1.5868002558131329,0.0,0,0.0,1,0,0,0,1,0,0,0,0,0,1,0,0,0,0,0,0
1,-1.0588235294117647,0.0,0.0,0.0,0.0,0.0,1,3.0,0,0,0,0,1,0,0,0,0,0,1,0,0,1,0,0,0
0,-0.7647058823529411,0.0,1.660546629646808,0.0,2.248609921496017,1.6031042961746325,1,0.5,1,1,0,0,1,0,0,0,0,1,0,0,1,0,0,0,0
1,0.0,0.0,0.0,0.0,0.0,0.0,1,1.5,0,0,1,0,1,0,0,0,0,1,0,0,0,0,0,1,0
0,0.1764705882352941,0.0,0.0,0.0,0.0,0.0,1,0.5,0,1,0,0,1,0,0,0,0,0,0,0,0,0,0,0,0
0,1.2352941176470589,1.3240228259262323,1.1756414526992935,0.0,2.085612174761084,1.685080422698285,0,0.0,1,1,0,0,0,0,1,0,0,0,0,0,0,0,0,0,0
1,0.9411764705882352,0.0,0.0,0.0,0.0,0.0,1,1.0,0,0,0,0,1,0,0,0,0,0,1,0,0,0,0,0,0
0,1.7058823529411764,0.0,0.9573818901800208,0.0,0.2754115523761867,1.7667707932000107,0,1.0,1,0,0,0,1,0,0,0,0,1,0,0,0,0,0,0,0
0,1.0,0.0,1.183097390838419,1.7831278246686428,1.5841046341584102,0.0,1,0.0,1,0,0,0,1,0,0,0,0,1,0,0,0,0,0,0,0
1,0.2352941176470588,0.0,0.0,0.0,0.0,0.0,1,0.5,0,0,0,0,1,0,0,0,0,0,1,0,0,0,0,0,0
0,-0.0588235294117647,1.7911058874154222,0.0,0.0,0.0,1.0,1,0.0,1,0,0,1,0,0,0,0,0,0,1,0,0,0,1,0,0
0,0.1176470588235294,1.7806390157684264,0.0,0.5132964061160518,0.0,0.8557943061997394,1,0.5,1,0,0,0,1,0,0,0,0,1,0,0,1,0,0,0,0
0,0.7647058823529411,0.0,0.0,0.8636757125382628,1.6713420546696542,0.6457112531348923,1,1.0,1,0,0,0,1,0,0,0,0,0,1,0,0,0,0,1,0
0,0.8823529411764706,0.0,0.0,2.3681618831584337,1.050306216600437,1.1156737103713863,0,0.0,1,0,0,0,1,0,0,0,0,0,1,0,0,1,0,0,0
0,-0.6470588235294118,0.0,0.3358975579140839,0.0,0.0,1.885803030881124,0,3.0,1,0,0,0,1,0,0,0,0,1,0,0,0,0,0,0,0
0,-0.4117647058823529,1.831305647167376,0.9920550629652848,1.1053236472875188,0.6430081763978817,0.0,1,0.5,1,0,1,0,1,0,0,0,0,1,0,0,1,0,0,0,0
0,0.3529411764705882,1.24768627791503,0.0,2.229982243913628,0.0,0.0,1,1.0,1,0,1,0,1,0,0,0,0,1,0,0,0,0,0,0,0
0,1.2352941176470589,1.7033261625342428,0.4714918312586162,0.2210647294575037,1.2707256141036951,0.0,0,0.0,1,0,1,0,1,0,0,1,0,0,0,0,0,0,0,0,0
0,-0.2941176470588235,0.0,1.151789534242275,1.7901892715578545,0.0,1.4511827515438935,1,0.0,1,0,0,1,0,0,0,0,0,0,1,0,0,0,1,0,0
0,-1.4705882352941178,0.0,0.0,0.0,0.0,0.0,1,1.0,0,1,0,0,1,0,0,0,0,0,0,0,0,0,0,0,0
1,-0.4117647058823529,0.0,0.0,0.0,0.0,0.0,1,0.0,0,0,0,1,0,0,0,0,0,0,1,0,0,0,0,0,0
0,2.0,0.0,0.9665263290234956,2.1374494432025384,0.34753068574288,0.0,0,0.0,1,0,0,0,1,0,0,0,0,1,0,0,0,0,1,0,0
1,-0.5294117647058824,0.0,0.0,0.0,0.0,0.0,0,0.0,0,0,0,0,1,0,0,0,0,0,1,0,0,1,0,0,0
0,0.0588235294117647,0.4793787713240882,1.9123322158151923,0.8416718857933595,0.0,1.3632682878078302,1,0.0,1,1,0,0,0,0,1,0,0,0,0,0,0,0,0,0,0
1,0.5882352941176471,0.0,0.0,0.0,0.0,0.0,1,0.0,0,0,0,0,1,0,0,0,0,0,1,0,0,0,0,0,0
1,-0.4705882352941176,0.0,0.0,0.0,0.0,0.0,1,2.5,0,1,0,0,0,0,1,0,0,0,0,0,1,0,0,0,0
1,0.1176470588235294,0.0,0.0,0.0,0.0,0.0,0,0.5,0,0,0,0,1,0,0,0,0,0,1,0,0,0,0,1,0
1,-0.7058823529411765,0.0,0.0,0.0,0.0,0.0,1,0.5,0,1,0,0,1,1,0,0,0,0,0,0,1,0,0,0,0
1,2.0588235294117645,0.0,0.0,0.0,0.0,0.0,1,1.5,0,1,0,0,1,1,0,0,0,0,0,0,0,0,0,0,0
0,0.2941176470588235,0.0,0.9665263290234956,0.0,1.6579119247357457,0.0,1,0.5,1,0,0,0,1,0,0,0,0,1,0,0,1,0,0,0,0
0,1.2941176470588236,0.814550976584631,2.138494375718464,1.6471999685679597,2.048541529611704,2.104063530369771,0,0.5,1,1,0,0,1,0,1,0,0,0,0,0,0,0,0,0,0
0,1.0588235294117647,1.8136394036877252,0.0,1.9346577197579555,0.0,0.0,0,0.0,1,0,1,0,1,0,0,0,0,1,0,0,0,0,1,0,0
0,0.0,0.0,1.96609171209885,0.0,1.1016462095047468,1.7461988401345838,0,0.5,1,1,0,0,1,0,1,0,0,0,0,0,0,0,0,0,0
1,-0.0588235294117647,0.0,0.0,0.0,0.0,0.0,0,2.0,0,1,0,0,0,1,0,0,0,0,0,0,0,0,0,0,0
0,0.9411764705882352,0.0,1.8528186092362813,0.0,2.039232916281981,0.9247126870847868,1,0.0,1,1,0,0,0,0,0,1,0,0,0,0,0,0,0,0,0
0,-0.0588235294117647,0.0,0.0,2.403224558400639,0.17376534287144,0.0,1,0.0,1,0,0,0,1,0,0,0,0,0,1,0,0,0,0,0,1
0,0.9411764705882352,0.0,1.2429686645318738,0.4421294589150075,0.0,1.6469027706013306,1,0.0,1,0,0,1,0,0,0,0,1,0,0,0,0,0,0,0,0
0,-0.2352941176470588,0.0,1.7024952795722612,0.0,0.0,1.8585171050098064,1,0.5,1,0,0,0,1,0,0,0,0,1,0,0,0,1,0,0,0
1,-0.7647058823529411,0.0,0.0,0.0,0.0,0.0,0,0.0,0,0,0,1,0,0,0,0,0,0,1,0,0,0,0,0,0
0,0.2352941176470588,0.0,1.8977843211428032,0.2210647294575037,0.17376534287144,0.0,1,3.0,1,1,0,0,1,1,0,0,0,0,0,0,0,0,0,0,0
0,0.0,0.7245290455462887,1.715278383049871,1.9561184363974728,0.6430081763978817,0.6200458888731157,0,0.0,1,0,0,0,1,0,0,0,1,0,0,0,1,0,0,0,0
1,0.1764705882352941,0.0,0.0,0.0,0.0,0.0,1,0.0,0,0,1,0,1,0,0,0,1,0,0,0,0,0,0,0,0
1,-0.0588235294117647,0.0,0.0,0.0,0.0,0.0,0,0.5,0,1,0,0,1,1,0,0,0,0,0,0,0,0,0,0,0
0,0.7647058823529411,0.3708980468307378,0.0,1.3162627964925415,0.0,1.780144810972948,0,0.0,1,0,0,0,1,0,0,0,0,1,0,0,0,0,0,1,0
0,-0.4117647058823529,1.7711766642367963,0.6864843932202759,0.0,0.0,0.915882961356025,1,0.5,1,0,0,0,1,0,0,0,0,1,0,0,0,0,0,0,1
1,-0.4117647058823529,0.0,0.0,0.0,0.0,0.0,0,0.0,0,0,1,0,1,0,0,0,0,1,0,0,0,0,1,0,0
1,-0.5294117647058824,0.0,0.0,0.0,0.0,0.0,0,1.0,0,1,0,0,0,1,0,0,0,0,0,0,0,0,0,0,0
1,-0.2352941176470588,0.0,0.0,0.0,0.0,0.0,0,0.5,0,0,1,0,1,0,0,0,1,0,0,0,1,0,0,0,0
0,-0.4705882352941176,1.526916728228652,0.4341412956458598,2.062240999006751,0.0,0.0,1,0.0,1,0,1,0,1,0,0,0,1,0,0,0,1,0,0,0,0
0,-0.5294117647058824,1.3063760099879926,0.0,2.196965449519751,0.17376534287144,0.0,0,0.5,1,0,1,0,1,0,0,0,0,1,0,0,0,1,0,0,0
1,0.8235294117647058,0.0,0.0,0.0,0.0,0.0,1,0.0,0,0,1,0,0,0,0,1,0,0,0,0,0,0,0,0,0
1,-0.5294117647058824,0.0,0.0,0.0,0.0,0.0,1,0.5,0,0,0,1,0,0,0,0,0,0,1,0,0,1,0,0,0
0,0.8235294117647058,1.7595106685937254,1.5663624443911417,0.350379306422211,1.8431863889193203,2.2841605154040896,0,0.5,1,1,0,0,0,0,1,0,0,0,0,0,0,0,0,0,0
0,0.6470588235294118,0.0,1.965365613651592,1.786678091262117,0.2754115523761867,2.198329810093991,0,0.5,1,1,0,0,1,0,1,0,0,0,0,0,0,0,0,0,0
1,0.0,0.0,0.0,0.0,0.0,0.0,1,0.0,0,0,0,0,1,0,0,0,0,0,1,0,0,0,1,0,0
0,2.176470588235294,0.0,0.0,0.903593867168606,1.654182857486691,1.366655533828889,0,1.0,1,0,0,0,1,0,0,0,0,0,1,0,1,0,0,0,0
0,-0.1764705882352941,0.0,1.5008974298366575,0.9858230443082924,0.0,1.4057505095656444,1,0.0,1,0,0,0,1,0,0,0,0,1,0,0,0,0,0,1,0
1,0.6470588235294118,0.0,0.0,0.0,0.0,0.0,1,0.0,0,0,0,1,0,0,0,0,0,0,1,0,1,0,0,0,0
1,-0.6470588235294118,0.0,0.0,0.0,0.0,0.0,1,0.0,0,0,0,0,1,0,0,0,0,0,1,0,0,0,1,0,0
1,1.7647058823529411,0.0,0.0,0.0,0.0,0.0,0,0.0,0,0,0,0,0,0,0,0,0,0,1,0,1,0,0,0,0
0,0.2352941176470588,0.0,0.0,1.666642102914753,1.597301912681187,0.0,1,0.0,1,0,0,0,1,0,0,0,0,0,1,0,0,0,0,1,0
0,1.2352941176470589,0.0,0.0,0.0,1.994436600564127,1.9655257341453904,0,1.0,1,1,0,0,1,0,1,0,0,0,0,0,0,0,0,0,0
1,-0.4705882352941176,0.0,0.0,0.0,0.0,0.0,1,0.0,0,0,0,0,1,0,0,0,0,0,1,0,0,0,0,1,0
0,0.1176470588235294,1.4856742708768285,0.0,2.125066173664204,0.5508231047523734,0.3733048224778867,0,0.0,1,0,1,0,1,0,0,1,0,0,0,0,0,0,0,0,0
0,-0.5294117647058824,2.1801645520182995,0.0,1.7158052233708936,0.0,0.0,0,1.0,1,0,1,0,1,0,0,0,0,1,0,0,0,0,1,0,0
1,-0.1176470588235294,0.0,0.0,0.0,0.0,0.0,1,1.0,0,1,0,0,0,0,0,0,0,0,0,0,0,0,0,0,0
1,0.2352941176470588,0.0,0.0,0.0,0.0,0.0,1,0.0,0,0,1,0,1,0,0,0,1,0,0,0,0,0,0,0,0
0,0.7058823529411765,0.0,1.923649214506994,0.0,1.2221651594220275,1.3306978655176267,0,1.0,1,1,0,0,1,0,1,0,0,0,0,0,0,0,0,0,0
1,-0.5294117647058824,0.0,0.0,0.0,0.0,0.0,1,0.5,0,0,1,0,1,0,0,0,0,1,0,0,1,0,0,0,0
1,0.8823529411764706,0.0,0.0,0.0,0.0,0.0,0,0.5,0,1,0,0,0,0,0,0,0,0,0,0,0,0,0,0,0
1,1.5294117647058822,0.0,0.0,0.0,0.0,0.0,0,0.0,0,0,1,0,1,0,0,0,0,1,0,0,1,0,0,0,0
0,0.8235294117647058,2.19840152289529,0.0,0.2210647294575037,0.0,0.7928859131524942,0,0.0,1,0,1,0,1,0,0,1,0,0,0,0,0,0,0,0,0
0,-0.2941176470588235,0.0,2.072462740497523,0.0,1.7512333306160914,0.2958370724829093,1,0.5,1,1,0,0,0,1,0,0,0,0,0,0,0,0,0,0,0
0,0.0,0.0,1.5712197933589709,1.0,1.251053533562515,0.4333934776341722,0,0.5,1,0,0,0,1,0,0,0,1,0,0,0,0,0,0,0,0
0,-0.4705882352941176,0.3708980468307378,0.0,0.0,0.0,1.796320685588847,1,0.0,1,0,0,0,1,0,0,0,1,0,0,0,0,0,0,0,0
0,-0.2352941176470588,1.3863674640863437,0.0,0.6631941883725112,0.0,1.6445144400178742,1,0.0,1,0,0,0,1,0,0,0,0,1,0,0,1,0,0,0,0
0,0.1176470588235294,0.0,1.7943432348686563,0.0,0.0,2.218280312303647,1,1.0,1,1,0,0,1,1,0,0,0,0,0,0,0,0,0,0,0
1,-0.9411764705882352,0.0,0.0,0.0,0.0,0.0,1,1.0,0,0,1,0,1,0,0,0,0,1,0,0,0,0,1,0,0
1,0.0588235294117647,0.0,0.0,0.0,0.0,0.0,1,0.0,0,0,1,0,1,0,0,0,0,1,0,0,0,0,0,0,1
1,-0.4117647058823529,0.0,0.0,0.0,0.0,0.0,0,3.5,0,0,0,0,1,0,0,0,0,0,1,0,0,0,0,1,0
1,-0.3529411764705882,0.0,0.0,0.0,0.0,0.0,0,0.0,0,0,0,0,1,0,0,0,0,0,1,0,0,0,0,1,0
1,-1.4705882352941178,0.0,0.0,0.0,0.0,0.0,1,1.0,0,0,0,0,0,0,0,0,0,0,1,0,0,0,0,0,0
0,0.0,0.0,0.8073893891727001,0.0,2.0510086278149138,2.20834202516443,0,0.0,1,1,0,0,1,0,1,0,0,0,0,0,0,0,0,0,0
1,-0.1176470588235294,0.0,0.0,0.0,0.0,0.0,0,0.0,0,0,1,0,0,0,0,0,0,1,0,0,0,1,0,0,0
0,0.7058823529411765,1.018458793455008,1.7907821340920371,0.0,0.4878209905931642,0.0,0,2.0,1,0,0,0,1,0,0,0,1,0,0,0,1,0,0,0,0
1,-1.1176470588235294,0.0,0.0,0.0,0.0,0.0,1,3.0,0,0,0,0,1,0,0,0,0,0,1,0,0,0,0,0,0
1,-0.4705882352941176,0.0,0.0,0.0,0.0,0.0,1,0.0,0,0,0,0,1,0,0,0,0,0,1,0,0,0,0,0,0
0,-0.4117647058823529,0.0,0.0,0.0,1.8392996382191469,0.0,0,0.0,1,0,0,0,1,0,0,0,0,1,0,0,0,0,0,0,1
0,0.6470588235294118,2.1053276988438308,0.0,1.4812308935371732,0.0,0.0,0,0.0,1,0,0,0,0,0,0,0,0,1,0,0,0,0,1,0,0
0,-0.1176470588235294,1.6545466888477238,2.264294108932044,0.0,0.4034706315309319,2.3181172184609906,0,0.5,1,1,0,0,0,0,1,0,0,0,0,0,0,0,0,0,0
0,-0.5294117647058824,0.0,0.7003338123346776,0.0,0.0,1.7949520294884211,0,0.0,1,0,0,0,1,0,0,0,0,1,0,0,0,1,0,0,0
1,1.1176470588235294,0.0,0.0,0.0,0.0,0.0,1,0.5,0,0,1,0,1,0,0,0,0,1,0,0,0,1,0,0,0
1,1.1764705882352942,0.0,0.0,0.0,0.0,0.0,1,0.0,0,0,0,0,1,0,0,0,0,1,0,0,1,0,0,0,0
1,0.8235294117647058,0.0,0.0,0.0,0.0,0.0,0,0.0,0,0,0,0,1,0,0,0,0,0,1,0,1,0,0,0,0
1,-0.7058823529411765,0.0,0.0,0.0,0.0,0.0,0,1.0,0,1,0,0,1,1,0,0,0,0,0,0,1,0,0,0,0
0,-0.2352941176470588,0.0,0.0,2.274505395109956,0.0,0.0,1,0.0,1,0,0,1,0,0,0,0,0,1,0,0,0,0,0,0,0
0,-0.1176470588235294,0.0,0.5579137673194251,2.42510349082835,0.0,0.4824894837218527,1,0.0,1,0,0,0,1,0,0,0,0,1,0,0,1,0,0,0,0
1,1.8823529411764703,0.0,0.0,0.0,0.0,0.0,1,0.0,0,0,0,0,1,0,0,0,0,0,1,0,0,0,1,0,0
0,-1.588235294117647,0.0,0.0,0.0,0.0,0.0,0,1.0,0,0,0,0,0,0,0,0,0,0,1,0,0,0,0,1,0
0,0.7058823529411765,1.594154995370179,1.2726199193024934,0.0,1.5528779555887005,0.0,1,0.0,1,0,0,0,1,0,0,0,0,1,0,0,0,0,0,0,0
1,-1.411764705882353,0.0,0.0,0.0,0.0,0.0,1,2.0,0,0,0,0,1,0,0,0,0,0,1,0,0,0,0,0,0
1,0.0588235294117647,0.0,0.0,0.0,0.0,0.0,1,1.5,0,1,0,0,1,1,0,0,0,0,0,0,0,0,0,0,0
1,-0.7647058823529411,0.0,0.0,0.0,0.0,0.0,0,0.5,0,1,0,0,1,0,1,0,0,0,0,0,0,0,0,0,0
0,-0.3529411764705882,1.789445134805301,0.0,0.2210647294575037,0.17376534287144,0.0,1,0.0,1,0,0,0,1,0,0,0,0,1,0,0,0,0,0,0,1
0,1.3529411764705883,0.0,0.0,0.0,1.6713420546696542,0.806698300112059,1,0.0,1,0,0,0,1,0,0,0,0,1,0,0,1,0,0,0,0
0,-0.7647058823529411,0.0,1.4943822796845898,1.760953947805659,1.2990233828473623,0.0,1,0.0,1,0,0,0,1,0,0,0,0,1,0,0,0,0,0,0,1
0,-0.2352941176470588,0.0,1.694622060421901,1.831610199959384,0.0,0.0,1,0.0,1,0,0,0,1,0,0,0,0,1,0,0,0,0,0,1,0
0,0.2352941176470588,0.935477963157255,1.9115162412985789,0.0,0.0,0.6200458888731157,0,0.0,1,0,0,0,1,0,0,0,0,1,0,0,0,0,0,1,0
0,-1.588235294117647,0.0,0.0,0.0,0.0,0.0,1,1.0,0,0,1,0,1,0,0,0,0,1,0,0,0,0,1,0,0
1,0.4117647058823529,0.0,0.0,0.0,0.0,0.0,1,0.5,0,1,0,0,0,1,0,0,0,0,0,0,0,0,0,0,0
1,0.1764705882352941,0.0,0.0,0.0,0.0,0.0,1,1.0,0,1,0,1,0,0,1,0,0,0,0,0,0,0,0,0,0
1,-0.3529411764705882,0.0,0.0,0.0,0.0,0.0,1,0.0,0,0,1,0,1,0,0,0,0,1,0,0,0,0,0,0,1
0,0.7647058823529411,1.3848601565140803,1.6569378563554165,0.0,0.0,0.0,0,0.0,1,0,0,0,1,0,0,0,0,1,0,0,0,0,1,0,0
1,1.0,0.0,0.0,0.0,0.0,0.0,0,1.0,0,1,0,0,0,1,0,0,0,0,0,0,0,0,0,0,0
0,0.0588235294117647,0.0,1.9585065968437123,0.0,1.6599228210669763,2.0923851926360064,0,0.5,1,1,0,0,0,1,0,0,0,0,0,0,0,0,0,0,0
1,-0.5294117647058824,0.0,0.0,0.0,0.0,0.0,0,0.5,0,0,1,0,1,0,0,0,0,1,0,0,0,0,0,0,1
0,0.1764705882352941,0.2939297479087193,0.0,0.5714440358797147,0.17376534287144,1.8499852132653256,1,0.5,1,0,0,0,1,0,0,0,0,1,0,0,0,0,0,1,0
0,0.4705882352941176,1.9013467918524096,0.0,2.380282829929693,1.6565623096406163,0.0,0,0.5,1,0,1,0,1,0,0,0,0,1,0,0,0,0,1,0,0
0,0.9411764705882352,0.0,1.7925692266717008,1.8655192378384,1.7209514246825772,1.308662472968949,1,0.5,1,1,0,0,1,0,0,1,0,0,0,0,0,0,0,0,0
0,-0.1764705882352941,2.1819376652326263,0.0,2.270916124232896,0.2754115523761867,1.4942691255807163,1,0.5,1,0,1,0,1,0,0,0,0,1,0,0,0,0,0,1,0
0,-0.3529411764705882,1.3644508339842134,0.0,2.071528476416675,0.8765408737289972,0.0,1,0.0,1,0,0,0,1,0,0,0,0,1,0,0,1,0,0,0,0
0,-0.5294117647058824,0.0,0.0,1.9519402676165696,0.0,1.5015055593346316,0,0.0,1,0,0,0,0,0,0,0,0,1,0,0,1,0,0,0,0
1,-0.4117647058823529,0.0,0.0,0.0,0.0,0.0,0,0.5,0,1,0,0,0,1,0,0,0,0,0,0,0,0,0,0,0
0,0.5294117647058824,0.6415482152485357,1.8937136043729288,2.436810052966235,0.7510013172738119,1.5607769680121524,0,0.0,1,1,0,0,1,0,0,0,1,0,0,0,1,0,0,0,0
0,0.3529411764705882,1.911037659995794,1.8145406126996368,1.151626398894246,1.5445555183410036,1.568044403309725,1,0.0,1,0,1,0,1,0,0,1,0,0,0,0,0,0,0,0,0
0,-0.5294117647058824,1.0769682989220186,1.5491598182792825,1.2476575416896074,0.0,0.1866524112389433,0,0.0,1,0,0,0,1,0,0,0,0,1,0,0,0,0,0,0,0
1,-0.7058823529411765,0.0,0.0,0.0,0.0,0.0,0,0.0,0,0,0,0,0,0,0,0,0,0,1,0,0,1,0,0,0
0,0.5882352941176471,1.550714306693425,2.1140231312789357,0.0,0.82623465712856,1.8070264933374056,1,0.5,1,0,1,0,1,0,0,0,0,1,0,0,0,0,0,0,0
1,-0.8235294117647058,0.0,0.0,0.0,0.0,0.0,1,0.0,0,0,1,0,1,0,0,0,0,1,0,0,0,0,0,0,1
1,-0.7058823529411765,0.0,0.0,0.0,0.0,0.0,0,0.0,0,0,0,0,1,0,0,0,0,0,1,0,0,0,1,0,0
0,-0.5882352941176471,1.6374634582501897,0.725862546276467,0.0,0.0,2.1750316120044197,1,1.0,1,1,0,0,0,0,0,0,1,0,0,0,0,0,0,0,0
1,-0.3529411764705882,0.0,0.0,0.0,0.0,0.0,0,0.5,0,1,0,0,1,0,1,0,0,0,0,0,0,0,0,0,0
0,0.5882352941176471,1.9935527871534755,1.57598167801497,0.0,0.8441487332812818,1.943531269100108,1,0.0,1,1,0,0,1,0,0,0,0,0,0,1,0,0,0,0,0
0,0.8235294117647058,0.0,0.0,2.083814667793022,0.0,1.1282007368567448,0,0.5,1,0,0,1,0,0,0,0,0,0,1,0,0,0,1,0,0
0,-0.2941176470588235,1.9185452998400483,0.0,0.0,0.0,1.8942376244655263,0,0.0,1,0,0,0,1,0,0,0,0,1,0,0,1,0,0,0,0
0,0.8823529411764706,1.8240859326099117,0.3899649883623831,0.2210647294575037,1.8276064274375203,0.0,1,0.5,1,0,1,0,1,0,0,1,0,0,0,0,0,0,0,0,0
0,-0.1176470588235294,0.0,1.79872224930666,0.4421294589150075,0.5772359744023721,2.201683499168878,0,0.5,1,0,0,0,0,1,0,0,0,0,0,0,0,0,0,0,0
1,-0.4117647058823529,0.0,0.0,0.0,0.0,0.0,1,0.5,0,1,0,0,1,1,0,0,0,0,0,0,0,0,0,0,0
1,0.8235294117647058,0.0,0.0,0.0,0.0,0.0,0,0.0,0,0,0,0,1,0,0,0,0,0,1,0,1,0,0,0,0
0,0.9411764705882352,1.4490580910925774,0.0,2.052674929416888,0.0,1.1156737103713863,0,0.0,1,0,0,0,1,0,0,0,0,0,1,0,0,0,0,1,0
0,1.1176470588235294,0.0,1.4334890775655702,0.0,1.950761363896058,1.9931864646194304,0,1.0,1,1,0,0,1,0,1,0,0,0,0,0,0,0,0,0,0
1,0.0588235294117647,0.0,0.0,0.0,0.0,0.0,0,1.0,0,0,0,0,1,0,0,0,0,1,0,0,0,0,0,0,1
1,0.6470588235294118,0.0,0.0,0.0,0.0,0.0,1,0.0,0,1,0,0,0,0,1,0,0,0,0,0,0,0,0,0,0
0,-0.5294117647058824,2.032118419910632,0.0,1.4557029537097297,0.0,0.0,1,0.5,1,0,1,0,1,0,0,0,1,0,0,0,1,0,0,0,0
0,0.0588235294117647,1.9937081116202005,2.066788034509522,0.0,1.1224253499671306,1.8379769972560984,0,0.0,1,1,0,0,1,0,1,0,0,0,0,0,0,0,0,0,0
1,-0.2941176470588235,0.0,0.0,0.0,0.0,0.0,0,0.0,0,0,0,1,0,0,0,0,0,0,1,0,0,1,0,0,0
1,0.0,0.0,0.0,0.0,0.0,0.0,1,0.5,0,0,1,0,1,0,0,0,0,1,0,0,0,0,0,1,0
0,0.4705882352941176,1.7437793969349549,0.0,0.0,0.0,1.0,1,1.0,1,0,0,0,1,0,0,0,0,1,0,0,0,0,0,0,1
1,0.1764705882352941,0.0,0.0,0.0,0.0,0.0,0,0.0,0,0,0,0,1,0,0,0,0,0,1,0,0,0,0,0,0
1,-1.4705882352941178,0.0,0.0,0.0,0.0,0.0,0,1.0,0,0,1,0,0,0,0,0,0,1,0,0,0,0,0,0,1
0,0.5882352941176471,0.4305992976375693,0.0,1.7259308036233745,1.564377237995108,0.1866524112389433,0,0.0,1,0,0,1,0,0,0,0,0,1,0,0,0,1,0,0,0
1,-0.4705882352941176,0.0,0.0,0.0,0.0,0.0,1,0.0,0,0,0,0,1,0,0,0,0,0,1,0,0,0,0,0,0
1,-0.2941176470588235,0.0,0.0,0.0,0.0,0.0,0,0.5,0,0,1,0,1,0,0,0,0,1,0,0,0,0,0,1,0
0,1.6470588235294117,1.6056568640000537,0.0,2.1775288883700274,0.0,0.0,0,1.5,1,0,1,0,1,0,0,0,0,1,0,0,1,0,0,0,0
0,-0.0588235294117647,0.5563470702461066,1.604681531075825,0.0,0.9184197287740684,0.0,1,0.0,1,0,0,0,0,0,0,0,0,1,0,0,0,0,1,0,0
0,0.5882352941176471,0.0,1.092976163524553,0.0,2.02971804925496,0.669141894960796,1,0.5,1,1,0,0,0,1,0,0,0,0,0,0,0,0,0,0,0
1,-0.7647058823529411,0.0,0.0,0.0,0.0,0.0,1,0.0,0,0,0,0,1,0,0,0,0,0,1,0,0,0,0,0,0
0,-0.1176470588235294,0.0,0.0,2.41426937316146,0.0,0.1866524112389433,1,0.0,1,0,0,0,1,0,0,0,0,1,0,0,0,0,0,0,0
0,0.3529411764705882,1.1790018105688445,1.7024952795722612,1.9703254697983463,1.5609329585186993,1.922799104162293,0,0.0,1,1,0,0,1,0,0,0,1,0,0,0,1,0,0,0,0
1,2.411764705882353,0.0,0.0,0.0,0.0,0.0,1,0.0,0,0,1,0,1,0,0,0,0,1,0,0,0,1,0,0,0
1,0.7647058823529411,0.0,0.0,0.0,0.0,0.0,1,0.5,0,0,0,0,1,0,0,0,0,0,1,0,0,1,0,0,0
0,-0.2941176470588235,1.740599016109989,1.061760104190551,0.0,0.0,0.1866524112389433,0,0.0,1,0,0,0,1,0,0,0,0,1,0,0,0,0,0,0,1
0,-0.3529411764705882,0.0,0.0,0.818036705164662,0.0,1.7819508707817373,0,0.0,1,0,0,0,1,0,0,0,0,1,0,0,0,0,0,0,0
0,1.1176470588235294,0.0,2.000818046567681,0.0,0.17376534287144,1.547352006996258,1,1.0,1,1,0,0,1,0,0,0,0,1,0,0,1,0,0,0,0
0,0.6470588235294118,1.7771733405420695,0.8876768489547547,0.0,0.0,0.0,0,0.0,1,0,0,0,1,0,0,0,0,1,0,0,0,0,1,0,0
0,-0.5294117647058824,0.0,1.976799271273958,0.0,1.56142790517195,0.5916741449658187,0,0.0,1,1,0,0,0,0,1,0,0,0,0,0,0,0,0,0,0
0,0.5882352941176471,1.87046411296569,0.0,0.0,0.9369978858407908,0.0,0,0.0,1,0,0,0,1,0,0,0,0,1,0,0,0,1,0,0,0
0,0.5882352941176471,0.0,1.1182384885659198,0.0,1.8165949012365148,1.9625967316929545,1,0.5,1,1,0,0,0,0,0,0,0,1,0,0,1,0,0,0,0
0,-0.4117647058823529,1.858895455774929,1.8945916765377244,0.0,1.2947622536550285,1.4028234969638531,1,0.0,1,1,0,0,1,0,0,1,0,0,0,0,0,0,0,0,0
1,0.0,0.0,0.0,0.0,0.0,0.0,0,0.0,0,0,0,1,0,0,0,0,0,0,1,0,0,0,1,0,0
0,-0.2941176470588235,1.6925384314894487,1.0076926737422516,0.0,0.0,0.0,1,0.0,1,0,0,0,1,0,0,0,0,0,1,0,0,0,0,1,0
0,-0.2352941176470588,1.9043995139769696,0.0,1.9993965391030144,0.0,0.0,0,1.5,1,0,1,0,1,0,0,0,0,1,0,0,0,0,0,1,0
0,-0.5294117647058824,0.0,0.0,2.5232674582892973,0.0,0.0,1,0.0,1,0,0,0,1,0,0,0,0,1,0,0,0,0,1,0,0
0,0.9411764705882352,0.0,0.0,2.099640046763054,0.0,0.0,0,0.0,1,0,0,0,0,0,0,0,0,1,0,0,0,0,0,0,0
1,-0.4705882352941176,0.0,0.0,0.0,0.0,0.0,0,0.0,0,0,0,0,1,0,0,0,0,0,1,0,0,1,0,0,0
0,-0.4705882352941176,1.4038223299603274,1.5110653078808258,0.0,0.0,0.0,1,2.0,1,0,0,0,1,0,0,0,1,0,0,0,0,0,0,0,0
0,0.1764705882352941,1.6747284012062615,0.0,0.0,0.0,0.8973043878834545,0,0.5,1,0,1,0,1,0,0,0,1,0,0,0,1,0,0,0,0
0,-0.5882352941176471,0.0,1.626835935907165,0.0,1.770852898636241,0.7292305501170816,0,0.0,1,0,0,0,1,0,0,0,0,1,0,0,0,0,1,0,0
0,-1.4705882352941178,0.0,0.0,0.0,0.0,0.0,0,2.5,0,0,0,0,0,0,0,0,0,0,1,0,0,1,0,0,0
0,1.6470588235294117,1.8748582217307623,0.0,0.0,0.0,0.0,0,0.0,1,0,0,0,1,0,0,0,0,1,0,0,1,0,0,0,0
0,1.588235294117647,0.0,1.6178497810592094,0.0,1.1224253499671306,1.9812611870058523,0,0.5,1,1,0,0,1,0,1,0,0,0,0,0,0,0,0,0,0
0,-0.1176470588235294,1.843012669142528,0.0,0.4421294589150075,0.0,0.0,0,0.0,1,0,0,0,1,0,0,0,1,0,0,0,1,0,0,0,0
0,-0.2941176470588235,2.226951360716153,0.0,0.0,0.0,1.1113650983237304,0,0.0,1,0,0,0,1,0,0,0,0,0,1,0,0,0,0,0,0
0,2.117647058823529,1.3818198239510506,1.3678854069060211,1.84167188579336,0.5508231047523734,0.0,1,0.0,1,0,0,0,1,0,0,0,0,0,1,0,0,0,0,1,0
0,0.2941176470588235,0.0,1.6855631036292422,0.0,1.4713763817102803,2.1763663483582305,1,0.5,1,1,0,0,0,0,0,0,1,0,0,0,0,1,0,0,0
0,0.4117647058823529,2.0809203114937174,1.632071889553636,1.3853654711866443,0.82623465712856,2.002074482914296,0,3.0,1,1,0,0,0,0,1,0,0,0,0,0,0,0,0,0,0
0,0.0,0.0,1.082084493017009,0.0,1.3871676156472592,1.7092408860370232,1,0.0,1,0,0,0,1,0,0,0,0,0,1,0,1,0,0,0,0
0,-0.7647058823529411,2.0171817199733635,0.0,0.884258917830015,0.0,0.0,1,1.0,1,0,1,0,0,0,0,0,1,0,0,0,1,0,0,0,0
0,0.4117647058823529,0.0,1.6522175992098256,0.0,1.9547060561105287,1.7433055236484674,1,0.0,1,1,0,0,1,0,1,0,0,0,0,0,0,0,0,0,0
1,-0.4117647058823529,0.0,0.0,0.0,0.0,0.0,0,0.0,0,0,0,0,0,0,0,0,0,0,1,0,0,0,1,0,0
1,0.7647058823529411,0.0,0.0,0.0,0.0,0.0,0,0.0,0,0,0,0,0,0,0,0,0,0,1,0,0,0,0,0,0
1,0.4705882352941176,0.0,0.0,0.0,0.0,0.0,1,0.0,0,0,0,1,0,0,0,0,0,1,0,0,1,0,0,0,0
0,0.7058823529411765,0.0,0.0,0.0,0.0,1.8341489693092408,1,0.0,1,0,0,1,0,0,0,0,1,0,0,0,0,0,0,0,0
0,-0.7647058823529411,1.7999000478647496,1.6926131223039604,0.4421294589150075,1.3073343229087686,1.4385971662873864,0,0.0,1,0,0,0,0,0,0,0,0,0,1,0,0,1,0,0,0
0,3.0,0.0,1.3001699277023238,1.6945354107334272,1.420518764168271,0.0,1,0.5,1,0,0,0,0,0,0,0,0,1,0,0,0,0,0,1,0
0,0.1176470588235294,0.0,1.5409175653975935,0.0,2.162197362262801,1.6347434811976331,1,0.5,1,1,0,0,1,0,0,0,0,1,0,0,1,0,0,0,0
0,0.0,1.6254368768631189,0.0,2.3182693469073112,0.0,0.0,1,0.0,1,0,1,0,1,0,0,0,0,1,0,0,0,0,0,0,0
1,-1.588235294117647,0.0,0.0,0.0,0.0,0.0,1,1.0,0,0,0,0,1,0,0,0,0,0,1,0,0,1,0,0,0
0,0.9411764705882352,1.9473708716030396,0.0,1.6001559854028116,0.0,0.0,1,0.5,1,0,1,0,1,0,0,0,0,1,0,0,0,1,0,0,0
0,0.6470588235294118,0.0,1.2861872675229615,0.0,1.7992096940301106,2.239170703036116,0,0.0,1,1,0,0,0,0,0,0,1,0,0,0,1,0,0,0,0
1,-0.1764705882352941,0.0,0.0,0.0,0.0,0.0,0,3.5,0,0,0,0,1,0,0,0,0,0,1,0,0,1,0,0,0
0,2.117647058823529,0.0,1.501391413433905,0.2210647294575037,1.9971467934297835,0.7928859131524942,0,1.0,1,1,0,0,1,0,0,0,0,0,0,0,0,0,0,0,0
1,-0.7647058823529411,0.0,0.0,0.0,0.0,0.0,0,0.0,0,0,0,0,1,0,0,0,0,0,1,0,0,0,0,1,0
0,-0.1764705882352941,0.0,0.0,2.036423593626558,1.2990233828473623,1.0980095096213982,1,0.0,1,0,0,0,1,0,0,0,0,0,1,0,0,0,0,0,0
1,-0.6470588235294118,0.0,0.0,0.0,0.0,0.0,0,0.0,0,0,0,0,1,0,0,0,0,0,1,0,0,1,0,0,0
0,-0.2941176470588235,0.0,1.6297587562769071,1.896166983310716,0.0,0.6906959960353908,1,0.0,1,0,0,0,0,0,0,0,0,1,0,0,0,0,0,1,0
0,-0.4117647058823529,1.84410136397709,0.1679487789570419,2.1771831658549767,0.0,0.0,0,0.0,1,0,1,0,1,0,0,0,1,0,0,0,0,0,0,0,0
0,0.2352941176470588,1.891973899892028,0.2661925166888179,0.0,0.0,0.1866524112389433,0,0.0,1,0,0,0,1,0,0,0,0,1,0,0,0,0,1,0,0
0,0.0,0.0,0.4714918312586162,1.5894166209557272,1.2476193648122138,0.0,0,1.0,1,0,1,1,0,0,0,0,0,1,0,0,0,0,0,0,0
1,-0.2352941176470588,0.0,0.0,0.0,0.0,0.0,1,2.0,0,1,0,0,0,0,0,0,0,1,0,0,1,0,0,0,0
0,1.2941176470588236,0.0,2.170301061400456,0.350379306422211,0.0,1.2373853981007108,1,0.0,1,1,0,0,0,0,1,0,0,0,0,0,0,0,0,0,0
1,-0.4117647058823529,0.0,0.0,0.0,0.0,0.0,0,0.0,0,1,0,0,0,0,1,0,0,0,0,0,0,0,0,0,0
1,0.0588235294117647,0.0,0.0,0.0,0.0,0.0,0,0.0,0,1,0,0,1,1,0,0,0,0,0,0,0,0,0,0,0
1,1.8823529411764703,0.0,0.0,0.0,0.0,0.0,1,0.0,0,1,0,0,0,0,1,0,0,0,0,0,0,0,0,0,0
0,0.2352941176470588,0.0,0.656157505051201,2.0763101100455854,0.17376534287144,0.3733048224778867,1,0.5,1,0,0,0,0,0,0,0,0,1,0,0,1,0,0,0,0
0,-0.2352941176470588,1.2068641606126205,0.3899649883623831,0.0,0.5212960286143199,1.7175986002372812,1,0.0,1,0,0,1,0,0,0,0,0,1,0,0,0,0,0,0,1
1,-1.588235294117647,0.0,0.0,0.0,0.0,0.0,0,1.5,0,0,1,0,1,0,0,0,0,1,0,0,1,0,0,0,0
0,0.0,0.1854490234153689,1.382020051327668,0.2210647294575037,1.4898027431935343,0.7106519766445111,1,0.0,1,0,0,0,0,0,0,0,0,1,0,0,0,0,0,0,0
1,-0.1176470588235294,0.0,0.0,0.0,0.0,0.0,0,0.5,0,1,0,0,1,1,0,0,0,0,0,0,0,0,0,0,0
1,-1.2352941176470589,0.0,0.0,0.0,0.0,0.0,1,1.0,0,0,1,0,1,0,0,0,0,1,0,0,1,0,0,0,0
1,0.0,0.0,0.0,0.0,0.0,0.0,1,0.5,0,0,1,0,1,0,0,0,0,1,0,0,1,0,0,0,0
0,0.0,0.0,1.49028410384051,0.0,1.0264128696499986,1.5447585759579026,1,2.5,1,0,0,1,0,0,0,0,0,0,1,0,0,0,0,1,0
1,1.1176470588235294,0.0,0.0,0.0,0.0,0.0,1,0.0,0,0,0,0,1,0,0,0,0,0,1,0,0,0,1,0,0
1,0.9411764705882352,0.0,0.0,0.0,0.0,0.0,0,0.0,0,0,0,0,1,0,0,0,0,0,1,0,0,1,0,0,0
0,0.0588235294117647,0.3708980468307378,1.2007912985724392,0.0,0.0,2.001437880943897,1,0.0,1,0,0,1,0,0,0,0,0,0,1,0,1,0,0,0,0
1,0.0,0.0,0.0,0.0,0.0,0.0,1,0.0,0,0,0,0,1,0,0,0,0,0,1,0,0,0,0,0,0
0,0.0,0.3708980468307378,2.0463828898604888,0.0,1.626781369786247,1.4462188781202123,1,1.0,1,1,0,0,1,1,0,0,0,0,0,0,0,0,0,0,0
0,-0.7647058823529411,0.0,0.0,0.0,0.0,0.0,1,0.0,0,0,1,0,1,0,0,0,1,0,0,0,1,0,0,0,0
1,-0.1764705882352941,0.0,0.0,0.0,0.0,0.0,0,0.5,0,1,0,0,1,1,0,0,0,0,0,0,0,0,0,0,0
0,-0.1176470588235294,0.0,2.061271105294961,0.0,1.5331954337472653,0.7466096449557734,1,1.0,1,1,0,0,0,0,0,0,0,0,0,0,0,0,0,0,0
1,0.1176470588235294,0.0,0.0,0.0,0.0,0.0,0,0.0,0,1,0,0,1,0,0,0,1,0,0,0,0,0,0,0,0
0,-0.4117647058823529,0.4305992976375693,1.4221240128263108,1.6800726763587055,1.3760239855770613,0.0,0,0.0,1,0,0,0,1,0,0,0,1,0,0,0,0,0,0,0,0
0,0.2941176470588235,0.1854490234153689,0.0,0.0,0.17376534287144,1.7952948462222642,0,0.0,1,0,0,0,1,0,0,0,1,0,0,0,1,0,0,0,0
0,-0.2941176470588235,2.062717589254208,0.0,2.2987954609562404,1.204321949813506,0.0,0,0.0,1,0,1,0,0,0,0,0,1,0,0,0,0,0,0,0,0
0,0.3529411764705882,0.0,1.774236007562761,0.5714440358797147,1.0425920572286398,1.3401473441276952,1,0.0,1,1,0,0,1,0,0,0,0,0,0,0,0,0,0,0,0
0,-0.4705882352941176,0.1854490234153689,0.3899649883623831,0.0,1.6599228210669763,0.3733048224778867,1,0.5,1,0,0,0,1,0,0,0,0,1,0,0,1,0,0,0,0
0,-0.3529411764705882,1.3022912529896469,1.1322211487452818,1.7982347537716366,1.3073343229087686,0.7928859131524942,0,0.0,1,0,0,0,1,0,0,0,0,1,0,0,0,0,0,0,1
0,-0.4705882352941176,1.7823551626815424,0.0,1.814820587266757,1.6094310865135462,0.0,1,0.5,1,0,1,0,1,0,0,0,0,1,0,0,1,0,0,0,0
1,-0.6470588235294118,0.0,0.0,0.0,0.0,0.0,1,0.0,0,0,0,1,0,0,0,0,0,0,1,0,0,0,0,1,0
0,-0.5294117647058824,0.7733085192328075,1.3024238869375795,0.5132964061160518,2.141759772120122,1.763320863347008,1,3.0,1,1,0,0,0,1,0,0,0,0,0,0,0,0,0,0,0
0,1.6470588235294117,1.431870304238945,1.266192516688818,1.6717450756024888,1.0264128696499986,1.159009443170416,1,0.0,1,0,0,0,1,0,0,0,0,1,0,0,0,0,0,0,0
1,1.8823529411764703,0.0,0.0,0.0,0.0,0.0,0,0.0,0,0,1,0,1,0,0,0,0,1,0,0,0,0,0,0,0
1,1.3529411764705883,0.0,0.0,0.0,0.0,0.0,1,0.0,0,0,0,0,1,0,0,0,0,0,1,0,0,0,0,0,0
0,0.5882352941176471,0.0,1.866539426431352,0.350379306422211,1.7965140723753876,1.512498208403237,1,1.0,1,1,0,0,0,0,0,0,1,0,0,0,1,0,0,0,0
0,-0.2941176470588235,0.4305992976375693,0.0,1.3683518914982231,0.7748946642242507,1.7230296920597483,1,0.0,1,0,0,0,1,0,0,0,0,1,0,0,0,0,0,0,1
1,-0.5294117647058824,0.0,0.0,0.0,0.0,0.0,0,0.5,0,1,0,0,0,1,0,0,0,0,0,0,0,0,0,0,0
0,1.9411764705882355,1.8327265022668369,0.9665263290234956,0.0,0.0,0.0,0,0.0,1,0,0,0,1,0,0,0,1,0,0,0,1,0,0,0,0
0,0.4117647058823529,0.0,1.972035798055896,0.6206071563358557,1.9559389621944432,1.892810328678442,1,0.5,1,1,0,0,0,1,0,0,0,0,0,0,1,0,0,0,0
1,0.9411764705882352,0.0,0.0,0.0,0.0,0.0,0,0.0,0,0,1,0,1,0,0,0,1,0,0,0,0,0,0,0,0
0,1.588235294117647,1.7621064265919688,0.7894331112229788,1.3639528012169333,0.0,1.8745552586214176,1,0.0,1,0,0,0,1,0,0,0,0,0,1,0,0,0,0,1,0
1,-0.7058823529411765,0.0,0.0,0.0,0.0,0.0,0,0.0,0,0,0,0,1,0,0,0,0,0,1,0,0,0,0,0,0
0,0.1764705882352941,0.0,1.9860541582833668,1.8082893899711272,1.8702732873176275,2.29288408945745,0,0.0,1,1,0,0,0,0,0,0,0,0,0,0,0,0,0,0,0
0,0.8823529411764706,0.0,0.8241062840082429,1.8376852215218304,1.5230309171884004,1.030986157725736,0,0.0,1,0,0,0,1,0,0,0,0,0,1,0,0,0,1,0,0
1,-0.4705882352941176,0.0,0.0,0.0,0.0,0.0,0,0.5,0,1,0,0,1,1,0,0,0,0,0,0,0,0,0,0,0
0,-0.1176470588235294,0.0,1.7614199275773628,0.0,0.0,0.0,0,0.0,1,0,0,0,0,0,0,0,0,0,1,0,0,0,0,1,0
0,1.9411764705882355,1.7557582033448182,0.7799299767247662,0.0,0.0,1.384560058118313,0,0.5,1,0,0,0,1,0,0,0,0,1,0,0,0,0,0,1,0
1,-0.2352941176470588,0.0,0.0,0.0,0.0,0.0,1,0.0,0,0,0,0,0,0,0,0,0,0,1,0,0,1,0,0,0
0,0.4705882352941176,1.4162045780695818,0.9223500217400188,1.4622790421292151,0.8608676205267983,1.679345244466552,1,0.0,1,0,0,0,1,0,0,0,0,1,0,0,1,0,0,0,0
1,0.2352941176470588,0.0,0.0,0.0,0.0,0.0,1,0.0,0,0,0,0,1,0,0,0,0,0,1,0,0,0,0,1,0
1,-1.0588235294117647,0.0,0.0,0.0,0.0,0.0,0,1.0,0,0,0,0,1,0,0,0,0,0,1,0,0,1,0,0,0
1,0.7058823529411765,0.0,0.0,0.0,0.0,0.0,1,0.5,0,1,0,0,1,1,0,0,0,0,0,0,1,0,0,0,0
0,-0.4117647058823529,2.1586720557381267,0.0,1.708370644557123,0.7748946642242507,1.2846619208603416,1,0.0,1,0,1,0,1,0,0,0,1,0,0,0,1,0,0,0,0
0,0.4705882352941176,1.531324511389292,1.9855863351912213,0.0,1.4468448747246752,1.5712124693572562,1,0.5,1,1,0,0,1,0,1,0,0,0,0,0,0,0,0,0,0
0,-0.2352941176470588,0.0,0.0,1.7970977508244188,0.0,1.6803971306012222,1,0.0,1,0,0,0,1,0,0,0,1,0,0,0,0,0,0,0,0
0,0.4705882352941176,1.7725997866689076,1.4094794637756018,0.2210647294575037,1.4678103130659097,0.0,0,0.0,1,0,0,0,1,0,0,0,0,0,1,0,0,1,0,0,0
1,-1.2941176470588236,0.0,0.0,0.0,0.0,0.0,1,0.5,0,0,1,0,1,0,0,0,0,1,0,0,0,0,0,0,0
0,0.7647058823529411,1.7930852778476998,0.0,1.9649876215349067,1.3707901754695635,0.0,0,0.5,1,0,0,0,1,0,0,0,1,0,0,0,0,0,0,0,0
1,-1.2352941176470589,0.0,0.0,0.0,0.0,0.0,0,0.0,0,0,0,0,0,0,0,0,0,0,1,0,0,1,0,0,0
0,0.9411764705882352,0.0,1.95351835908176,0.0,0.82623465712856,2.2576965483886697,1,1.0,1,1,0,0,0,0,0,0,0,0,0,0,0,0,0,0,0
1,2.117647058823529,0.0,0.0,0.0,0.0,0.0,1,0.0,0,0,0,0,1,0,0,0,0,0,1,0,0,0,1,0,0
0,-0.2352941176470588,0.0,1.408757260944277,1.8305863499985264,0.0,0.0,0,0.0,1,0,0,0,1,0,0,0,0,1,0,0,0,0,0,0,0
0,-0.1764705882352941,1.688195833939043,0.3358975579140839,1.6929604495628745,0.0,0.0,1,0.0,1,0,0,1,0,0,0,0,0,0,1,0,0,0,0,1,0
0,-0.6470588235294118,1.903313250258144,0.0,1.949124099306192,1.5298528455810003,0.0,0,0.5,1,0,1,0,0,0,0,0,1,0,0,0,1,0,0,0,0
0,0.0,0.4305992976375693,0.0,0.350379306422211,2.118812115079092,0.0,1,0.0,1,0,0,0,1,0,0,0,0,0,1,0,0,0,0,0,0
1,-0.5294117647058824,0.0,0.0,0.0,0.0,0.0,0,0.5,0,1,0,0,1,1,0,0,0,0,0,0,0,0,0,0,0
0,0.7058823529411765,0.0,0.0,0.0,1.7656525656086888,0.0,1,0.0,1,0,0,1,0,0,0,0,0,1,0,0,0,1,0,0,0
0,-0.2941176470588235,0.0,0.0,1.095198067035038,1.557942580335676,1.3287675166917927,1,0.5,1,0,0,0,0,0,0,0,0,1,0,0,1,0,0,0,0
1,0.0,0.0,0.0,0.0,0.0,0.0,0,0.5,0,1,0,0,0,1,0,0,0,0,0,0,0,0,0,0,0
0,0.5294117647058824,0.1854490234153689,1.757164481517987,0.0,0.17376534287144,0.0,1,0.0,1,0,0,0,1,0,0,0,0,1,0,0,0,0,0,0,0
0,-0.1764705882352941,0.0,1.0647700667552715,1.4903005754954626,1.4649204782015672,0.0,0,1.0,1,0,0,0,1,0,0,0,0,0,1,0,0,0,0,1,0
1,-0.5294117647058824,0.0,0.0,0.0,0.0,0.0,0,0.0,0,0,0,0,1,0,0,0,0,0,1,0,0,0,0,0,0
0,-0.1764705882352941,1.762843469444919,1.976521644350975,1.6913776721758464,0.7245884476238132,1.5134756414475885,0,0.0,1,0,0,1,0,0,0,0,0,0,1,0,0,0,0,1,0
1,-0.2352941176470588,0.0,0.0,0.0,0.0,0.0,1,0.0,0,0,0,0,1,0,0,0,0,0,1,0,0,0,0,1,0
0,0.2352941176470588,0.0,1.8225380010540773,0.0,1.1643042050122017,1.762160994325965,1,0.0,1,1,0,0,1,0,1,0,0,0,0,0,0,0,0,0,0
1,0.8235294117647058,0.0,0.0,0.0,0.0,0.0,1,0.5,0,1,0,0,1,1,0,0,0,0,0,0,1,0,0,0,0
0,-1.588235294117647,0.0,0.0,0.0,0.0,0.0,0,1.0,0,0,0,0,1,0,0,0,0,0,1,0,1,0,0,0,0
0,-0.8235294117647058,0.0,0.2661925166888179,1.969663104058908,0.6011293213528106,1.3938465821043071,0,0.0,1,0,0,1,0,0,0,0,0,1,0,0,1,0,0,0,0
0,1.8823529411764703,1.853180655491952,0.0,1.7053475983316222,0.0,0.0,1,0.0,1,0,0,0,1,0,0,0,0,1,0,0,0,0,0,0,0
1,0.5882352941176471,0.0,0.0,0.0,0.0,0.0,0,0.0,0,0,0,0,1,0,0,0,0,0,1,0,0,0,1,0,0
1,0.0588235294117647,0.0,0.0,0.0,0.0,0.0,0,1.0,0,1,0,0,1,1,0,0,0,0,0,0,0,0,0,0,0
1,0.4705882352941176,0.0,0.0,0.0,0.0,0.0,1,0.0,0,0,1,0,1,0,0,0,0,1,0,0,0,1,0,0,0
0,-1.3529411764705883,0.0,0.0,0.0,0.0,0.0,0,3.5,0,0,0,0,1,0,0,0,0,0,1,0,0,1,0,0,0
0,0.4705882352941176,1.7715331551441948,0.0,0.0,0.0,1.877348407274334,0,0.5,1,0,1,0,1,0,0,0,0,1,0,0,0,0,0,1,0
0,-0.3529411764705882,0.0,1.5253358418012517,0.0,1.2458844762381334,0.0,1,0.5,1,0,0,0,1,0,0,0,0,1,0,0,0,0,0,1,0
0,0.1176470588235294,0.9187508675692698,0.0,0.0,0.0,1.7935763815001875,1,0.0,1,0,0,0,0,0,0,0,0,0,1,0,0,0,0,1,0
0,1.1764705882352942,0.0,1.4775565109444857,1.848530838079639,1.013554133242735,0.0,0,0.0,1,0,0,0,1,0,0,0,0,0,1,0,1,0,0,0,0
0,1.411764705882353,1.9813136043309945,0.0,1.7412200878598352,1.2691439659648167,1.124089473669563,0,0.0,1,0,1,0,1,0,0,0,1,0,0,0,0,0,0,0,0
1,-1.411764705882353,0.0,0.0,0.0,0.0,0.0,1,2.0,0,0,0,0,0,0,0,0,0,0,1,0,1,0,0,0,0
0,0.1176470588235294,0.9009078313168304,0.0,2.0192994832291404,1.333201620203202,0.0,1,0.0,1,0,0,0,1,0,0,0,1,0,0,0,0,0,0,0,0
0,0.3529411764705882,1.6009805284597316,1.7337444421060586,0.6631941883725112,1.437293609092243,2.290389208495144,1,0.0,1,1,0,0,0,0,0,0,0,0,0,0,0,0,0,0,0
1,-1.1764705882352942,0.0,0.0,0.0,0.0,0.0,0,2.5,0,0,0,0,0,0,0,0,0,0,1,0,0,1,0,0,0
1,-0.1764705882352941,0.0,0.0,0.0,0.0,0.0,1,0.0,0,0,0,0,1,0,0,0,0,0,1,0,0,0,0,0,0
0,0.5882352941176471,1.1621694439244474,1.923649214506994,0.0,1.795155313501933,1.9158829613560249,1,1.0,1,1,0,0,1,0,0,0,1,0,0,0,0,0,0,0,0
0,-1.588235294117647,0.0,0.0,0.0,0.0,0.0,1,1.5,0,0,1,0,1,0,0,0,0,1,0,0,0,0,0,0,0
0,-0.1764705882352941,0.7060702520912806,1.3090626274368944,0.0,1.7678324958530935,0.0,1,1.0,1,0,0,0,1,0,0,0,0,1,0,0,0,0,0,0,1
1,-1.3529411764705883,0.0,0.0,0.0,0.0,0.0,0,2.0,0,0,0,0,1,0,0,0,0,0,1,0,0,0,0,0,0
1,-1.5294117647058822,0.0,0.0,0.0,0.0,0.0,1,1.0,0,0,0,1,0,0,0,0,0,0,1,0,0,0,0,0,0
1,-0.5294117647058824,0.0,0.0,0.0,0.0,0.0,0,1.5,0,1,0,0,0,1,0,0,0,0,0,0,0,0,0,0,0
0,-0.5294117647058824,0.0,0.3358975579140839,1.502005705316457,1.5990102013933465,0.0,1,0.0,1,0,0,1,0,0,0,0,0,1,0,0,0,0,0,0,1
0,0.4705882352941176,0.3708980468307378,1.7512544599755473,0.7925087653372185,0.0,1.5857718263049885,0,0.0,1,0,1,0,1,0,0,0,0,1,0,0,0,0,0,0,1
0,0.4117647058823529,2.187262904169359,1.7344998561880145,2.402030385878241,1.1308291669910455,0.0,0,0.0,1,1,0,0,0,1,0,0,0,0,0,0,0,0,0,0,0
0,1.0,0.0,2.0284546379209227,0.4421294589150075,1.262715654817415,1.0691301642290858,0,1.0,1,1,0,0,0,1,0,0,0,0,0,0,0,0,0,0,0
0,-0.1176470588235294,0.0,0.0,0.0,1.672297066866293,0.3733048224778867,1,0.0,1,0,0,0,1,0,0,0,1,0,0,0,1,0,0,0,0
0,0.2352941176470588,0.8716919553520774,1.5917779280992614,0.0,0.7102593820841355,0.0,1,0.0,1,0,0,0,1,0,0,0,0,0,1,0,0,1,0,0,0
1,0.2352941176470588,0.0,0.0,0.0,0.0,0.0,1,1.5,0,1,0,0,1,1,0,0,0,0,0,0,0,0,0,0,0
0,1.0,2.101307469447076,0.3358975579140839,0.9709864627580668,0.0,0.0,0,0.0,1,0,1,0,1,0,0,0,0,1,0,0,0,0,1,0,0
0,0.6470588235294118,1.952853571382034,0.0,2.0567377740277037,0.0,0.0,1,0.0,1,0,1,0,1,0,0,0,1,0,0,0,1,0,0,0,0
0,0.5294117647058824,0.0,0.0,1.1246585966261096,1.6342876310962835,0.0,1,0.0,1,0,0,0,1,0,0,0,0,0,1,0,0,1,0,0,0
0,-0.0588235294117647,1.821142598344047,0.0,1.6614561514340669,0.0,0.8973043878834545,0,0.5,1,0,0,0,1,0,0,0,0,1,0,0,0,0,0,0,1
1,0.1176470588235294,0.0,0.0,0.0,0.0,0.0,0,0.5,0,1,0,0,1,1,0,0,0,0,0,0,0,0,0,0,0
1,0.8235294117647058,0.0,0.0,0.0,0.0,0.0,0,0.0,0,0,1,0,1,0,0,0,0,1,0,0,0,0,0,1,0
0,0.2941176470588235,0.7877740089073892,0.0,0.0,1.8129955515599805,0.0,0,0.0,1,0,0,0,1,0,0,0,0,1,0,0,0,0,0,1,0
0,1.4705882352941178,1.8304494980002537,1.6135393952312218,0.0,0.0,0.0,1,0.0,1,0,0,0,1,0,0,0,0,0,1,0,0,1,0,0,0
0,1.411764705882353,0.3708980468307378,0.8544331721773178,0.818036705164662,0.9184197287740684,1.8308668150050929,1,0.0,1,0,0,0,1,0,0,0,1,0,0,0,1,0,0,0,0
0,-0.2941176470588235,0.0,0.0,1.4781494300592144,0.9486600070956904,1.7644757579323778,0,0.0,1,0,0,0,1,0,0,0,0,0,1,0,1,0,0,0,0
0,-1.1176470588235294,0.0,0.0,0.0,0.0,0.0,0,2.0,0,0,0,0,1,0,0,0,0,0,1,0,0,0,0,1,0
1,-0.4705882352941176,0.0,0.0,0.0,0.0,0.0,1,0.0,0,0,0,1,0,0,0,0,0,0,1,0,0,1,0,0,0
0,-0.2352941176470588,1.980499155037152,1.7217239533632571,0.0,0.17376534287144,0.0,0,0.0,1,0,0,0,1,0,0,0,0,1,0,0,1,0,0,0,0
0,0.0,1.9006880806790805,0.0,1.095198067035038,0.9486600070956904,0.0,1,0.0,1,0,1,0,1,0,0,0,0,1,0,0,0,0,0,1,0
1,0.8823529411764706,0.0,0.0,0.0,0.0,0.0,1,3.0,0,0,1,0,1,0,0,0,1,0,0,0,0,0,0,0,0
0,-0.1764705882352941,1.0357258415701949,0.0,0.7647583148507885,1.238822307866976,1.9520868120779105,1,0.0,1,0,0,0,1,0,0,0,1,0,0,0,0,0,0,0,0
0,2.5294117647058822,0.9009078313168304,0.0,0.0,1.6324320312219138,1.2532301155226493,0,0.0,1,0,0,0,1,0,0,0,0,1,0,0,0,0,0,1,0
0,-0.4705882352941176,0.0,0.0,0.5714440358797147,1.6619177154010785,0.0,1,0.5,1,0,0,0,1,0,0,0,0,1,0,0,0,1,0,0,0
1,1.1764705882352942,0.0,0.0,0.0,0.0,0.0,0,0.0,0,0,0,0,1,0,0,0,0,0,1,0,0,0,1,0,0
0,-0.4705882352941176,1.5132401706006129,0.9709723045979004,2.273484004360579,1.1618820567160562,0.0,1,3.0,1,0,1,0,1,0,0,0,0,1,0,0,1,0,0,0,0
1,0.0,0.0,0.0,0.0,0.0,0.0,0,0.0,0,1,0,0,1,1,0,0,0,0,0,0,0,0,0,0,0
1,0.8823529411764706,0.0,0.0,0.0,0.0,0.0,1,0.0,0,0,0,0,0,0,0,0,0,0,1,0,1,0,0,0,0
0,-0.8235294117647058,0.0,0.5038463368711258,0.0,1.7723495621768353,0.0,0,0.0,1,0,0,0,1,0,0,0,0,1,0,0,0,0,0,0,0
0,-0.4117647058823529,2.20812123286924,0.9838407552852332,2.419004008707629,0.4034706315309319,0.2958370724829093,1,0.0,1,0,1,0,1,0,0,0,0,1,0,0,0,0,0,1,0
0,0.0588235294117647,0.0,2.042764464846894,0.0,0.2754115523761867,0.9649789674437054,1,0.5,1,1,0,0,1,0,1,0,0,0,0,0,0,0,0,0,0
0,-0.7058823529411765,1.5740616451783565,1.2990350363042151,1.1246585966261096,0.0,1.2730028484159095,1,0.0,1,0,0,0,1,0,0,0,0,1,0,0,0,0,0,0,0
0,-0.4705882352941176,0.0,0.0,0.0,0.0,0.0,0,0.5,0,0,1,0,1,0,0,0,1,0,0,0,1,0,0,0,0
0,-0.1176470588235294,1.3405773665992269,0.0,1.6817124177029248,1.6534988450611323,0.0,0,1.5,1,0,1,0,0,0,0,0,0,1,0,0,0,0,0,0,1
0,0.1176470588235294,0.4793787713240882,1.5495646619332404,0.0,0.0,0.0,1,0.0,1,0,0,1,0,0,0,0,0,1,0,0,0,0,0,1,0
0,1.9411764705882355,0.0,1.9728127372366115,0.0,2.157196118443565,0.6457112531348923,1,1.0,1,1,0,0,1,0,1,0,0,0,0,0,0,0,0,0,0
0,0.0,0.0,0.0,0.0,1.9831091124743645,1.159009443170416,1,0.0,1,0,0,0,0,0,0,0,0,1,0,0,0,0,1,0,0
0,0.5882352941176471,1.4454668105078836,0.0,1.115137621272999,0.9184197287740684,1.6824886557414769,0,0.0,1,0,0,0,1,0,0,0,0,0,1,0,1,0,0,0,0
0,1.4705882352941178,0.0,1.9612587548162728,1.5048660741658706,0.9905388621407616,0.7928859131524942,1,3.0,1,1,0,0,1,0,0,0,0,1,0,0,1,0,0,0,0
0,0.8235294117647058,1.855012276048916,0.0,0.0,0.0,0.0,0,0.0,1,0,0,0,1,0,0,0,0,0,1,0,0,1,0,0,0
0,0.1176470588235294,0.0,0.9169048741496012,2.086583967295904,0.0,0.0,0,0.0,1,0,0,0,1,0,0,0,0,1,0,0,0,0,1,0,0
1,-0.2941176470588235,0.0,0.0,0.0,0.0,0.0,0,0.5,0,0,0,0,0,0,0,0,0,0,1,0,0,0,0,1,0
0,0.0,0.0,0.0,2.1222021352737133,1.21635740010008,0.0,0,0.0,1,0,0,0,1,0,0,0,0,1,0,0,0,1,0,0,0
1,1.0,0.0,0.0,0.0,0.0,0.0,0,0.5,0,0,1,0,1,0,0,0,0,1,0,0,0,0,1,0,0
0,0.2941176470588235,0.0,1.6346480388473383,1.4054305139129073,1.524753882035473,1.6474965580702974,1,0.0,1,0,0,0,1,0,0,0,0,0,1,0,0,0,0,0,0
1,-1.588235294117647,0.0,0.0,0.0,0.0,0.0,1,2.5,0,0,0,0,1,0,0,0,0,0,1,0,0,0,0,1,0
0,0.5882352941176471,0.7877740089073892,1.3269409331025883,0.0,1.5720765885888972,0.0,0,1.0,1,0,0,0,1,0,0,0,0,0,1,0,0,0,1,0,0
1,0.1176470588235294,0.0,0.0,0.0,0.0,0.0,1,0.0,0,0,0,0,1,0,0,0,0,0,1,0,0,0,0,0,0
0,-0.2352941176470588,0.2939297479087193,2.136385395322443,0.0,0.7967075809905066,0.0,0,1.0,1,1,0,0,1,1,0,0,0,0,0,0,0,0,0,0,0
0,0.1764705882352941,0.0,1.5659847375796214,0.0,0.8688267143571999,2.35154372738762,1,0.5,1,1,0,0,1,0,0,1,0,0,0,0,0,0,0,0,0
0,-0.4117647058823529,0.0,0.2661925166888179,1.8082893899711272,1.7258747018485607,0.0,0,0.5,1,0,1,0,1,0,0,0,0,1,0,0,0,0,0,0,1
0,-0.7058823529411765,2.206163226529706,0.0,1.499119450424344,1.3707901754695635,0.0,1,0.0,1,0,1,0,0,0,0,1,0,0,0,0,0,0,0,0,0
0,0.6470588235294118,0.4305992976375693,2.1068709098273546,0.0,2.0585399240986297,1.4240378093396542,1,1.5,1,1,0,0,1,1,0,0,0,0,0,0,0,0,0,0,0
0,-0.4117647058823529,0.0,0.0,0.0,1.850939502591319,0.1866524112389433,1,0.5,1,0,0,0,1,0,0,0,1,0,0,0,0,0,0,0,0
0,-0.6470588235294118,1.2647955280979406,0.0,1.168416011586873,1.0921850716455084,1.6414989268922684,1,0.0,1,0,0,1,0,0,0,0,0,1,0,0,1,0,0,0,0
0,-0.4705882352941176,1.1328198950184083,0.0,0.0,1.6493551077690654,0.0,1,0.0,1,0,0,0,1,0,0,0,0,1,0,0,1,0,0,0,0
1,0.2352941176470588,0.0,0.0,0.0,0.0,0.0,0,0.5,0,1,0,0,0,1,0,0,0,0,0,0,0,0,0,0,0
1,1.0588235294117647,0.0,0.0,0.0,0.0,0.0,0,0.5,0,1,0,0,0,1,0,0,0,0,0,0,0,0,0,0,0
0,0.9411764705882352,1.24768627791503,1.4321793507520952,1.784315643505004,1.6888929309718417,0.7106519766445111,1,0.5,1,1,0,0,1,1,0,0,0,0,0,0,0,0,0,0,0
1,2.588235294117647,0.0,0.0,0.0,0.0,0.0,1,3.5,0,0,0,0,1,0,0,0,0,0,1,0,0,0,0,0,0
0,-0.3529411764705882,1.730824545099029,0.0,0.0,0.0,0.2958370724829093,1,3.5,1,0,0,0,1,0,0,0,0,1,0,0,0,0,0,0,1
0,0.4705882352941176,1.7789117897152484,0.0,1.6631941883725114,0.0,0.0,0,0.0,1,0,1,0,1,0,0,0,1,0,0,0,1,0,0,0,0
0,0.0588235294117647,0.0,0.0,1.803859749472954,1.2333919786081171,1.568044403309725,0,0.0,1,0,0,0,1,0,0,0,0,1,0,0,0,0,0,1,0
0,1.7647058823529411,1.9896400764949649,0.0,2.2053081321566084,0.0,0.8973043878834545,1,0.0,1,0,1,0,1,0,0,1,0,0,0,0,0,0,0,0,0
1,0.0,0.0,0.0,0.0,0.0,0.0,0,0.5,0,1,0,0,0,0,1,0,0,0,0,0,0,0,0,0,0
1,1.3529411764705883,0.0,0.0,0.0,0.0,0.0,0,0.5,0,1,0,0,0,0,1,0,0,0,0,0,0,0,0,0,0
0,-1.411764705882353,0.0,0.0,0.0,0.0,0.0,0,1.0,0,0,0,0,1,0,0,0,0,0,1,0,1,0,0,0,0
1,0.7647058823529411,0.0,0.0,0.0,0.0,0.0,1,0.0,0,1,0,0,1,1,0,0,0,0,0,0,0,0,0,0,0
1,1.3529411764705883,0.0,0.0,0.0,0.0,0.0,0,0.0,0,0,1,0,0,0,0,0,0,1,0,0,1,0,0,0,0
0,0.9411764705882352,0.6648277947394572,0.0,2.2862679385105324,0.9184197287740684,0.0,0,0.0,1,0,1,0,1,0,0,0,0,1,0,0,0,0,1,0,0
0,-0.3529411764705882,0.1854490234153689,1.4321793507520952,0.0,0.0,1.6058876026905695,0,0.5,1,0,0,1,0,0,0,0,0,1,0,0,0,0,0,0,0
0,0.2941176470588235,0.0,1.2356918752885435,0.0,2.217876083056241,1.0587718676518676,0,2.5,1,1,0,0,1,0,1,0,0,0,0,0,0,0,0,0,0
0,0.0,0.0,0.0,0.0,1.4290464706923305,1.6798717011504902,0,0.5,1,0,0,0,1,0,0,0,0,0,1,0,0,0,0,1,0
0,1.5294117647058822,1.0466476186905076,1.5438343540059558,0.0,0.0,1.1478651283652954,0,0.0,1,0,0,0,1,0,0,0,0,1,0,0,0,0,0,0,1
1,-0.9411764705882352,0.0,0.0,0.0,0.0,0.0,1,1.0,0,0,0,0,1,0,0,0,0,0,1,0,0,1,0,0,0
0,-0.2941176470588235,0.0,0.1679487789570419,1.787852784998621,0.0,1.940751041517789,0,0.5,1,0,0,0,1,0,0,0,1,0,0,0,0,0,0,0,0
0,0.7647058823529411,0.0,1.1620146324710343,0.0,1.9911630249348529,1.5524651196284152,0,0.0,1,1,0,0,1,0,1,0,0,0,0,0,0,0,0,0,0
0,0.7647058823529411,1.674216350549638,0.3899649883623831,1.272202648724137,1.0686129167933816,1.3345175396042388,1,1.0,1,0,0,0,1,0,0,0,1,0,0,0,1,0,0,0,0
0,-0.2352941176470588,0.0,1.6271298096491014,0.0,1.5559289920125583,1.9657077432824743,0,0.5,1,1,0,0,1,0,0,1,0,0,0,0,0,0,0,0,0
0,-0.1764705882352941,0.0,1.5467164476192024,0.0,0.0,1.9800563415593249,1,0.0,1,0,0,0,1,0,0,0,0,1,0,0,0,1,0,0,0
0,-0.1764705882352941,1.9393110715065536,0.0,0.8636757125382628,0.2754115523761867,1.3733048224778868,0,0.0,1,0,0,0,1,0,0,0,0,1,0,0,0,0,0,0,1
0,0.9411764705882352,1.66904121073832,1.3218181446006143,0.0,0.0,1.3401473441276952,0,1.0,1,0,0,0,0,0,0,0,0,0,1,0,1,0,0,0,0
1,0.1176470588235294,0.0,0.0,0.0,0.0,0.0,1,0.0,0,0,1,0,1,0,0,0,0,1,0,0,0,0,0,0,1
1,0.6470588235294118,0.0,0.0,0.0,0.0,0.0,0,0.5,0,1,0,0,0,1,0,0,0,0,0,0,0,0,0,0,0
0,0.4117647058823529,0.0,0.9429836625172324,2.4348114555095792,0.34753068574288,0.5239995654055677,0,0.5,1,1,0,0,1,0,1,0,0,0,0,0,0,0,0,0,0
0,-0.4705882352941176,1.465208033674933,0.1679487789570419,1.0739282543975717,1.3380695478836415,1.2891877838339116,0,0.0,1,0,0,0,1,0,0,0,0,1,0,0,0,1,0,0,0
1,0.6470588235294118,0.0,0.0,0.0,0.0,0.0,0,0.0,0,0,0,0,1,0,0,0,0,0,1,0,0,1,0,0,0
1,0.0,0.0,0.0,0.0,0.0,0.0,1,1.0,0,1,0,0,0,1,0,0,0,0,0,0,0,0,0,0,0
0,1.0,1.1948375792255497,1.518075407343262,0.903593867168606,0.980706605933304,0.9933507113510024,0,0.0,1,0,0,0,1,0,0,0,0,1,0,0,0,0,0,0,0
0,1.1176470588235294,1.620470676060014,0.8813830179379154,0.0,0.0,1.708296034162156,1,1.0,1,0,0,0,0,0,0,0,0,1,0,0,1,0,0,0,0
1,-0.1176470588235294,0.0,0.0,0.0,0.0,0.0,0,0.0,0,0,0,1,0,0,0,0,0,0,1,0,1,0,0,0,0
0,1.6470588235294117,0.0,0.0,0.0,0.0,0.0,1,1.0,0,0,1,0,1,0,0,0,1,0,0,0,0,0,0,0,0
1,0.4117647058823529,0.0,0.0,0.0,0.0,0.0,1,0.5,0,0,0,1,0,0,0,0,0,0,1,0,0,0,0,0,0
0,-0.4117647058823529,0.0,1.6430426037271118,0.5714440358797147,0.8167735192693216,1.6685940158133763,1,0.0,1,0,0,0,1,0,0,0,0,1,0,0,0,1,0,0,0
0,-0.1764705882352941,0.0,1.5235410271461478,0.0,0.4491768952476266,1.4240378093396542,1,0.0,1,0,0,0,1,0,0,0,0,1,0,0,0,0,0,0,1
0,-0.5882352941176471,0.0,0.0,0.0,1.69506137148576,0.0,1,0.0,1,0,0,0,0,0,0,0,0,1,0,0,1,0,0,0,0
1,-1.5294117647058822,0.0,0.0,0.0,0.0,0.0,1,0.5,0,0,0,0,1,0,0,0,0,0,1,0,1,0,0,0,0
0,-0.5294117647058824,1.7718891716789889,0.0,0.0,0.0,0.0,1,0.5,1,0,0,0,1,0,0,0,0,0,1,0,0,0,0,0,0
0,0.5294117647058824,0.0,0.961997246306954,0.700758612844422,0.0,2.244068664696388,1,0.0,1,0,0,0,1,0,0,0,0,0,1,0,0,1,0,0,0
1,-0.5294117647058824,0.0,0.0,0.0,0.0,0.0,0,0.5,0,0,0,0,1,0,0,0,0,0,1,0,0,0,0,0,0
1,-1.3529411764705883,0.0,0.0,0.0,0.0,0.0,1,0.5,0,0,0,0,0,0,0,0,0,0,1,0,0,0,0,0,0
0,-1.0,0.0,0.0,0.0,0.0,0.0,1,1.0,0,0,0,0,1,0,0,0,0,0,1,0,0,0,0,0,0
1,-0.0588235294117647,0.0,0.0,0.0,0.0,0.0,0,0.0,0,0,0,1,0,0,0,0,0,0,1,0,1,0,0,0,0
0,0.2352941176470588,0.0,1.313389507963178,0.0,1.4315492242425183,2.239500020073692,1,0.5,1,1,0,0,0,0,0,0,0,0,0,0,0,0,0,0,0
0,1.0588235294117647,0.2939297479087193,1.411633245694954,1.8274949301016516,1.0464788079288134,0.0,1,0.0,1,0,0,0,1,0,0,0,0,1,0,0,0,0,0,0,1
0,0.5294117647058824,0.0,0.6020900746029018,0.0,0.738142580866548,1.8235637909269136,0,0.0,1,0,0,0,1,0,0,0,0,1,0,0,0,0,0,0,0
1,-1.3529411764705883,0.0,0.0,0.0,0.0,0.0,0,2.5,0,0,0,0,0,0,0,0,0,0,1,0,0,1,0,0,0
0,0.0,2.5604111441331274,1.7700388535599436,0.0,0.17376534287144,0.0,1,0.5,1,1,0,0,1,0,0,0,0,1,0,0,1,0,0,0,0
0,-0.0588235294117647,1.892200922719752,0.5038463368711258,0.0,0.5212960286143199,0.0,0,0.0,1,0,1,0,1,0,0,0,0,1,0,0,0,1,0,0,0
0,0.2941176470588235,1.924845581831972,1.4618099773198652,0.0,1.629810897875105,1.124089473669563,0,1.0,1,0,1,0,1,0,0,0,0,1,0,0,0,1,0,0,0
0,0.0,0.0,0.4714918312586162,0.0,2.24623885455106,0.0,0,0.0,1,1,0,0,1,0,1,0,0,0,0,0,0,0,0,0,0
1,0.0588235294117647,0.0,0.0,0.0,0.0,0.0,0,0.0,0,0,0,1,0,0,0,0,0,0,1,0,0,0,1,0,0
1,0.8823529411764706,0.0,0.0,0.0,0.0,0.0,1,0.5,0,0,1,0,1,0,0,0,0,1,0,0,0,1,0,0,0
0,0.3529411764705882,0.0,1.9892379833935487,0.0,1.871137241297728,0.1866524112389433,1,0.0,1,1,0,0,0,1,0,0,0,0,0,0,0,0,0,0,0
0,0.0588235294117647,0.0,1.985987381689166,0.0,0.8688267143571999,2.178686335085528,0,1.5,1,1,0,0,1,0,1,0,0,0,0,0,0,0,0,0,0
0,0.8823529411764706,0.3708980468307378,1.8620144697417755,0.0,2.3296492444696715,2.1137906082353943,1,2.0,1,1,0,0,1,0,1,0,0,0,0,0,0,0,0,0,0
0,-0.5294117647058824,0.0,0.0,0.0,0.17376534287144,1.8093127139304976,0,0.5,1,0,0,0,1,0,0,0,1,0,0,0,1,0,0,0,0
0,-0.6470588235294118,0.0,1.7583635593229625,0.4421294589150075,0.8353516763360442,1.4086460483038503,1,0.5,1,1,0,0,1,0,1,0,0,0,0,0,0,0,0,0,0
0,-0.8235294117647058,1.0817037568161083,1.8033075806212515,0.884258917830015,0.0,0.8557943061997394,0,0.0,1,0,0,0,1,0,0,0,0,0,1,0,0,0,1,0,0
1,-0.0588235294117647,0.0,0.0,0.0,0.0,0.0,0,0.0,0,1,0,0,1,0,0,1,0,0,0,0,0,0,0,0,0
0,-1.3529411764705883,0.0,0.0,0.0,0.0,0.0,0,1.5,0,0,1,0,0,0,0,0,0,1,0,0,0,0,0,1,0
1,-0.5294117647058824,0.0,0.0,0.0,0.0,0.0,1,0.0,0,0,0,0,1,0,0,0,0,0,1,0,0,0,0,0,0
1,-1.588235294117647,0.0,0.0,0.0,0.0,0.0,0,1.0,0,0,0,1,0,0,0,0,0,0,1,0,0,0,0,0,0
0,0.7647058823529411,0.2939297479087193,1.2108188897051184,0.0,1.8641407760847089,1.8973043878834543,0,0.0,1,0,0,0,1,0,0,0,0,1,0,0,0,0,0,0,1
1,0.5294117647058824,0.0,0.0,0.0,0.0,0.0,0,0.5,0,1,0,0,0,0,0,0,0,0,0,0,0,0,0,0,0
0,-0.0588235294117647,0.1854490234153689,2.0477324586094703,1.0391014346221656,1.588581367379589,0.7106519766445111,0,0.5,1,1,0,0,0,1,0,0,0,0,0,0,0,0,0,0,0
1,0.7058823529411765,0.0,0.0,0.0,0.0,0.0,0,1.0,0,0,0,1,0,0,0,0,0,0,1,0,0,0,0,1,0
0,1.9411764705882355,1.3908390955253516,0.0,1.9225927732876784,1.773625343039347,0.0,0,0.0,1,0,1,0,1,0,0,0,0,1,0,0,0,0,0,1,0
1,0.4117647058823529,0.0,0.0,0.0,0.0,0.0,0,0.0,0,0,1,0,1,0,0,0,0,1,0,0,0,0,0,0,1
0,0.1764705882352941,0.5878594958174387,1.6050035229777286,0.0,0.0,1.7594350454418135,1,0.0,1,0,0,0,1,0,0,0,0,1,0,0,0,0,0,0,1
0,0.0588235294117647,0.0,2.052854164217756,2.3837405817957387,0.17376534287144,1.4846699208016172,1,1.0,1,1,0,0,1,0,1,0,0,0,0,0,0,0,0,0,0
0,-0.2941176470588235,0.7417960936614756,1.202491648501454,0.0,0.9369978858407908,1.6702343204268284,1,0.0,1,0,0,0,0,0,0,0,0,1,0,0,0,0,0,0,0
0,0.2941176470588235,1.1790018105688445,0.0,2.302085840800834,0.0,0.0,1,0.0,1,0,1,0,1,0,0,0,0,1,0,0,0,0,0,0,1
1,-0.7647058823529411,0.0,0.0,0.0,0.0,0.0,1,0.0,0,0,0,0,0,0,0,0,0,0,1,0,0,0,1,0,0
1,-0.1764705882352941,0.0,0.0,0.0,0.0,0.0,0,0.0,0,0,1,0,1,0,0,0,0,1,0,0,0,0,0,0,0
1,0.0588235294117647,0.0,0.0,0.0,0.0,0.0,0,0.0,0,0,0,1,0,0,0,0,0,0,1,0,1,0,0,0,0
1,-0.2352941176470588,0.0,0.0,0.0,0.0,0.0,0,1.0,0,0,0,1,0,0,0,0,0,0,1,0,1,0,0,0,0
0,-0.1764705882352941,2.0974367406248184,0.0,1.3162627964925415,0.0,0.0,0,3.0,1,0,1,0,1,0,0,0,0,1,0,0,1,0,0,0,0
0,-0.5294117647058824,0.0,0.2661925166888179,2.335360848952322,0.0,0.0,1,0.0,1,0,0,1,0,0,0,0,0,1,0,0,0,1,0,0,0
0,1.2352941176470589,1.7602548871164836,0.1679487789570419,1.336202350730503,0.0,0.8667869552683445,1,0.0,1,0,0,0,1,0,0,0,0,0,1,0,0,0,0,0,0
0,-0.3529411764705882,2.0284616925578964,1.1084473030682285,0.0,1.0045999528837426,1.0,0,0.0,1,0,0,0,1,0,0,0,0,1,0,0,0,0,1,0,0
0,-0.5294117647058824,2.016326938458997,0.0,1.7746868672419935,0.0,0.0,1,0.5,1,0,1,0,0,0,0,0,1,0,0,0,0,0,0,0,0
1,-0.4117647058823529,0.0,0.0,0.0,0.0,0.0,0,0.0,0,0,1,0,1,0,0,0,0,1,0,0,1,0,0,0,0
0,-0.5882352941176471,0.3708980468307378,1.073581905861518,2.1792519016850904,0.0,0.1866524112389433,0,3.5,1,0,0,0,1,0,0,0,0,0,1,0,0,1,0,0,0
1,1.0588235294117647,0.0,0.0,0.0,0.0,0.0,0,1.5,0,1,0,0,0,1,0,0,0,0,0,0,0,0,0,0,0
1,-0.1764705882352941,0.0,0.0,0.0,0.0,0.0,0,0.0,0,0,0,1,0,0,0,0,0,0,1,0,0,0,0,1,0
0,-0.0588235294117647,0.0,2.054369800126297,0.0,1.7271543901732307,2.0540953534530435,1,0.0,1,1,0,0,1,0,0,0,1,0,0,0,0,0,0,0,0
0,0.9411764705882352,2.0261334011459984,0.7003338123346776,2.0695955675371427,0.0,0.0,0,0.0,1,0,0,0,1,0,0,0,0,1,0,0,0,0,0,1,0
0,-0.0588235294117647,0.0,1.924253128685992,2.189398960806752,0.0,1.2056684868517225,0,0.5,1,0,0,0,1,0,0,0,0,0,1,0,0,0,0,0,0
0,-0.2941176470588235,0.9009078313168304,1.4641231105965942,1.151626398894246,2.1813856985383304,0.3733048224778867,1,0.0,1,0,1,0,1,0,0,1,0,0,0,0,0,0,0,0,0
0,-0.1176470588235294,0.0,2.04418681255654,0.0,1.9698919493297573,2.035797428789685,0,0.0,1,1,0,0,1,0,1,0,0,0,0,0,0,0,0,0,0
0,1.2941176470588236,0.0,1.923994492613908,2.2288075501771245,1.1806340026274782,1.893762699284106,1,0.5,1,1,0,0,0,1,0,0,0,0,0,0,1,0,0,0,0
0,-0.2941176470588235,0.0,0.0,1.5714440358797148,1.6320592573265509,0.0,1,0.0,1,0,0,0,1,0,0,0,0,0,1,0,1,0,0,0,0
1,-0.7058823529411765,0.0,0.0,0.0,0.0,0.0,1,0.0,0,0,0,0,0,0,0,0,0,0,1,0,0,0,0,1,0
1,-0.8823529411764706,0.0,0.0,0.0,0.0,0.0,1,2.5,0,0,0,0,1,0,0,0,0,0,1,0,0,0,1,0,0
1,0.0,0.0,0.0,0.0,0.0,0.0,0,1.0,0,0,0,1,0,0,0,0,0,0,1,0,1,0,0,0,0
0,-0.5294117647058824,0.0,1.3729687864405518,1.1428880717594294,0.0,1.6366027464071198,0,0.0,1,0,0,0,1,0,0,0,0,1,0,0,0,0,1,0,0
1,0.3529411764705882,0.0,0.0,0.0,0.0,0.0,1,1.5,0,1,0,0,0,0,1,0,0,0,0,0,0,0,0,0,0
1,-1.5294117647058822,0.0,0.0,0.0,0.0,0.0,1,3.0,0,0,0,1,0,0,0,0,0,0,1,0,0,0,0,1,0
0,-0.4117647058823529,0.1854490234153689,1.6075641689552589,0.0,0.7748946642242507,0.0,1,0.0,1,0,0,0,1,0,0,0,0,0,1,0,1,0,0,0,0
1,0.2941176470588235,0.0,0.0,0.0,0.0,0.0,1,1.0,0,1,0,0,1,1,0,0,0,0,0,0,0,0,0,0,0
1,-0.8235294117647058,0.0,0.0,0.0,0.0,0.0,0,3.0,0,0,1,0,1,0,0,0,0,1,0,0,0,1,0,0,0
0,-0.5294117647058824,1.7572655109170814,0.6214843322659369,0.0,1.1107632287122309,0.0,1,2.0,1,0,0,0,1,0,0,0,0,1,0,0,0,0,0,1,0
1,-0.5294117647058824,0.0,0.0,0.0,0.0,0.0,1,0.5,0,0,1,0,1,0,0,0,0,1,0,0,0,0,0,1,0
0,0.0588235294117647,1.8494793618672083,1.8882773421258636,0.0,0.0,0.778326556204762,1,2.5,1,1,0,0,1,0,1,0,0,0,0,0,1,0,0,0,0
0,2.176470588235294,0.0,1.812225854550437,0.0,2.086161466176452,1.3998643187445523,1,2.0,1,1,0,0,1,1,0,0,0,0,0,0,1,0,0,0,0
0,0.5882352941176471,0.0,1.849556844414744,2.3629883947097503,1.4734919250534864,0.1866524112389433,0,0.0,1,1,0,0,0,0,0,1,0,0,0,0,0,0,0,0,0
0,-0.0588235294117647,1.6550977629589656,0.5323850333776358,2.6419269743897087,0.0,0.0,0,0.5,1,0,0,0,1,0,0,0,0,0,1,0,0,0,0,1,0
0,-0.2352941176470588,1.7957018892800745,0.0,2.1564615665541518,1.6294342029906443,0.0,0,0.0,1,0,1,0,1,0,0,0,1,0,0,0,1,0,0,0,0
0,-1.588235294117647,0.0,0.0,0.0,0.0,0.0,0,3.0,0,0,0,0,0,0,0,0,0,1,0,0,0,0,0,1,0
0,0.0588235294117647,1.0062954995527402,1.7005508288028572,0.0,0.0,0.0,1,0.0,1,0,1,0,1,0,0,0,0,1,0,0,1,0,0,0,0
0,1.1764705882352942,1.1854490234153687,0.1679487789570419,0.0,1.6256357909529595,0.3733048224778867,1,0.0,1,0,0,1,0,0,0,0,0,0,1,0,0,1,0,0,0
1,2.4705882352941178,0.0,0.0,0.0,0.0,0.0,1,0.0,0,0,0,0,1,0,0,0,0,0,1,0,1,0,0,0,0
1,0.9411764705882352,0.0,0.0,0.0,0.0,0.0,1,0.0,0,1,0,0,0,1,0,0,0,0,0,0,1,0,0,0,0
0,1.0588235294117647,1.1249503163209196,2.1068709098273546,0.0,0.0,1.7340044182352017,0,0.0,1,1,0,0,0,0,1,0,0,0,0,0,0,0,0,0,0
0,0.4117647058823529,0.6415482152485357,0.3899649883623831,0.2210647294575037,0.0,1.797342631817541,1,0.5,1,0,0,0,1,0,0,0,0,1,0,0,0,0,0,0,1
1,-1.1764705882352942,0.0,0.0,0.0,0.0,0.0,0,0.0,0,0,0,0,0,0,0,0,0,0,1,0,1,0,0,0,0
0,-0.3529411764705882,1.774720376791065,0.0,0.0,0.0,1.0,0,0.0,1,0,0,0,1,0,0,0,0,1,0,0,1,0,0,0,0
1,1.4705882352941178,0.0,0.0,0.0,0.0,0.0,0,0.0,0,0,0,0,1,0,0,0,0,0,1,0,1,0,0,0,0
0,0.9411764705882352,0.0,1.6291770060081885,1.393543585655192,0.0,0.0,1,0.0,1,0,0,0,1,0,0,0,0,0,1,0,0,1,0,0,0
1,1.7058823529411764,0.0,0.0,0.0,0.0,0.0,0,0.5,0,0,0,0,1,0,0,0,0,0,1,0,1,0,0,0,0
0,0.7647058823529411,0.0,0.0,0.0,0.0,0.0,1,0.0,0,1,0,0,1,0,0,0,0,1,0,0,1,0,0,0,0
1,-0.0588235294117647,0.0,0.0,0.0,0.0,0.0,1,0.0,0,0,0,0,1,0,0,0,0,0,1,0,1,0,0,0,0
1,0.8235294117647058,0.0,0.0,0.0,0.0,0.0,0,2.0,0,1,0,0,0,1,0,0,0,0,0,0,0,0,0,0,0
0,1.7647058823529411,0.0,1.7569926992559,1.0847404419957667,0.0,0.0,0,0.0,1,0,0,0,1,0,0,0,0,0,1,0,0,0,1,0,0
1,-0.4117647058823529,0.0,0.0,0.0,0.0,0.0,1,0.5,0,0,0,0,1,0,0,0,0,0,1,0,0,0,0,1,0
1,1.6470588235294117,0.0,0.0,0.0,0.0,0.0,0,0.0,0,0,0,0,1,0,0,0,0,0,1,0,1,0,0,0,0
1,-0.5294117647058824,0.0,0.0,0.0,0.0,0.0,0,1.0,0,0,1,0,1,0,0,0,0,1,0,0,0,0,0,0,1
0,-0.8823529411764706,0.0,0.0,0.0,0.0,0.0,0,2.5,0,0,0,1,0,0,0,0,0,0,1,0,0,1,0,0,0
0,-1.588235294117647,0.0,0.0,0.0,0.0,0.0,1,0.5,0,0,0,0,0,0,0,0,0,0,1,0,0,0,0,0,0
1,0.0588235294117647,0.0,0.0,0.0,0.0,0.0,1,0.0,0,0,0,1,0,0,0,0,0,0,1,0,0,0,1,0,0
0,-0.6470588235294118,0.850276818154826,1.4959013998364108,0.0,0.0,1.595298459542794,0,0.5,1,0,0,0,1,0,0,0,0,1,0,0,0,0,0,1,0
1,2.235294117647059,0.0,0.0,0.0,0.0,0.0,1,0.0,0,0,0,0,1,0,0,0,0,0,1,0,1,0,0,0,0
1,1.8235294117647056,0.0,0.0,0.0,0.0,0.0,1,1.0,0,0,1,0,1,0,0,0,0,1,0,0,0,0,0,0,0
0,-0.1764705882352941,0.6648277947394572,0.0,0.7343611355735556,1.9756419811863288,0.2958370724829093,0,1.0,1,0,0,0,1,0,0,0,0,1,0,0,0,1,0,0,0
0,-0.0588235294117647,0.0,0.0,0.0,0.0,0.0,0,0.0,0,1,0,0,1,1,0,0,0,0,0,0,0,0,0,0,0
0,-0.4705882352941176,0.0,0.0,0.0,1.677329916418545,0.4824894837218527,1,0.0,1,0,0,0,1,0,0,0,0,0,1,0,0,0,1,0,0
1,1.0588235294117647,0.0,0.0,0.0,0.0,0.0,1,0.0,0,0,0,0,1,0,0,0,0,0,1,0,0,1,0,0,0
0,-0.4705882352941176,1.4228437868959416,0.0,1.6435340777596332,1.8267499510375107,1.3528431468693245,0,0.0,1,0,1,0,0,0,0,0,0,1,0,0,0,0,0,0,1
1,0.6470588235294118,0.0,0.0,0.0,0.0,0.0,0,0.5,0,0,1,0,1,0,0,0,0,1,0,0,0,1,0,0,0
0,0.1764705882352941,0.0,2.177375534508513,0.0,1.5619218765602276,0.8773484072743342,1,0.5,1,1,0,0,0,1,0,0,0,0,0,0,0,0,0,0,0
0,0.0588235294117647,0.0,1.5511773059595295,0.0,1.1916794190241615,0.0,1,0.0,1,0,0,0,1,0,0,0,0,1,0,0,0,0,0,1,0
1,-0.8235294117647058,0.0,0.0,0.0,0.0,0.0,1,2.0,0,1,0,0,0,0,1,0,0,0,0,0,1,0,0,0,0
1,0.0,0.0,0.0,0.0,0.0,0.0,1,0.0,0,0,0,0,0,0,0,0,0,0,1,0,0,0,0,0,0
0,-0.5294117647058824,0.5878594958174387,0.1679487789570419,0.5132964061160518,1.5142338602431629,1.5403799021151163,0,0.0,1,0,0,0,1,0,0,0,0,1,0,0,0,0,1,0,0
0,-0.4117647058823529,1.8246707336873764,0.6214843322659369,1.0391014346221656,1.3356473995874962,1.5464903022351302,1,0.0,1,0,1,0,1,0,0,0,0,1,0,0,0,1,0,0,0
0,-0.5882352941176471,0.1854490234153689,1.23121853831492,1.1601316759719966,0.0,0.0,1,0.0,1,0,0,0,1,0,0,0,0,1,0,0,1,0,0,0,0
1,1.1764705882352942,0.0,0.0,0.0,0.0,0.0,1,0.0,0,0,0,0,1,0,0,0,0,0,1,0,1,0,0,0,0
0,-0.8235294117647058,1.2373947634805726,0.6214843322659369,1.6649228050102978,1.6697422381461922,0.0,1,0.0,1,0,0,0,1,0,0,0,0,1,0,0,0,0,0,0,1
0,-1.588235294117647,0.0,0.0,0.0,0.0,0.0,0,1.5,0,0,1,0,0,0,0,0,0,1,0,0,1,0,0,0,0
0,1.3529411764705883,0.0,1.7444739313019757,0.0,0.930956861034032,2.350543241997091,0,0.0,1,1,0,0,1,1,0,0,0,0,0,0,0,0,0,0,0
0,1.411764705882353,0.5878594958174387,0.0,1.700758612844422,1.7872464431312682,0.7292305501170816,1,0.0,1,0,0,0,0,0,0,0,0,1,0,0,1,0,0,0,0
1,-0.7647058823529411,0.0,0.0,0.0,0.0,0.0,0,0.0,0,0,0,0,1,0,0,0,0,0,1,0,0,1,0,0,0
0,-0.1764705882352941,0.0,0.0,0.0,1.9079677184847363,1.2846619208603416,0,0.0,1,0,0,0,1,0,0,0,0,1,0,0,0,0,0,0,1
0,-0.4705882352941176,0.2939297479087193,0.3358975579140839,1.949124099306192,1.334427492564964,0.0,1,0.0,1,0,0,0,1,0,0,0,1,0,0,0,1,0,0,0,0
0,0.1764705882352941,1.0998494473841025,0.905633126904476,2.014726946283108,0.17376534287144,0.0,1,0.0,1,0,0,0,0,0,0,0,0,1,0,0,0,1,0,0,0
1,0.0588235294117647,0.0,0.0,0.0,0.0,0.0,1,1.5,0,1,0,0,1,0,1,0,0,0,0,0,0,0,0,0,0
0,0.1764705882352941,1.0519457400652037,1.7276148157331388,0.0,0.17376534287144,1.835627734739138,1,0.0,1,1,0,0,1,0,1,0,0,0,0,0,0,0,0,0,0
0,-0.4117647058823529,0.0,0.0,1.982018677263163,1.417902840622132,1.2506532297522208,1,0.0,1,0,0,0,1,0,0,0,0,0,1,0,0,1,0,0,0
1,-1.0,0.0,0.0,0.0,0.0,0.0,0,1.0,0,0,1,0,1,0,0,0,0,1,0,0,0,0,1,0,0
1,-0.7058823529411765,0.0,0.0,0.0,0.0,0.0,1,3.0,0,0,0,0,1,0,0,0,0,0,1,0,0,0,1,0,0
0,-0.8235294117647058,1.4267496429271276,0.8158919763281912,0.0,0.17376534287144,1.735719599244502,1,0.0,1,0,0,0,1,0,0,0,0,1,0,0,0,0,1,0,0
0,1.5294117647058822,1.0519457400652037,2.2666333464643924,0.0,2.007035898186816,2.2551001404549984,1,2.0,1,1,0,0,1,0,1,0,0,0,0,0,0,0,0,0,0
0,0.0588235294117647,0.9512205263134812,0.0,0.0,0.0,1.7478383125234038,0,0.0,1,0,0,0,0,0,0,0,0,1,0,0,0,0,0,0,1
1,-0.5882352941176471,0.0,0.0,0.0,0.0,0.0,0,1.0,0,1,0,0,0,0,0,1,0,0,0,0,0,0,0,0,0
0,-0.2941176470588235,0.0,1.8311671480821372,2.4383389580462205,1.1569664012109244,0.0,1,2.5,1,1,0,0,1,0,1,0,0,0,0,0,0,0,0,0,0
0,0.1176470588235294,1.7775219352316705,0.6864843932202759,0.7343611355735556,0.0,0.0,0,0.0,1,0,0,0,1,0,0,0,1,0,0,0,1,0,0,0,0
0,1.588235294117647,0.0,1.820563264202412,0.0,0.0,2.0137402909744666,0,1.0,1,1,0,0,0,0,1,0,0,0,0,0,0,0,0,0,0
0,-0.1176470588235294,1.4640862442477651,0.0,2.1733552760646973,0.0,0.6906959960353908,0,0.0,1,0,0,0,1,0,0,0,0,1,0,0,1,0,0,0,0
1,0.9411764705882352,0.0,0.0,0.0,0.0,0.0,1,1.0,0,1,0,0,0,1,0,0,0,0,0,0,0,0,0,0,0
0,-0.5882352941176471,1.2320966421058763,1.5138937314831742,2.419004008707629,0.0,0.5239995654055677,1,0.0,1,0,0,0,1,0,0,0,0,1,0,0,0,0,0,0,1
1,1.8235294117647056,0.0,0.0,0.0,0.0,0.0,0,0.5,0,0,0,0,1,0,0,0,0,0,1,0,0,0,0,0,0
0,-0.1764705882352941,0.0,0.0,0.0,0.0,0.0,1,0.0,0,0,0,0,1,0,0,0,0,0,1,0,1,0,0,0,0
0,1.0,0.0,1.7227157634690375,1.393543585655192,1.8194376293410173,1.918063398435789,1,0.0,1,1,0,0,0,0,0,1,0,0,0,0,0,0,0,0,0
0,1.5294117647058822,1.852391820365948,0.0,0.0,0.0,0.1866524112389433,0,0.0,1,0,0,0,1,0,0,0,0,0,1,0,0,0,0,0,0
1,-0.3529411764705882,0.0,0.0,0.0,0.0,0.0,1,0.0,0,0,0,0,1,0,0,0,0,0,1,0,1,0,0,0,0
0,0.4705882352941176,0.0,0.0,0.2210647294575037,0.0,1.9234384772558573,0,0.0,1,0,0,0,1,0,0,0,0,1,0,0,1,0,0,0,0
1,-0.4117647058823529,0.0,0.0,0.0,0.0,0.0,0,0.0,0,0,0,0,1,0,0,0,0,0,1,0,0,0,1,0,0
1,1.9411764705882355,0.0,0.0,0.0,0.0,0.0,0,0.0,0,0,1,0,1,0,0,0,0,1,0,0,0,1,0,0,0
0,0.6470588235294118,0.0,1.9602953385548476,0.0,1.4265184788656111,1.945891686037409,0,0.5,1,0,0,0,1,1,0,0,0,0,0,0,0,0,0,0,0
1,-0.4117647058823529,0.0,0.0,0.0,0.0,0.0,1,0.0,0,0,0,1,0,0,0,0,0,0,1,0,1,0,0,0,0
1,1.9411764705882355,0.0,0.0,0.0,0.0,0.0,1,3.0,0,0,0,0,1,0,0,0,0,0,1,0,0,0,0,0,0
0,0.2941176470588235,2.409527725738058,1.8480273975705792,2.411128818740789,2.2318624412309416,1.7844591757525936,0,0.5,1,1,0,0,1,0,0,0,1,0,0,0,1,0,0,0,0
1,1.588235294117647,0.0,0.0,0.0,0.0,0.0,1,1.0,0,1,0,0,0,1,0,0,0,0,0,0,1,0,0,0,0
0,2.117647058823529,0.0,1.1276493363098172,0.0,1.6036488440523706,0.0,0,0.0,1,0,0,0,1,0,0,0,0,1,0,0,0,0,1,0,0
1,0.7647058823529411,0.0,0.0,0.0,0.0,0.0,0,0.5,0,0,0,0,1,0,0,0,0,0,1,0,0,1,0,0,0
0,0.0,0.0,0.656157505051201,0.0,0.0,2.0874525103691366,1,1.0,1,1,0,0,1,0,1,0,0,0,0,0,0,0,0,0,0
1,-0.3529411764705882,0.0,0.0,0.0,0.0,0.0,0,0.0,0,0,0,1,0,0,0,0,0,0,1,0,0,1,0,0,0
0,-0.2352941176470588,0.0,1.1737410596591624,1.914025179020378,0.0,0.8323636643738357,1,0.0,1,0,0,1,0,0,0,0,0,1,0,0,0,0,1,0,0
0,-0.4117647058823529,0.0,1.3464131630496508,1.8514258260866336,1.2278414109400706,0.0,0,1.0,1,0,0,0,1,0,0,0,0,0,1,0,0,0,0,0,0
1,0.2941176470588235,0.0,0.0,0.0,0.0,0.0,0,0.0,0,0,0,0,0,0,0,0,0,0,1,0,0,0,0,1,0
0,0.2941176470588235,2.41008508009306,1.0294055985780417,0.7925087653372185,1.4838098586458648,0.0,0,0.5,1,1,0,0,1,0,0,0,0,0,0,0,0,0,0,0,0
0,2.0588235294117645,0.0,1.547125390957669,0.0,0.7245884476238132,0.8773484072743342,1,0.0,1,0,0,0,1,0,0,0,0,1,0,0,0,0,0,0,0
1,-0.0588235294117647,0.0,0.0,0.0,0.0,0.0,1,0.0,0,0,0,0,1,0,0,0,0,0,1,0,0,0,0,0,0
1,-1.2941176470588236,0.0,0.0,0.0,0.0,0.0,0,0.0,0,0,1,0,1,0,0,0,0,1,0,0,1,0,0,0,0
0,-0.5294117647058824,2.096803744147166,0.0,1.2279236817437833,0.0,0.0,1,0.0,1,0,1,0,1,0,0,1,0,0,0,0,0,0,0,0,0
0,0.1176470588235294,1.6752394737330505,0.0,0.9858230443082924,0.4034706315309319,1.8040582543769772,1,0.0,1,0,1,0,1,0,0,0,1,0,0,0,1,0,0,0,0
0,-0.2352941176470588,1.4148567344813432,1.0524991474941336,2.7545673116348475,0.5212960286143199,0.0,1,0.0,1,0,1,0,1,0,0,0,0,1,0,0,0,0,1,0,0
1,0.6470588235294118,0.0,0.0,0.0,0.0,0.0,1,0.5,0,1,0,0,0,1,0,0,0,0,0,0,0,0,0,0,0
0,0.8823529411764706,0.0,0.6864843932202759,0.0,1.2476193648122138,2.4024643577961022,0,0.5,1,1,0,0,1,0,0,0,0,0,0,0,0,0,0,0,0
0,-1.5294117647058822,0.0,0.0,0.0,0.0,0.0,1,2.5,0,0,0,0,1,0,0,0,0,0,1,0,1,0,0,0,0
0,0.0588235294117647,0.0,0.0,0.0,1.6313120424710026,0.7629347951689582,1,0.0,1,0,0,1,0,0,0,0,0,1,0,0,0,0,0,1,0
0,-0.3529411764705882,0.0,1.2156812375665125,0.0,1.5899089454077016,0.0,1,0.0,1,0,0,0,0,0,0,0,0,1,0,0,0,0,0,0,0
1,1.8235294117647056,0.0,0.0,0.0,0.0,0.0,0,0.0,0,0,0,1,0,0,0,0,0,0,1,0,0,0,0,0,0
0,0.0,0.0,1.402158699347388,0.0,0.5508231047523734,1.9905448001914807,0,1.5,1,1,0,0,1,0,1,0,0,0,0,0,0,0,0,0,0
0,2.117647058823529,1.8908358871748927,0.0,0.2210647294575037,0.0,0.0,1,0.0,1,0,1,0,1,0,0,0,1,0,0,0,0,0,0,0,0
1,1.0,0.0,0.0,0.0,0.0,0.0,0,2.5,0,1,0,0,1,0,1,0,0,0,0,0,0,0,0,0,0
0,-0.1764705882352941,0.0,0.0,2.1358783612623995,0.0,0.0,0,0.0,1,0,0,0,0,0,0,0,0,0,1,0,0,0,0,1,0
0,-0.7058823529411765,0.0,0.0,0.0,1.3392719022193589,1.7844591757525936,0,3.5,1,0,0,0,0,0,0,0,0,1,0,0,0,0,0,0,1
1,-0.3529411764705882,0.0,0.0,0.0,0.0,0.0,0,0.0,0,0,1,0,1,0,0,0,0,1,0,0,0,1,0,0,0
0,1.1176470588235294,2.322527769838441,0.0,0.8416718857933595,0.6430081763978817,0.0,1,0.0,1,0,1,0,1,0,0,0,0,1,0,0,0,0,0,1,0
0,-0.1176470588235294,0.0,0.0,0.0,0.0,0.0,0,0.0,0,1,0,0,1,0,0,1,0,0,0,0,0,0,0,0,0
1,2.294117647058824,0.0,0.0,0.0,0.0,0.0,1,0.0,0,0,0,0,1,0,0,0,0,0,1,0,0,0,1,0,0
0,0.0,1.9468163711218207,0.0,0.2210647294575037,0.2754115523761867,1.159009443170416,0,0.0,1,0,0,0,1,0,0,0,0,1,0,0,0,0,0,0,0
0,0.4117647058823529,0.0,0.6020900746029018,2.0459603869084453,1.6002838217370514,1.7897567074135756,1,0.0,1,0,0,0,1,0,0,0,0,1,0,0,0,0,1,0,0
0,2.0,1.8841382174313508,0.0,2.0299035235074823,0.0,0.0,1,0.5,1,0,1,0,1,0,0,1,0,0,0,0,0,0,0,0,0
0,-0.2352941176470588,0.0,0.1679487789570419,1.2601661640796695,1.8664946938342488,1.4524095532469514,1,0.0,1,0,0,0,1,0,0,0,0,1,0,0,0,0,0,0,1
0,0.3529411764705882,0.0,1.8547777546537745,0.0,1.6674852032358336,0.6457112531348923,0,2.0,1,1,0,0,1,0,0,0,0,0,0,0,0,0,0,0,0
0,1.3529411764705883,1.4502445515133096,0.0,2.130718227719792,1.17376534287144,0.0,1,0.0,1,0,1,0,1,0,0,0,0,1,0,0,0,1,0,0,0
0,0.2352941176470588,1.706524876476659,1.7301237073779323,0.0,1.3621819340777568,0.5239995654055677,1,0.0,1,1,0,0,1,0,0,0,0,0,0,0,0,0,0,0,0
1,0.4117647058823529,0.0,0.0,0.0,0.0,0.0,1,0.0,0,1,0,0,1,1,0,0,0,0,0,0,0,0,0,0,0
0,0.2352941176470588,1.3628144595471798,1.7203285631688214,0.5132964061160518,0.0,0.1866524112389433,1,0.0,1,0,1,0,1,0,0,0,1,0,0,0,0,0,0,0,0
1,0.1176470588235294,0.0,0.0,0.0,0.0,0.0,1,1.0,0,1,0,0,1,0,1,0,0,0,0,0,0,0,0,0,0
0,2.3529411764705883,1.884838906753065,0.6864843932202759,1.176490594488563,0.0,1.6835283578364155,0,0.0,1,0,1,0,0,0,0,1,0,0,0,0,0,0,0,0,0
0,-0.3529411764705882,2.1550433943384326,0.0,0.2210647294575037,0.0,0.0,1,1.0,1,0,1,0,1,0,0,0,0,1,0,0,0,1,0,0,0
0,-0.2941176470588235,0.973223032322758,0.3358975579140839,0.0,1.4348478297079488,1.714379129682948,1,0.0,1,0,0,0,1,0,0,0,0,0,1,0,0,1,0,0,0
0,0.4117647058823529,1.8462655528164449,0.0,0.8636757125382628,0.0,0.0,0,0.0,1,0,1,0,1,0,0,1,0,0,0,0,0,0,0,0,0
0,-0.2352941176470588,0.0,0.0,1.975575448245267,0.4491768952476266,1.5144495394641682,1,0.0,1,0,0,0,1,0,0,0,0,0,1,0,0,1,0,0,0
1,-0.8235294117647058,0.0,0.0,0.0,0.0,0.0,0,0.0,0,0,0,1,0,0,0,0,0,0,1,0,0,1,0,0,0
0,1.588235294117647,0.0,1.3953753952730474,1.770999785842722,0.0,0.0,1,0.5,1,0,0,1,0,0,0,0,0,1,0,0,1,0,0,0,0
0,1.6470588235294117,1.7507999673257024,0.0,0.2210647294575037,1.1224253499671306,0.0,0,3.5,1,0,0,0,1,0,0,0,0,0,1,0,0,0,0,1,0
0,0.7647058823529411,0.0,0.0,1.8049729407912596,0.4878209905931642,1.7092408860370232,1,0.0,1,0,0,0,1,0,0,0,1,0,0,0,1,0,0,0,0
1,0.2352941176470588,0.0,0.0,0.0,0.0,0.0,1,0.0,0,0,1,0,1,0,0,0,0,1,0,0,1,0,0,0,0
0,1.1176470588235294,1.8694777657234976,1.0647700667552715,2.2553297430070343,0.0,1.556653112409524,1,0.0,1,0,1,0,0,0,0,0,0,1,0,0,0,0,1,0,0
1,-0.6470588235294118,0.0,0.0,0.0,0.0,0.0,1,0.0,0,0,0,1,0,0,0,0,0,1,0,0,1,0,0,0,0
0,0.1764705882352941,0.0,0.0,0.0,0.0,0.0,1,3.0,0,0,0,0,1,0,0,0,0,0,1,0,1,0,0,0,0
0,0.0588235294117647,1.6886818402242196,2.073395736916113,0.0,1.934442632535111,1.9908764289379075,0,0.0,1,1,0,0,0,0,0,1,0,0,0,0,0,0,0,0,0
0,0.0,0.0,0.0,2.024366422814488,0.2754115523761867,1.3148531480956882,0,0.0,1,0,0,0,1,0,0,0,0,1,0,0,0,0,0,0,0
0,-0.5294117647058824,0.7580159921564845,0.4714918312586162,2.105323647287519,0.0,0.0,1,0.0,1,0,0,1,0,0,0,0,0,1,0,0,0,1,0,0,0
0,2.0588235294117645,1.5892713533756964,1.4824080408456348,0.0,0.5212960286143199,0.0,0,0.0,1,0,0,0,1,0,0,0,0,0,1,0,1,0,0,0,0
1,-1.5294117647058822,0.0,0.0,0.0,0.0,0.0,0,1.0,0,0,0,0,1,0,0,0,0,0,1,0,0,0,0,0,0
0,-1.411764705882353,0.0,0.0,0.0,0.0,0.0,0,1.0,0,0,1,0,0,0,0,0,0,1,0,0,1,0,0,0,0
0,-0.1764705882352941,0.0,0.4341412956458598,0.0,1.986851510878616,0.0,0,0.0,1,0,0,0,1,0,0,0,0,1,0,0,0,0,0,0,0
0,2.235294117647059,0.0,1.6303391131304747,0.0,0.9184197287740684,0.0,1,0.0,1,1,0,0,0,0,1,0,0,0,0,0,0,0,0,0,0
0,0.3529411764705882,0.0,0.0,2.034806029775796,0.2754115523761867,1.4932192899115468,0,0.0,1,0,0,0,0,0,0,0,0,0,1,0,0,1,0,0,0
0,0.0588235294117647,0.2939297479087193,1.858649153552655,0.0,1.523606555554848,2.336866149261003,1,0.5,1,1,0,0,0,1,0,0,0,0,0,0,0,0,0,0,0
1,-0.4117647058823529,0.0,0.0,0.0,0.0,0.0,1,0.0,0,0,0,0,1,0,0,0,0,0,1,0,0,0,0,1,0
0,0.1176470588235294,2.1410919047359256,1.8589877963338797,0.0,0.0,2.0154095595425727,0,2.0,1,1,0,0,0,1,0,0,0,0,0,0,0,0,0,0,0
0,1.8235294117647056,0.0,1.3144592618885929,0.0,2.158250114907801,0.0,1,1.0,1,1,0,0,0,0,1,0,0,0,0,0,1,0,0,0,0
0,-0.0588235294117647,0.5206212286759118,1.5971551001329074,0.0,1.79241550045565,1.8899328390569885,0,0.0,1,1,0,0,0,0,0,1,0,0,0,0,0,0,0,0,0
0,-0.4117647058823529,1.434394345472341,0.0,2.2005217143225564,0.0,0.7106519766445111,1,0.5,1,0,1,0,1,0,0,0,0,1,0,0,1,0,0,0,0
1,-0.1764705882352941,0.0,0.0,0.0,0.0,0.0,0,0.5,0,0,0,0,1,0,0,0,0,0,1,0,0,1,0,0,0
1,-0.3529411764705882,0.0,0.0,0.0,0.0,0.0,1,0.5,0,0,0,0,1,0,0,0,0,0,1,0,0,0,1,0,0
0,0.5294117647058824,1.0062954995527402,0.0,1.7098714896275766,1.259438609480868,2.0263780023539755,1,0.5,1,0,1,0,1,0,0,0,0,1,0,0,0,0,0,0,0
1,0.0588235294117647,0.0,0.0,0.0,0.0,0.0,0,1.5,0,1,0,0,1,1,0,0,0,0,0,0,0,0,0,0,0
1,0.0588235294117647,0.0,0.0,0.0,0.0,0.0,0,0.0,0,0,0,1,0,0,0,0,0,0,1,0,0,0,1,0,0
1,-0.1176470588235294,0.0,0.0,0.0,0.0,0.0,0,1.0,0,0,0,1,0,0,0,0,0,0,1,0,0,0,1,0,0
1,-0.4705882352941176,0.0,0.0,0.0,0.0,0.0,0,0.0,0,0,1,0,1,0,0,0,0,1,0,0,0,0,0,0,1
0,-1.1176470588235294,0.0,0.0,0.0,0.0,0.0,0,1.5,0,1,0,0,1,1,0,0,0,0,0,0,0,0,0,0,0
0,-0.6470588235294118,1.652886623213102,0.0,1.6322765918099855,0.0,1.2958370724829091,0,2.0,1,0,0,1,0,0,0,0,0,0,1,0,0,1,0,0,0
0,-0.2352941176470588,0.6160483210529383,2.0145557589540304,0.0,0.0,0.7629347951689582,1,0.5,1,1,0,0,1,0,0,1,0,0,0,0,0,0,0,0,0
0,0.4705882352941176,1.5641935676869343,2.0389838761596675,0.0,0.0,1.6278141922261888,1,0.0,1,1,0,0,1,0,1,0,0,0,0,0,0,0,0,0,0
0,-0.8235294117647058,1.70194349079323,1.0556256279117966,0.0,1.435665743642106,0.4824894837218527,1,0.0,1,0,0,0,1,0,0,0,0,1,0,0,1,0,0,0,0
0,2.588235294117647,1.827286634458934,1.7344998561880145,0.7647583148507885,0.5772359744023721,0.0,1,0.0,1,0,1,1,0,0,0,0,0,1,0,0,1,0,0,0,0
0,0.0,0.6160483210529383,1.84553617548733,0.0,0.763232542969351,2.024044011507836,1,0.0,1,1,0,0,1,1,0,0,0,0,0,0,0,0,0,0,0
0,-0.1176470588235294,0.0,1.985853773265309,0.0,0.0,1.3813919920707816,1,0.0,1,1,0,0,1,0,1,0,0,0,0,0,0,0,0,0,0
0,2.7058823529411766,0.8915192755066496,0.2661925166888179,1.3639528012169333,1.7792873493008663,0.0,0,0.0,1,0,1,0,1,0,0,0,0,1,0,0,1,0,0,0,0
0,-0.8235294117647058,1.814247463918594,0.0,0.0,0.0,0.0,1,0.5,1,0,0,0,0,0,0,0,0,1,0,0,1,0,0,0,0
0,-0.4117647058823529,0.0,0.3899649883623831,2.116395725424803,0.7860382942944486,0.1866524112389433,0,0.0,1,0,0,0,1,0,0,0,1,0,0,0,1,0,0,0,0
0,-0.4117647058823529,0.0,0.0,0.0,1.452252889648352,0.0,0,0.0,1,0,0,0,1,0,0,0,0,1,0,0,0,0,0,0,1
1,-0.4117647058823529,0.0,0.0,0.0,0.0,0.0,0,3.0,0,0,1,0,0,0,0,0,0,1,0,0,1,0,0,0,0
0,-0.7058823529411765,0.0,0.0,2.160860656835442,0.34753068574288,0.0,0,0.0,1,0,0,0,1,0,0,0,0,1,0,0,1,0,0,0,0
1,0.5882352941176471,0.0,0.0,0.0,0.0,0.0,1,0.0,0,0,1,0,1,0,0,0,0,1,0,0,0,0,0,0,1
0,-0.5294117647058824,0.7245290455462887,1.57010747830443,0.7925087653372185,0.7245884476238132,0.0,1,0.0,1,0,0,0,1,0,0,0,0,1,0,0,0,1,0,0,0
0,0.8823529411764706,1.0,1.8309139621964827,0.0,1.892614529671292,1.019016075612779,1,0.5,1,1,0,0,1,1,0,0,0,0,0,0,0,0,0,0,0
1,-0.3529411764705882,0.0,0.0,0.0,0.0,0.0,1,0.5,0,0,1,0,1,0,0,0,1,0,0,0,1,0,0,0,0
0,1.8235294117647056,1.931784928610173,1.34547583549571,0.0,0.0,1.5464903022351302,0,0.0,1,0,0,0,1,0,0,0,0,1,0,0,0,0,0,0,1
0,-0.3529411764705882,0.4793787713240882,1.339774422550336,0.7647583148507885,0.82623465712856,2.188488344743221,0,2.0,1,1,0,0,1,0,1,0,0,0,0,0,0,0,0,0,0
0,0.2941176470588235,0.0,0.2661925166888179,0.2210647294575037,0.0,1.8263256870158973,0,0.0,1,0,0,0,1,0,0,0,0,0,1,0,0,0,0,1,0
0,-0.0588235294117647,0.7877740089073892,1.076449381582659,1.448988411201287,1.701647563157334,1.5267997553666386,0,0.0,1,0,0,1,0,0,0,0,0,1,0,0,0,0,0,0,0
0,-0.5294117647058824,0.0,0.3358975579140839,1.1920511922155703,1.4755897648976253,1.6093267619286515,0,1.0,1,0,0,0,1,0,0,0,0,1,0,0,0,0,0,1,0
0,0.5294117647058824,0.0,1.622982783983718,0.0,0.0,0.0,1,0.0,1,0,0,0,0,0,0,0,0,0,1,0,1,0,0,0,0
1,1.588235294117647,0.0,0.0,0.0,0.0,0.0,0,0.0,0,0,0,0,1,0,0,0,0,0,1,0,0,0,0,1,0
1,-1.1764705882352942,0.0,0.0,0.0,0.0,0.0,0,1.0,0,0,1,0,1,0,0,0,0,1,0,0,1,0,0,0,0
0,-0.1764705882352941,0.0,0.0,1.9441351642314648,1.3791126127172606,0.1866524112389433,0,0.0,1,0,0,1,0,0,0,0,0,1,0,0,1,0,0,0,0
0,-0.3529411764705882,2.082484914703647,0.5038463368711258,0.0,0.763232542969351,0.0,1,0.5,1,0,0,1,0,0,0,0,1,0,0,0,0,0,0,0,0
0,1.411764705882353,0.0,0.5810073162355173,1.901958330307824,1.812632757866505,0.0,1,3.0,1,0,0,0,1,0,0,0,0,0,1,0,0,0,1,0,0
1,-1.588235294117647,0.0,0.0,0.0,0.0,0.0,1,1.0,0,0,0,0,0,0,0,0,0,0,1,0,0,0,1,0,0
1,0.3529411764705882,0.0,0.0,0.0,0.0,0.0,1,0.0,0,1,0,0,0,1,0,0,0,0,0,0,0,0,0,0,0
1,0.0,0.0,0.0,0.0,0.0,0.0,0,2.0,0,1,0,0,0,0,0,1,0,0,0,0,0,0,0,0,0
0,0.6470588235294118,1.8883150888690363,0.0,0.9554258650310592,0.0,0.0,0,0.0,1,0,1,0,0,0,0,1,0,0,0,0,0,0,0,0,0
1,1.0,0.0,0.0,0.0,0.0,0.0,1,1.5,0,1,0,0,1,1,0,0,0,0,0,0,0,0,0,0,0
0,-0.8823529411764706,0.0,0.0,0.0,0.0,0.0,1,0.0,0,0,0,0,0,0,0,0,0,0,1,0,0,0,0,1,0
1,-0.5294117647058824,0.0,0.0,0.0,0.0,0.0,0,0.0,0,0,0,0,1,0,0,0,0,0,1,0,1,0,0,0,0
1,-0.9411764705882352,0.0,0.0,0.0,0.0,0.0,1,0.0,0,0,0,0,1,0,0,0,0,0,1,0,0,0,0,0,0
1,-0.4117647058823529,0.0,0.0,0.0,0.0,0.0,1,0.0,0,0,1,0,1,0,0,0,0,1,0,0,0,0,1,0,0
0,0.4705882352941176,1.807481562559035,0.5810073162355173,0.903593867168606,0.0,0.0,0,0.0,1,0,0,0,1,0,0,0,0,0,1,0,0,0,1,0,0
0,-0.3529411764705882,1.155128343183858,0.0,2.0956450593841764,0.0,1.6750961226451544,1,0.0,1,0,1,0,1,0,0,0,0,1,0,0,0,0,1,0,0
1,-0.0588235294117647,0.0,0.0,0.0,0.0,0.0,0,0.0,0,0,0,0,1,0,0,0,0,0,1,0,0,0,0,1,0
1,-0.6470588235294118,0.0,0.0,0.0,0.0,0.0,1,0.0,0,0,0,0,1,0,0,0,0,0,1,0,0,0,1,0,0
1,0.5882352941176471,0.0,0.0,0.0,0.0,0.0,0,2.5,0,0,0,0,1,0,0,0,1,0,0,0,0,0,0,0,0
0,1.1176470588235294,1.7150191259842338,0.0,1.1920511922155703,1.4575466995995623,1.488978532849273,1,0.5,1,0,1,1,0,0,0,0,0,1,0,0,1,0,0,0,0
0,-0.9411764705882352,0.0,0.0,0.0,0.0,0.0,1,3.5,0,0,0,0,0,0,0,0,0,0,1,0,0,1,0,0,0
0,-0.6470588235294118,0.0,1.9265685133211623,1.115137621272999,0.4491768952476266,2.1900746969484355,0,0.5,1,0,0,0,0,0,0,0,0,0,1,0,0,0,0,0,0
0,0.0,0.0,1.6394406102156582,0.0,0.763232542969351,1.9453035186945895,0,1.5,1,1,0,0,0,0,1,0,0,0,0,0,0,0,0,0,0
0,0.1176470588235294,0.0,0.0,0.0,0.0,1.8213958924365763,0,0.0,1,0,0,0,1,0,0,0,0,1,0,0,1,0,0,0,0
0,0.0588235294117647,1.8330097700396395,0.0,0.0,0.0,1.166190735630381,0,2.5,1,0,0,0,1,0,0,0,0,0,1,0,0,0,1,0,0
1,-1.0588235294117647,0.0,0.0,0.0,0.0,0.0,1,1.0,0,0,0,0,0,0,0,0,0,0,1,0,0,0,0,0,0
0,-0.6470588235294118,1.9260480395253576,0.0,2.509658393411252,0.0,0.0,0,2.0,1,0,1,0,0,0,0,1,0,0,0,0,0,0,0,0,0
1,0.7647058823529411,0.0,0.0,0.0,0.0,0.0,1,0.0,0,1,0,0,0,1,0,0,0,0,0,0,0,0,0,0,0
1,-1.1176470588235294,0.0,0.0,0.0,0.0,0.0,0,1.0,0,0,0,0,1,0,0,0,0,0,1,0,0,0,0,1,0
1,-0.3529411764705882,0.0,0.0,0.0,0.0,0.0,1,3.0,0,0,1,0,0,0,0,1,0,0,0,0,0,0,0,0,0
0,1.1176470588235294,0.0,1.183097390838419,0.0,2.2789965629892306,1.6568232914797003,0,1.0,1,1,0,0,1,0,0,0,0,0,0,0,0,0,0,0,0
0,1.2941176470588236,0.0,1.0294055985780417,1.445577373457249,1.8496899528469517,0.7466096449557734,1,0.0,1,0,0,0,1,0,0,0,0,0,1,0,0,0,1,0,0
0,1.1764705882352942,0.0,1.1322211487452818,2.5444052974482734,0.0,1.9094579813481225,0,0.0,1,0,0,0,1,0,0,0,0,0,1,0,0,0,1,0,0
0,0.4117647058823529,0.0,1.4412021597197542,0.0,1.1224253499671306,1.472452949051796,1,0.5,1,0,0,0,0,0,0,0,0,0,1,0,1,0,0,0,0
0,0.4117647058823529,0.0,0.0,1.272202648724137,1.6534988450611323,0.0,0,0.0,1,0,0,0,1,0,0,0,0,0,1,0,1,0,0,0,0
0,-0.3529411764705882,1.515104612894283,0.0,0.903593867168606,1.1916794190241615,1.3923208980906656,0,0.0,1,0,0,0,0,0,0,0,0,1,0,0,0,0,0,0,0
1,0.8235294117647058,0.0,0.0,0.0,0.0,0.0,1,1.0,0,1,0,0,0,0,1,0,0,0,0,0,0,0,0,0,0
0,0.0588235294117647,0.1854490234153689,0.0,2.181307305075695,1.6098390449411506,0.0,0,0.0,1,0,0,1,0,0,0,0,0,1,0,0,0,1,0,0,0
0,1.1764705882352942,1.5885663559021062,0.0,1.521509623659744,1.7663085373700762,1.316885478558062,0,0.5,1,0,1,0,1,0,0,0,0,1,0,0,0,1,0,0,0
1,0.0,0.0,0.0,0.0,0.0,0.0,0,0.5,0,1,0,0,0,0,1,0,0,0,0,0,0,0,0,0,0
1,-0.5882352941176471,0.0,0.0,0.0,0.0,0.0,0,0.0,0,0,0,0,1,0,0,0,0,0,1,0,1,0,0,0,0
1,-1.5294117647058822,0.0,0.0,0.0,0.0,0.0,1,1.0,0,0,0,0,1,0,0,0,0,0,1,0,0,1,0,0,0
1,-0.8823529411764706,0.0,0.0,0.0,0.0,0.0,1,1.5,0,0,1,0,1,0,0,0,0,1,0,0,0,0,1,0,0
0,-0.1176470588235294,1.2671527802314777,0.0,0.0,1.7941802426560085,0.0,0,0.0,1,0,0,0,1,0,0,0,0,1,0,0,1,0,0,0,0
0,2.235294117647059,0.0,2.151890583331329,0.0,0.4878209905931642,0.0,0,1.5,1,1,0,0,0,0,1,0,0,0,0,0,0,0,0,0,0
0,-0.1764705882352941,0.3708980468307378,1.9326368369898568,0.0,1.185110735848657,0.9723570319314724,1,0.0,1,1,0,0,1,0,0,1,0,0,0,0,0,0,0,0,0
1,0.0,0.0,0.0,0.0,0.0,0.0,1,0.0,0,1,0,0,0,0,0,0,0,1,0,0,1,0,0,0,0
0,0.7058823529411765,1.3787445442715656,1.815487358025662,0.818036705164662,2.0976017963893345,1.483581909187885,1,0.0,1,1,0,0,1,0,1,0,0,0,0,0,0,0,0,0,0
0,-0.2352941176470588,0.0,0.0,0.0,1.6510899963431458,1.1833482899316374,0,0.0,1,0,0,0,1,0,0,0,0,1,0,0,0,1,0,0,0
0,1.1764705882352942,1.9148178131117628,0.0,0.5714440358797147,1.5559289920125583,0.0,1,0.0,1,0,1,0,1,0,0,1,0,0,0,0,0,0,0,0,0
1,-1.411764705882353,0.0,0.0,0.0,0.0,0.0,1,2.0,0,0,0,0,1,0,0,0,0,0,1,0,0,0,1,0,0
1,-0.2352941176470588,0.0,0.0,0.0,0.0,0.0,1,0.0,0,0,0,0,1,0,0,0,0,0,1,0,0,0,0,0,0
1,-0.2352941176470588,0.0,0.0,0.0,0.0,0.0,1,0.0,0,0,0,0,0,0,0,0,0,0,1,0,0,0,0,0,0
1,1.588235294117647,0.0,0.0,0.0,0.0,0.0,1,3.0,0,0,1,0,1,0,0,1,0,0,0,0,0,0,0,0,0
0,-0.3529411764705882,2.137396578400193,0.0,1.8060822601319408,0.8353516763360442,0.0,0,0.0,1,0,1,0,1,0,0,1,0,0,0,0,0,0,0,0,0
0,-0.0588235294117647,0.0,2.0359598260417857,0.0,1.768482795565192,1.5004836131059378,1,1.5,1,1,0,0,0,1,0,0,0,0,0,0,0,0,0,0,0
0,0.0,1.862469601876514,0.0,1.206887773765796,1.11666209848346,0.0,1,0.5,1,0,1,0,1,0,0,1,0,0,0,0,0,0,0,0,0
0,1.8235294117647056,0.0,0.0,2.1432730192882445,0.0,1.2318896459610953,1,0.0,1,0,0,0,1,0,0,0,0,1,0,0,0,0,0,0,0
0,-0.1764705882352941,1.721109875862621,0.0,0.0,0.0,0.0,0,0.0,1,0,0,0,1,0,0,0,0,0,1,0,0,0,0,0,0
1,0.7058823529411765,0.0,0.0,0.0,0.0,0.0,0,1.0,0,1,0,0,0,0,0,0,0,0,0,0,0,0,0,0,0
1,-1.3529411764705883,0.0,0.0,0.0,0.0,0.0,0,0.5,0,0,0,0,1,0,0,0,0,0,1,0,0,0,0,1,0
0,0.2941176470588235,0.0,1.837905037966495,0.8416718857933595,1.7444162002329868,0.0,1,0.0,1,1,0,0,0,0,0,1,0,0,0,0,0,0,0,0,0
1,0.4705882352941176,0.0,0.0,0.0,0.0,0.0,0,0.0,0,1,0,0,1,1,0,0,0,0,0,0,0,0,0,0,0
0,-0.4705882352941176,0.0,0.0,0.0,0.2754115523761867,0.6200458888731157,1,0.0,1,1,0,0,0,0,1,0,0,0,0,0,0,0,0,0,0
0,-0.4117647058823529,0.0,0.1679487789570419,0.0,1.7069607766187054,0.0,1,0.0,1,0,0,0,1,0,0,0,1,0,0,0,0,0,0,0,0
0,-0.4705882352941176,0.0,0.0,0.0,0.0,0.0,0,1.5,0,0,1,0,1,0,0,0,0,1,0,0,0,0,1,0,0
0,1.2941176470588236,0.0,1.8104407031959264,0.0,1.675140466707339,1.7078223620821256,1,0.5,1,1,0,0,1,1,0,0,0,0,0,0,0,0,0,0,0
1,-0.4117647058823529,0.0,0.0,0.0,0.0,0.0,1,0.0,0,0,1,0,1,0,0,0,0,1,0,0,0,0,0,1,0
0,-0.7058823529411765,1.1168422295742777,0.0,0.0,0.0,1.740380781853637,1,0.0,1,0,0,1,0,0,0,0,0,1,0,0,1,0,0,0,0
0,0.3529411764705882,2.021974565286948,0.4341412956458598,0.0,0.0,1.4632062892417534,0,0.5,1,0,1,0,0,0,0,1,0,0,0,0,0,0,0,0,0
0,0.8235294117647058,1.2647955280979406,1.2674917094557931,1.7329714645778895,1.6632388799790057,0.0,1,0.5,1,0,1,0,1,0,0,0,0,1,0,0,0,0,0,0,0
0,-0.1176470588235294,2.094256674821219,0.0,1.0135734947947224,0.0,1.136239617646845,0,0.0,1,0,1,0,1,0,0,0,0,1,0,0,0,0,0,0,0
0,-0.5294117647058824,0.0,1.618154751358155,0.903593867168606,0.0,0.0,1,0.0,1,0,0,0,1,0,0,0,0,0,1,0,0,1,0,0,0
0,-0.1764705882352941,0.2939297479087193,1.567492044901051,0.0,0.0,0.0,0,0.0,1,0,0,0,0,0,0,0,0,1,0,0,0,0,0,0,1
0,0.5882352941176471,0.0,1.474818641469026,0.0,2.023220310169139,0.5239995654055677,1,1.5,1,1,0,0,0,0,0,0,1,0,0,0,0,0,0,0,0
1,0.4117647058823529,0.0,0.0,0.0,0.0,0.0,0,0.5,0,1,0,0,0,0,1,0,0,0,0,0,0,0,0,0,0
0,-0.7647058823529411,1.577762207443358,0.9223500217400188,0.0,0.0,1.6803971306012222,0,0.0,1,0,0,0,0,0,0,0,0,0,1,0,0,1,0,0,0
0,1.0588235294117647,0.0,1.5043343508740137,0.0,1.8979666237797823,2.246324245140981,1,0.0,1,1,0,0,0,0,1,0,0,0,0,0,0,0,0,0,0
0,-0.2352941176470588,0.0,0.0,0.0,0.0,0.0,1,1.0,0,0,0,0,1,0,0,0,0,0,1,0,0,0,1,0,0
1,-1.588235294117647,0.0,0.0,0.0,0.0,0.0,1,1.0,0,0,0,1,0,0,0,0,0,0,1,0,0,0,0,1,0
0,0.0,0.0,0.2661925166888179,0.0,0.0,1.8220170749682412,1,0.0,1,0,0,1,0,0,0,0,0,1,0,0,1,0,0,0,0
0,-0.1764705882352941,1.2068641606126205,0.2661925166888179,2.292833997874219,0.7245884476238132,0.0,0,0.0,1,0,0,0,1,0,0,0,0,0,1,0,0,0,0,0,0
0,0.2941176470588235,0.0,2.016035180270887,1.901958330307824,1.7033376171881909,0.2958370724829093,0,0.0,1,1,0,0,1,1,0,0,0,0,0,0,0,0,0,0,0
0,-1.588235294117647,0.0,0.0,0.0,0.0,0.0,0,2.5,0,1,0,0,1,0,0,0,0,0,0,0,0,0,0,0,0
1,-0.1176470588235294,0.0,0.0,0.0,0.0,0.0,1,0.0,0,1,0,0,0,0,0,0,0,0,0,0,0,0,0,0,0
0,-0.5882352941176471,0.0,1.35012662838622,0.0,0.0,1.6750961226451544,1,0.5,1,0,0,0,0,0,0,0,0,1,0,0,0,1,0,0,0
1,-0.2941176470588235,0.0,0.0,0.0,0.0,0.0,1,0.0,0,0,1,0,1,0,0,0,1,0,0,0,0,0,0,0,0
1,-0.2352941176470588,0.0,0.0,0.0,0.0,0.0,1,1.0,0,1,0,0,0,0,0,0,0,1,0,0,1,0,0,0,0
1,-1.3529411764705883,0.0,0.0,0.0,0.0,0.0,0,0.5,0,0,0,0,1,0,0,0,0,0,1,0,0,1,0,0,0
0,-0.2941176470588235,0.0,1.171825643593294,0.0,1.629056941221268,0.0,1,1.0,1,0,0,0,1,0,0,0,1,0,0,0,1,0,0,0,0
0,-0.3529411764705882,0.0,1.761082228748448,0.0,1.784621388795362,0.0,1,0.5,1,0,0,0,1,0,0,0,0,1,0,0,1,0,0,0,0
1,0.3529411764705882,0.0,0.0,0.0,0.0,0.0,1,0.0,0,0,0,1,0,0,0,0,0,0,1,0,0,0,1,0,0
0,-0.4117647058823529,0.0,0.0,1.6022611348870042,1.5624148765193862,0.0,0,0.0,1,0,0,0,1,0,0,0,0,1,0,0,0,0,0,1,0
0,-0.2352941176470588,1.5913752676493784,0.0,1.91005340927256,0.5508231047523734,0.0,0,0.0,1,0,0,0,1,0,0,0,1,0,0,0,0,0,0,0,0
1,2.411764705882353,0.0,0.0,0.0,0.0,0.0,0,0.5,0,0,1,0,0,0,0,0,0,1,0,0,0,0,0,1,0
0,0.0588235294117647,0.0,0.8397438947852097,0.0,1.7943755604675553,1.8232551576460632,1,0.0,1,1,0,0,0,0,0,0,0,0,0,0,0,0,0,0,0
0,0.9411764705882352,1.1886152897940538,1.596489443476537,0.350379306422211,0.0,0.0,0,0.0,1,0,0,0,1,0,0,0,0,0,1,0,0,0,0,0,0
1,-1.588235294117647,0.0,0.0,0.0,0.0,0.0,1,1.0,0,0,0,0,0,0,0,0,0,0,1,0,0,1,0,0,0
0,0.2941176470588235,1.7488682160713465,0.0,2.0459603869084453,0.0,0.0,1,1.0,1,0,1,0,1,0,0,0,1,0,0,0,0,0,0,0,0
0,-0.5294117647058824,0.0,0.0,0.0,1.336861399046822,2.1261028102115023,1,0.5,1,1,0,0,1,1,0,0,0,0,0,0,1,0,0,0,0
1,-0.8235294117647058,0.0,0.0,0.0,0.0,0.0,0,0.0,0,0,0,0,1,0,0,0,0,0,1,0,0,0,0,0,0
0,-0.4705882352941176,1.614771247571294,1.4193705869404245,2.05824809566114,0.34753068574288,1.8753199042125288,1,1.0,1,0,1,0,1,0,0,0,0,1,0,0,0,0,0,0,0
0,-0.5882352941176471,0.3708980468307378,1.8566072970547385,0.0,0.0,0.0,1,0.0,1,0,0,0,1,0,0,0,0,1,0,0,0,1,0,0,0
1,-0.3529411764705882,0.0,0.0,0.0,0.0,0.0,0,0.0,0,0,1,0,0,0,0,1,0,0,0,0,0,0,0,0,0
1,1.588235294117647,0.0,0.0,0.0,0.0,0.0,0,0.5,0,0,1,0,1,0,0,0,0,1,0,0,0,1,0,0,0
0,-1.411764705882353,0.0,0.0,0.0,0.0,0.0,1,3.0,0,0,0,0,1,0,0,0,0,0,1,0,0,1,0,0,0
0,-1.1176470588235294,0.0,0.0,0.0,0.0,0.0,0,1.5,0,0,1,0,1,0,0,0,0,1,0,0,0,0,0,0,0
0,0.6470588235294118,0.935477963157255,1.71053737767113,0.0,0.9953140617275088,2.038032151225558,0,0.0,1,0,0,0,1,0,0,0,0,1,0,0,0,0,0,0,1
0,0.5294117647058824,0.8014973444683071,1.4943822796845898,0.0,0.4491768952476266,1.5277267184440046,0,0.0,1,0,0,0,1,0,0,0,1,0,0,0,0,0,0,0,0
1,0.7058823529411765,0.0,0.0,0.0,0.0,0.0,0,0.0,0,0,1,0,0,0,0,0,0,1,0,0,0,0,0,0,1
0,-0.2352941176470588,1.7768242910647474,0.4341412956458598,0.0,0.0,0.0,0,0.0,1,0,0,0,1,0,0,0,0,0,1,0,0,1,0,0,0
0,0.4705882352941176,1.6648277947394572,1.3249047961580709,0.350379306422211,0.0,1.140170818969702,0,0.5,1,0,0,0,1,0,0,0,0,0,1,0,0,0,0,1,0
1,0.7058823529411765,0.0,0.0,0.0,0.0,0.0,0,0.5,0,0,1,0,1,0,0,0,0,1,0,0,0,1,0,0,0
0,-0.2941176470588235,0.9587575426481764,0.0,1.151626398894246,1.596013013191893,0.0,0,0.0,1,0,0,0,0,0,0,0,0,1,0,0,0,1,0,0,0
0,-0.7647058823529411,1.6409684828734508,0.0,0.0,1.4429093088362568,1.3876912853535066,0,0.0,1,0,1,0,1,0,0,0,1,0,0,0,0,0,0,0,0
0,-0.1764705882352941,0.0,1.5934711486203208,1.7245038259009502,0.5508231047523734,0.1866524112389433,1,0.0,1,0,0,0,1,0,0,0,0,0,1,0,0,1,0,0,0
0,-1.588235294117647,0.0,0.0,0.0,0.0,0.0,1,1.5,0,0,0,0,1,0,0,0,0,0,1,0,0,0,0,1,0
0,1.1764705882352942,2.209926639680344,1.9979109308270733,0.0,0.6430081763978817,1.4226743506897082,0,1.0,1,1,0,0,1,0,0,0,0,0,0,0,0,0,0,0,0
0,0.0588235294117647,0.7245290455462887,0.0,2.285776143518859,0.0,0.0,0,0.0,1,0,1,0,1,0,0,0,0,1,0,0,0,0,0,0,0
0,-0.4117647058823529,0.0,1.7037829648201053,2.6275082531863068,1.2754115523761864,0.0,1,0.5,1,1,0,0,1,0,0,0,1,0,0,0,1,0,0,0,0
1,2.588235294117647,0.0,0.0,0.0,0.0,0.0,1,0.0,0,0,1,1,0,0,0,0,1,0,0,0,0,0,0,0,0
0,-0.4117647058823529,1.0863568547321991,0.0,2.2574883230840617,0.0,0.0,1,0.0,1,0,1,0,1,0,0,0,0,1,0,0,0,0,0,1,0
1,0.7647058823529411,0.0,0.0,0.0,0.0,0.0,1,0.0,0,0,1,0,1,0,0,1,0,0,0,0,0,0,0,0,0
0,0.5882352941176471,0.0,0.0,2.2112695952386296,0.0,0.0,0,0.0,1,0,0,0,1,0,0,0,0,0,1,0,0,0,0,1,0
1,-0.4705882352941176,0.0,0.0,0.0,0.0,0.0,0,0.5,0,0,1,0,1,0,0,0,0,1,0,0,0,0,0,0,0
0,1.411764705882353,0.0,0.0,2.0847404419957662,0.0,0.9415483256178016,1,0.0,1,0,0,0,1,0,0,0,0,0,1,0,0,0,0,1,0
1,0.0588235294117647,0.0,0.0,0.0,0.0,0.0,1,0.0,0,0,0,0,1,0,0,0,0,0,1,0,1,0,0,0,0
0,1.7647058823529411,0.0,1.003876864636252,0.0,1.9220829579208007,1.3968722600944206,1,1.5,1,1,0,0,1,0,0,0,0,0,0,0,0,0,0,0,0
1,0.0,0.0,0.0,0.0,0.0,0.0,1,0.0,0,0,0,0,1,0,0,0,0,0,1,0,0,0,0,0,0
0,-0.1764705882352941,1.747702434765358,0.0,0.8416718857933595,0.0,0.0,1,0.0,1,0,0,0,1,0,0,0,0,1,0,0,0,0,0,0,1
0,-0.2352941176470588,1.0466476186905076,0.0,2.521861966529943,0.0,0.0,0,0.5,1,0,1,0,0,0,0,1,0,0,0,0,0,0,0,0,0
0,-0.4705882352941176,0.0,1.6166260467886775,0.0,0.0,0.0,1,1.0,1,0,0,0,1,0,0,0,1,0,0,0,1,0,0,0,0
1,1.2352941176470589,0.0,0.0,0.0,0.0,0.0,0,0.0,0,1,0,0,1,1,0,0,0,0,0,0,0,0,0,0,0
1,-0.5294117647058824,0.0,0.0,0.0,0.0,0.0,1,0.0,0,0,0,0,1,0,0,0,0,0,1,0,1,0,0,0,0
0,-0.4117647058823529,1.2830964304970711,1.3991673172719616,0.0,1.714322524487729,1.3923208980906656,0,0.0,1,0,0,1,0,0,0,0,0,1,0,0,0,0,0,0,1
0,1.1764705882352942,0.0,2.2475953645044293,0.0,1.4071573214795574,1.1833482899316374,1,1.5,1,1,0,0,1,0,1,0,0,0,0,0,0,0,0,0,0
0,0.2941176470588235,0.0,0.0,0.0,1.66586050280875,0.3733048224778867,0,0.0,1,0,0,0,1,0,0,0,0,0,1,0,0,0,0,0,0
1,-1.2352941176470589,0.0,0.0,0.0,0.0,0.0,0,1.0,0,0,0,0,1,0,0,0,0,0,1,0,0,0,0,0,0
0,-0.1764705882352941,1.2852984707994712,1.3259250034359342,0.5132964061160518,1.4943668036871465,1.0791047307690649,1,0.0,1,0,0,0,1,0,0,0,0,1,0,0,0,0,0,0,0
0,-0.7647058823529411,0.0,1.4268684779617469,0.0,0.8167735192693216,1.9391493564503564,0,0.0,1,0,0,0,1,0,0,0,0,0,1,0,0,0,0,1,0
0,-0.4705882352941176,1.389356840285746,0.6864843932202759,1.757103651679155,1.413481378595655,0.0,0,0.0,1,0,0,0,0,0,0,0,0,1,0,0,0,0,0,0,1
1,1.5294117647058822,0.0,0.0,0.0,0.0,0.0,1,0.0,0,0,0,0,1,0,0,0,0,0,1,0,0,0,0,1,0
0,0.1176470588235294,0.0,0.0,0.0,1.6422929393979082,1.1626240277512538,1,0.0,1,0,0,0,1,0,0,0,0,0,1,0,0,0,0,0,0
1,-0.4705882352941176,0.0,0.0,0.0,0.0,0.0,0,0.0,0,0,0,0,1,0,0,0,0,0,1,0,0,0,0,0,0
1,-1.5294117647058822,0.0,0.0,0.0,0.0,0.0,1,3.0,0,0,0,0,1,0,0,0,0,0,1,0,0,0,1,0,0
0,0.8823529411764706,1.729993655032405,1.3678854069060211,0.0,0.0,0.0,0,0.0,1,0,0,0,0,0,0,0,0,0,1,0,0,1,0,0,0
0,1.411764705882353,0.5206212286759118,0.0,0.0,0.0,1.9012627839657836,1,0.5,1,0,0,0,1,0,0,0,0,1,0,0,0,0,0,0,1
0,0.5882352941176471,1.7180818326997642,0.0,1.2539731735908168,0.6229422381190667,1.5533079450678324,1,0.5,1,0,0,0,1,0,0,0,1,0,0,0,0,0,0,0,0
0,-0.4117647058823529,1.6029946889366142,1.0556256279117966,1.831610199959384,0.0,0.7629347951689582,0,0.0,1,0,0,0,1,0,0,0,0,1,0,0,0,0,1,0,0
0,-0.1764705882352941,0.0,1.6226838340746963,0.0,2.1315932346304933,1.338283789921592,1,1.0,1,1,0,0,1,1,0,0,0,0,0,0,1,0,0,0,0
0,1.588235294117647,1.884371984494208,1.1990789319364747,0.350379306422211,0.2754115523761867,0.0,0,0.0,1,0,1,0,1,0,0,0,0,1,0,0,0,0,0,0,1
1,-0.0588235294117647,0.0,0.0,0.0,0.0,0.0,1,0.0,0,1,0,0,0,0,0,0,0,0,0,0,0,0,0,0,0
0,-0.2352941176470588,0.2939297479087193,1.24153068481856,0.0,0.0,1.7020723391696797,1,0.0,1,0,0,0,1,0,0,0,0,1,0,0,0,0,0,0,1
0,-0.4117647058823529,1.6832865881944652,1.7316548269785874,1.168416011586873,0.0,0.0,0,0.0,1,0,1,0,1,0,0,0,0,1,0,0,0,0,0,0,0
0,-1.2941176470588236,0.0,0.0,0.0,0.0,0.0,1,0.0,0,0,0,0,1,0,0,0,0,0,1,0,0,0,0,0,0
0,1.588235294117647,1.724953385661283,1.3812110393222403,1.92565206762243,1.440517967347946,0.0,1,0.0,1,0,1,0,1,0,0,0,0,1,0,0,0,0,0,1,0
0,1.5294117647058822,2.028870472448601,0.0,2.058749950979334,0.0,0.0,1,0.0,1,0,1,0,1,0,0,0,0,1,0,0,0,0,0,1,0
1,2.0588235294117645,0.0,0.0,0.0,0.0,0.0,0,0.0,0,0,1,0,1,0,0,0,0,1,0,0,0,1,0,0,0
0,-0.1764705882352941,1.480438362358225,0.0,0.0,1.5315297106856771,0.0,1,0.0,1,0,0,0,0,0,0,0,0,1,0,0,0,0,0,0,0
0,-0.1176470588235294,0.4793787713240882,0.1679487789570419,2.057745449396491,0.0,1.4115107828542957,1,0.0,1,0,1,0,0,0,0,1,0,0,0,0,0,0,0,0,0
0,-0.4117647058823529,0.1854490234153689,0.0,0.0,2.131491493395965,0.1866524112389433,1,0.0,1,0,0,0,0,0,0,0,0,0,1,0,1,0,0,0,0
1,1.7647058823529411,0.0,0.0,0.0,0.0,0.0,1,0.5,0,1,0,0,1,0,1,0,0,0,0,0,0,0,0,0,0
1,-1.411764705882353,0.0,0.0,0.0,0.0,0.0,1,2.5,0,0,0,0,1,0,0,0,0,0,1,0,0,0,1,0,0
0,0.2352941176470588,0.2939297479087193,1.6232813655008913,0.0,0.0,0.0,0,0.0,1,0,0,0,1,0,0,0,0,0,1,0,0,0,0,0,0
0,-0.8235294117647058,1.732890550627216,0.2661925166888179,0.0,1.210411894592796,1.338283789921592,1,0.5,1,0,0,0,1,0,0,0,0,1,0,0,1,0,0,0,0
1,1.2352941176470589,0.0,0.0,0.0,0.0,0.0,1,1.0,0,1,0,0,0,0,0,0,0,0,0,0,0,0,0,0,0
1,-0.3529411764705882,0.0,0.0,0.0,0.0,0.0,0,0.0,0,0,0,0,1,0,0,0,1,0,0,0,1,0,0,0,0
0,0.1176470588235294,0.0,0.0,0.0,0.0,0.0,1,1.0,0,0,0,1,0,0,0,0,0,0,1,0,0,1,0,0,0
1,0.8823529411764706,0.0,0.0,0.0,0.0,0.0,0,0.0,0,0,0,1,0,0,0,0,0,0,1,0,1,0,0,0,0
0,-0.5294117647058824,0.0,1.260924942481595,2.055220266062852,0.0,0.0,0,0.0,1,0,0,0,1,0,0,0,0,0,1,0,0,0,0,1,0
0,1.1764705882352942,1.503717941849146,0.0,0.0,0.8069412630618639,0.0,1,1.0,1,0,1,0,0,0,0,0,0,1,0,0,0,0,1,0,0
0,0.7647058823529411,2.3321214722471075,2.16423300158803,2.1553522472134703,2.3769813318808173,1.4171504132341712,1,0.5,1,1,0,0,0,0,1,0,0,0,0,0,0,0,0,0,0
0,-0.5882352941176471,0.0,1.752132673588386,0.350379306422211,0.0,0.0,0,0.0,1,0,0,1,0,0,0,0,0,1,0,0,0,0,0,1,0
0,-0.7647058823529411,1.706524876476659,1.2058569646905744,0.2210647294575037,0.0,1.3813919920707816,1,3.5,1,0,0,0,1,0,0,0,0,1,0,0,0,0,0,0,1
0,1.7058823529411764,0.1854490234153689,0.2661925166888179,0.0,1.1618820567160562,0.0,1,0.0,1,0,0,1,0,0,0,0,0,1,0,0,0,0,0,1,0
1,-0.5294117647058824,0.0,0.0,0.0,0.0,0.0,0,0.0,0,0,0,0,1,0,0,0,0,0,1,0,0,0,1,0,0
0,0.2941176470588235,0.0,0.0,0.0,1.650397480989947,0.0,1,0.0,1,0,0,0,0,0,0,0,0,1,0,0,0,0,0,0,0
0,1.411764705882353,0.0,0.0,1.7022956229946768,1.4670909714003486,1.5004836131059378,0,0.0,1,0,0,0,1,0,0,0,0,0,1,0,0,0,1,0,0
1,-0.2352941176470588,0.0,0.0,0.0,0.0,0.0,1,1.5,0,0,0,1,0,0,0,0,0,0,1,0,0,0,0,1,0
1,1.411764705882353,0.0,0.0,0.0,0.0,0.0,1,0.0,0,0,1,0,1,0,0,0,0,1,0,0,0,0,0,1,0
1,-0.5294117647058824,0.0,0.0,0.0,0.0,0.0,1,0.0,0,0,0,1,0,0,0,0,0,0,1,0,0,0,0,1,0
0,-0.4117647058823529,1.689651212249959,0.5323850333776358,2.2985591297198584,0.4491768952476266,0.0,0,3.0,1,0,1,0,0,0,0,0,1,0,0,0,0,0,0,0,0
0,-0.0588235294117647,0.8269972386639046,0.0,1.982018677263163,1.5903499136804862,0.0,0,0.0,1,0,0,0,1,0,0,0,0,1,0,0,1,0,0,0,0
0,-0.0588235294117647,0.0,0.0,0.0,0.0,0.0,0,0.0,0,0,0,0,0,0,0,0,0,0,1,0,1,0,0,0,0
1,0.8235294117647058,0.0,0.0,0.0,0.0,0.0,0,0.0,0,0,1,0,1,0,0,0,0,1,0,0,0,0,0,0,0
0,-0.3529411764705882,1.6915794828412638,0.0,0.9709864627580668,1.8479615885060676,0.0,1,0.0,1,0,0,0,1,0,0,0,0,1,0,0,1,0,0,0,0
1,1.1176470588235294,0.0,0.0,0.0,0.0,0.0,0,0.0,0,0,0,0,1,0,0,0,0,0,1,0,1,0,0,0,0
1,1.0588235294117647,0.0,0.0,0.0,0.0,0.0,1,1.0,0,1,0,0,0,1,0,0,0,0,0,0,0,0,0,0,0
0,1.7647058823529411,0.0,0.0,0.0,0.0,0.0,1,0.5,0,1,0,0,0,0,1,0,0,0,0,0,0,0,0,0,0
0,0.0,2.093616100565288,0.0,1.2140550189604735,0.7967075809905066,0.915882961356025,1,0.0,1,0,1,0,1,0,0,0,0,1,0,0,0,0,0,0,1
0,0.7058823529411765,1.7361633301087938,1.313389507963178,0.0,0.0,0.0,1,0.0,1,0,0,0,1,0,0,0,0,0,1,0,0,0,1,0,0
1,0.0,0.0,0.0,0.0,0.0,0.0,0,3.5,0,0,0,1,0,0,0,0,0,0,1,0,0,1,0,0,0
0,0.7058823529411765,0.6160483210529383,0.7134342389808734,0.0,0.2754115523761867,1.825408198877681,0,0.0,1,0,0,0,1,0,0,0,0,0,1,0,1,0,0,0,0
0,-0.5294117647058824,0.0,0.0,1.1053236472875188,1.9203171107619768,0.0,0,0.0,1,0,0,0,1,0,0,0,0,1,0,0,0,0,1,0,0
1,-0.5294117647058824,0.0,0.0,0.0,0.0,0.0,1,0.0,0,0,1,0,1,0,0,0,0,1,0,0,0,0,0,0,1
1,0.0,0.0,0.0,0.0,0.0,0.0,1,0.0,0,1,0,0,1,0,0,1,0,0,0,0,0,0,0,0,0
0,0.2352941176470588,1.640387491577996,1.277641837317138,0.0,0.4491768952476266,1.3023261216103297,0,1.5,1,0,0,0,1,0,0,0,0,0,1,0,0,0,0,1,0
0,0.7058823529411765,0.0,0.0,0.2210647294575037,0.0,2.0880307423028586,1,0.5,1,0,0,1,0,0,0,0,0,0,1,0,0,1,0,0,0
0,-0.4117647058823529,1.2981431639075822,0.0,2.069110504342645,0.0,0.8323636643738357,0,0.0,1,0,0,0,1,0,0,0,0,1,0,0,0,1,0,0,0
0,0.0,1.3123885413637273,0.0,0.6206071563358557,1.8250281695547224,0.0,0,0.5,1,0,1,0,1,0,0,0,1,0,0,0,1,0,0,0,0
0,-0.4705882352941176,0.4793787713240882,1.5656064410616766,0.0,1.1137300136150676,1.3998643187445523,0,0.0,1,0,0,0,1,0,0,0,0,0,1,0,0,0,0,0,0
1,0.4117647058823529,0.0,0.0,0.0,0.0,0.0,1,0.0,0,0,0,0,0,0,0,0,0,0,1,0,0,1,0,0,0
0,-0.2352941176470588,0.0,1.1956174606310472,0.5132964061160518,1.510020477055818,1.453630791204349,0,0.0,1,0,0,1,0,0,0,0,0,0,1,0,0,1,0,0,0
0,-0.2941176470588235,0.0,0.832051221042958,0.0,0.0,1.7538989398669778,1,0.0,1,0,0,0,0,0,0,0,0,1,0,0,1,0,0,0,0
0,-0.0588235294117647,0.0,0.0,0.0,1.5790860964413354,0.0,1,0.5,1,0,0,0,1,0,0,0,0,0,1,0,1,0,0,0,0
0,-0.3529411764705882,1.6886818402242196,0.0,1.3162627964925415,0.4034706315309319,0.4824894837218527,1,0.0,1,0,0,0,1,0,0,0,0,0,1,0,0,0,0,1,0
0,-0.0588235294117647,1.0062954995527402,1.7783616937706004,0.4421294589150075,0.0,0.0,1,0.5,1,0,0,0,1,0,0,0,0,1,0,0,0,0,0,0,0
1,0.7647058823529411,0.0,0.0,0.0,0.0,0.0,1,1.0,0,0,1,0,1,0,0,0,0,1,0,0,0,0,0,0,1
1,-0.4705882352941176,0.0,0.0,0.0,0.0,0.0,1,3.0,0,1,0,0,0,0,1,0,0,0,0,0,0,0,0,0,0
0,0.3529411764705882,0.0,0.0,2.091599394282046,0.0,0.0,0,1.0,1,0,0,0,1,0,0,0,0,1,0,0,0,0,0,1,0
0,-0.3529411764705882,1.953395712168186,0.0,2.163037654973637,0.0,0.0,1,1.0,1,0,1,0,0,0,0,0,0,1,0,0,1,0,0,0,0
0,-0.4705882352941176,1.7664985315694552,0.0,0.0,0.0,0.1866524112389433,0,0.0,1,0,0,0,1,0,0,0,0,1,0,0,0,1,0,0,0
0,0.1764705882352941,0.0,1.584183894631344,0.0,0.980706605933304,2.080296248235503,0,0.0,1,1,0,0,1,1,0,0,0,0,0,0,0,0,0,0,0
0,1.1176470588235294,0.0,0.0,2.10877156182976,0.4034706315309319,0.5239995654055677,0,1.0,1,0,0,1,0,0,0,0,0,0,1,0,0,0,1,0,0
0,0.1176470588235294,1.5948454380408923,1.659521024430763,0.0,2.3071323974863014,1.93935008885478,1,2.5,1,1,0,0,1,0,0,1,0,0,0,0,0,0,0,0,0
0,0.1764705882352941,1.968828615120377,0.0,0.0,0.0,2.078865793301689,0,1.5,1,1,0,0,0,0,1,0,0,0,0,0,1,0,0,0,0
0,0.6470588235294118,1.995873238701949,0.0,1.5373275259500454,0.4491768952476266,1.2800586889714096,1,0.0,1,0,0,0,1,0,0,0,0,1,0,0,0,0,0,0,1
0,-0.7058823529411765,0.0,0.2661925166888179,0.884258917830015,0.4491768952476266,1.8141473591976705,1,0.0,1,0,0,0,1,0,0,0,0,1,0,0,0,1,0,0,0
1,-0.2352941176470588,0.0,0.0,0.0,0.0,0.0,1,0.0,0,0,0,0,1,0,0,0,0,0,1,0,0,0,1,0,0
0,1.1764705882352942,1.9226269409608137,1.468684165190272,0.5132964061160518,0.8069412630618639,0.0,0,2.5,1,1,0,0,0,0,1,0,0,0,0,0,0,0,0,0,0
0,0.8235294117647058,0.5206212286759118,0.1679487789570419,0.7925087653372185,1.7432218654420963,0.0,1,1.0,1,0,0,0,1,0,0,0,0,1,0,0,0,1,0,0,0
0,0.7647058823529411,1.8355457737324687,0.0,1.8745803299266728,0.0,0.0,0,0.0,1,0,1,0,1,0,0,0,0,1,0,0,0,0,0,0,1
0,-0.1764705882352941,1.4988266468165354,0.0,2.0035969816115142,0.0,0.0,0,0.0,1,0,0,0,1,0,0,0,0,1,0,0,0,0,0,1,0
0,0.3529411764705882,0.0,0.2661925166888179,0.0,0.0,1.8027284615112729,0,0.0,1,0,0,0,1,0,0,0,0,0,1,0,0,0,1,0,0
0,-0.1764705882352941,0.0,1.6363503798347954,0.0,0.0,0.4824894837218527,1,1.0,1,0,0,0,1,0,0,0,0,1,0,0,1,0,0,0,0
1,0.9411764705882352,0.0,0.0,0.0,0.0,0.0,1,0.0,0,1,0,0,0,1,0,0,0,0,0,0,1,0,0,0,0
0,0.0588235294117647,0.0,0.0,0.0,0.0,0.0,0,0.0,0,1,0,0,1,0,0,0,0,0,0,0,0,0,0,0,0
0,-0.1764705882352941,1.766861306386283,0.8813830179379154,2.369110794863816,0.0,0.0,1,0.5,1,0,1,0,1,0,0,0,0,1,0,0,1,0,0,0,0
1,-0.5294117647058824,0.0,0.0,0.0,0.0,0.0,1,0.0,0,0,0,0,1,0,0,0,0,0,1,0,0,0,1,0,0
1,-0.7647058823529411,0.0,0.0,0.0,0.0,0.0,1,0.0,0,0,0,0,1,0,0,0,0,0,1,0,1,0,0,0,0
1,2.5294117647058822,0.0,0.0,0.0,0.0,0.0,1,0.5,0,0,1,0,1,0,0,0,0,1,0,0,1,0,0,0,0
0,-1.3529411764705883,0.0,0.0,0.0,0.0,0.0,1,1.0,0,0,0,0,1,0,0,0,0,0,1,0,1,0,0,0,0
0,0.4117647058823529,1.9391207147668128,0.0,0.5132964061160518,1.4755897648976253,0.0,0,0.0,1,0,1,0,1,0,0,0,0,1,0,0,0,1,0,0,0
1,-0.4117647058823529,0.0,0.0,0.0,0.0,0.0,1,0.0,0,0,0,1,0,0,0,0,0,0,1,0,0,0,0,0,0
0,-0.4117647058823529,0.0,0.6717951158281678,1.5347450908776143,1.761457736275361,0.0,1,0.0,1,0,0,0,1,0,0,0,0,1,0,0,0,0,0,0,0
1,1.1764705882352942,0.0,0.0,0.0,0.0,0.0,1,0.0,0,0,0,0,1,0,0,0,0,0,1,0,0,0,1,0,0
0,0.4705882352941176,0.0,0.0,0.0,1.636862610139049,0.0,1,0.0,1,0,0,0,1,0,0,0,0,1,0,0,0,0,0,0,1
0,1.1764705882352942,1.633911905393896,0.0,2.166633284815958,0.0,1.471314332099285,0,0.0,1,0,1,0,1,0,0,0,0,1,0,0,0,0,0,1,0
1,-1.411764705882353,0.0,0.0,0.0,0.0,0.0,1,1.0,0,0,0,0,1,0,0,0,0,0,1,0,0,0,0,0,0
0,2.117647058823529,0.0,0.0,1.401517225688844,0.0,2.087104974281236,1,0.0,1,0,0,1,0,0,0,0,1,0,0,0,1,0,0,0,0
0,-1.0588235294117647,0.0,0.0,0.0,0.0,0.0,1,0.5,0,0,0,0,0,0,0,0,0,0,1,0,0,0,0,0,0
0,0.3529411764705882,0.2939297479087193,2.05092064764087,0.0,0.8912916221240962,0.0,1,0.5,1,1,0,0,1,0,1,0,0,0,0,0,0,0,0,0,0
0,-0.6470588235294118,1.8175673150320075,0.0,2.1444250819096844,0.0,0.0,0,0.5,1,0,0,0,1,0,0,0,0,0,1,0,0,0,0,0,0
0,-1.0588235294117647,0.0,0.0,0.0,0.0,0.0,1,0.5,0,0,0,0,1,0,0,0,0,0,1,0,0,0,0,1,0
1,2.0,0.0,0.0,0.0,0.0,0.0,1,0.0,0,1,0,0,1,0,0,0,1,0,0,0,1,0,0,0,0
0,0.0,0.1854490234153689,1.6097827483451534,0.0,2.376732773329417,2.2093746079451284,0,0.0,1,1,0,0,1,1,0,0,0,0,0,0,0,0,0,0,0
1,1.4705882352941178,0.0,0.0,0.0,0.0,0.0,1,0.5,0,0,0,0,0,0,1,0,0,0,0,0,1,0,0,0,0
0,-0.4705882352941176,0.1854490234153689,0.5038463368711258,0.0,1.638685821073007,0.0,0,0.0,1,0,0,0,1,0,0,0,0,1,0,0,0,0,0,0,1
1,0.1764705882352941,0.0,0.0,0.0,0.0,0.0,0,0.5,0,0,1,0,0,0,0,0,0,1,0,0,0,0,0,0,0
0,0.4117647058823529,0.0,0.3899649883623831,0.0,1.6372283146509328,2.0154095595425727,1,0.0,1,1,0,0,1,0,0,1,0,0,0,0,0,0,0,0,0
0,-0.1764705882352941,0.0,1.4959013998364108,1.518795318009084,0.17376534287144,0.9795383243914376,0,1.0,1,0,0,0,0,0,0,0,0,1,0,0,0,0,0,1,0
0,0.0,1.0466476186905076,2.301535713535686,0.0,1.8907604981999209,2.383598127724604,1,0.0,1,1,0,0,0,0,1,0,0,0,0,0,0,0,0,0,0
0,1.1764705882352942,0.0,1.319738313199317,2.036423593626558,0.0,0.0,1,0.0,1,0,0,0,0,0,0,0,0,1,0,0,0,0,0,0,0
0,0.6470588235294118,0.0,1.585930829888135,0.0,0.980706605933304,1.8247947988218645,1,0.5,1,0,0,0,0,0,0,0,1,0,0,0,0,0,0,0,0
0,1.7647058823529411,0.0,1.7607440586021037,0.0,0.8608676205267983,1.568044403309725,1,0.0,1,0,0,1,0,0,0,0,0,0,1,0,1,0,0,0,0
0,0.0,0.0,0.0,0.0,0.2754115523761867,1.9128003805861544,0,0.0,1,0,0,0,1,0,0,0,0,1,0,0,1,0,0,0,0
0,0.0,1.5969061392661734,1.7514303575299328,0.0,1.990717352998027,2.288913983598768,1,0.5,1,1,0,0,1,0,1,0,0,0,0,0,0,0,0,0,0
1,-0.5294117647058824,0.0,0.0,0.0,0.0,0.0,1,0.0,0,0,1,0,1,0,0,0,0,1,0,0,0,1,0,0,0
0,0.7058823529411765,0.2939297479087193,0.0,0.0,0.2754115523761867,1.795979173167595,1,0.0,1,0,0,0,1,0,0,0,1,0,0,0,1,0,0,0,0
1,0.0,0.0,0.0,0.0,0.0,0.0,1,1.0,0,0,1,0,1,0,0,0,0,1,0,0,0,0,0,0,0
1,-1.3529411764705883,0.0,0.0,0.0,0.0,0.0,0,1.0,0,0,0,0,0,0,0,0,0,0,1,0,0,0,0,0,0
1,0.1764705882352941,0.0,0.0,0.0,0.0,0.0,0,0.0,0,0,0,0,1,0,0,0,0,0,1,0,1,0,0,0,0
1,0.1764705882352941,0.0,0.0,0.0,0.0,0.0,1,0.0,0,0,0,0,1,0,0,0,0,0,1,0,0,0,0,0,0
0,-0.7058823529411765,0.0,1.589730319824536,0.0,0.0,0.0,1,0.0,1,0,0,0,1,0,0,0,0,0,1,0,0,0,1,0,0
0,1.588235294117647,0.0,0.4341412956458598,0.0,1.601551004208232,1.439882526761593,0,1.5,1,0,0,0,0,0,0,0,0,0,1,0,0,0,0,0,0
0,-0.5294117647058824,0.0,1.307968725486213,0.5132964061160518,0.0,1.690695996035391,1,0.0,1,0,0,1,0,0,0,0,0,1,0,0,0,0,0,0,1
0,-0.2941176470588235,1.0412424573518235,1.40511360024376,1.6614561514340669,0.82623465712856,1.3581061647189592,1,0.0,1,0,0,0,1,0,0,0,0,1,0,0,1,0,0,0,0
0,-1.4705882352941178,0.0,0.0,0.0,0.0,0.0,0,1.0,0,0,0,0,0,0,0,0,0,0,1,0,1,0,0,0,0
0,-0.2352941176470588,1.1209269865726237,1.103399227343257,0.0,0.0,1.6427091873927002,0,0.0,1,0,0,1,0,0,0,0,0,1,0,0,0,0,1,0,0
1,-1.4705882352941178,0.0,0.0,0.0,0.0,0.0,0,1.5,0,0,0,1,0,0,0,0,0,0,1,0,0,1,0,0,0
1,-0.7058823529411765,0.0,0.0,0.0,0.0,0.0,1,1.5,0,1,0,0,1,0,1,0,0,0,0,0,0,0,0,0,0
1,0.1764705882352941,0.0,0.0,0.0,0.0,0.0,1,1.0,0,1,0,1,0,0,0,0,0,0,0,0,0,0,0,0,0
0,0.6470588235294118,0.0,0.0,2.035885316724261,0.930956861034032,1.3892433502153756,0,0.0,1,0,0,0,0,0,0,0,0,1,0,0,0,0,0,0,0
0,0.2352941176470588,1.6248211196605504,1.143286947086784,1.7466029833860357,1.1195602856574685,0.0,0,0.0,1,0,0,0,1,0,0,0,0,1,0,0,0,0,1,0,0
0,2.5294117647058822,1.5969061392661734,0.0,0.0,0.0,1.6835283578364155,0,0.5,1,0,0,0,1,0,0,0,0,0,1,0,0,0,1,0,0
1,0.0,0.0,0.0,0.0,0.0,0.0,1,1.0,0,0,1,0,1,0,0,0,1,0,0,0,1,0,0,0,0
1,-0.1764705882352941,0.0,0.0,0.0,0.0,0.0,0,0.5,0,0,0,1,0,0,0,0,0,0,1,0,0,0,0,1,0
0,2.0,0.0,2.0146151095656006,0.0,1.3997289143311524,1.4294236390333863,1,2.5,1,1,0,0,1,0,1,0,0,0,0,0,0,0,0,0,0
0,-0.2941176470588235,0.0,1.5105906772285187,0.350379306422211,0.5508231047523734,1.1626240277512538,1,0.5,1,0,0,0,0,0,0,0,0,1,0,0,0,0,1,0,0
1,-1.411764705882353,0.0,0.0,0.0,0.0,0.0,0,1.0,0,0,0,0,1,0,0,0,0,0,1,0,0,0,0,0,0
0,1.5294117647058822,0.0,1.905912112393588,0.0,1.7712814293362125,0.0,1,0.5,1,1,0,0,0,1,0,0,0,0,0,0,0,0,0,0,0
0,1.0,1.494848188579694,0.3358975579140839,0.350379306422211,0.0,1.7823106337050747,1,3.5,1,0,0,0,1,0,0,0,0,1,0,0,1,0,0,0,0
1,-0.1764705882352941,0.0,0.0,0.0,0.0,0.0,0,0.5,0,1,0,0,0,0,1,0,0,0,0,0,0,0,0,0,0
0,0.4117647058823529,0.0,2.1169971211601437,0.0,1.938320793387987,1.7171410257719315,1,1.5,1,1,0,0,1,0,1,0,0,0,0,0,0,0,0,0,0
0,-0.0588235294117647,1.8903793232647463,0.0,0.0,1.3127257220645228,1.242771227794443,0,0.0,1,0,0,0,1,0,0,0,0,1,0,0,0,0,1,0,0
0,1.588235294117647,1.7437793969349549,0.0,1.7371224427700829,1.4891438981403602,0.0,1,0.5,1,0,1,0,1,0,0,0,0,1,0,0,0,0,0,1,0
1,-0.1764705882352941,0.0,0.0,0.0,0.0,0.0,1,3.0,0,1,0,0,0,1,0,0,0,0,0,0,0,0,0,0,0
0,0.9411764705882352,1.862469601876514,1.1389210835549424,2.0277002056672786,1.6221673058221235,0.0,0,0.5,1,0,1,0,1,0,0,1,0,0,0,0,0,0,0,0,0
0,1.411764705882353,1.627275690880854,1.3329486508796158,2.1726543329497923,1.6837858199272575,0.0,1,0.0,1,0,0,0,1,0,0,0,0,1,0,0,1,0,0,0,0
1,0.0588235294117647,0.0,0.0,0.0,0.0,0.0,1,0.0,0,0,0,0,0,0,0,0,0,0,1,0,0,0,0,0,0
0,0.6470588235294118,1.9963349236938568,0.0,0.0,1.1107632287122309,0.0,1,0.0,1,0,0,0,1,0,0,0,0,0,1,0,0,0,0,1,0
0,0.4705882352941176,1.2068641606126205,0.0,2.0686247022854185,0.9486600070956904,0.7629347951689582,0,0.5,1,0,0,0,1,0,0,0,0,1,0,0,0,0,0,1,0
1,1.588235294117647,0.0,0.0,0.0,0.0,0.0,1,0.0,0,0,0,0,0,0,1,0,0,0,0,0,0,0,0,0,0
1,-0.1176470588235294,0.0,0.0,0.0,0.0,0.0,1,0.5,0,0,1,0,1,0,0,0,1,0,0,0,0,0,0,0,0
0,-0.1176470588235294,1.9290307503107305,0.0,0.0,0.8069412630618639,1.8000490114630614,1,0.5,1,0,0,0,1,0,0,0,0,1,0,0,0,0,0,0,0
0,-0.3529411764705882,0.0,0.0,0.0,1.622555071403596,1.3287675166917927,1,1.5,1,0,0,0,1,0,0,0,0,0,1,0,1,0,0,0,0
0,0.0588235294117647,0.0,0.0,0.0,1.633917608300782,1.3001804329025168,1,0.0,1,0,0,0,1,0,0,0,0,1,0,0,0,0,1,0,0
1,0.8823529411764706,0.0,0.0,0.0,0.0,0.0,1,0.0,0,0,1,0,1,0,0,0,1,0,0,0,0,0,0,0,0
1,0.5882352941176471,0.0,0.0,0.0,0.0,0.0,0,0.5,0,0,1,0,1,0,0,0,0,1,0,0,0,1,0,0,0
1,0.3529411764705882,0.0,0.0,0.0,0.0,0.0,1,1.0,0,0,1,0,1,0,0,0,1,0,0,0,1,0,0,0,0
0,0.0,1.691098716518871,0.0,2.109199942000147,0.0,0.0,0,0.0,1,0,1,0,1,0,0,0,1,0,0,0,0,0,0,0,0
0,-0.1176470588235294,0.814550976584631,0.0,1.9301866794007096,0.0,1.585024856316821,1,1.0,1,0,0,0,1,0,0,0,0,1,0,0,0,1,0,0,0
0,-0.2352941176470588,0.7060702520912806,1.603389267369877,0.0,0.0,1.308662472968949,0,0.0,1,0,0,0,1,0,0,0,0,0,1,0,0,0,0,0,0
0,-0.2941176470588235,1.7437793969349549,0.0,0.8416718857933595,0.0,0.6906959960353908,1,0.0,1,0,0,0,1,0,0,0,0,1,0,0,0,0,0,0,1
1,-0.2941176470588235,0.0,0.0,0.0,0.0,0.0,1,0.5,0,0,0,0,1,0,0,0,0,1,0,0,0,0,0,0,1
0,-0.1764705882352941,0.0,1.5644679947831692,1.5691245421003506,0.911907923737988,0.0,0,0.0,1,0,0,0,1,0,0,0,0,0,1,0,0,0,0,1,0
0,-1.1764705882352942,0.0,0.0,0.0,0.0,0.0,1,1.5,0,1,0,0,0,0,0,0,1,0,0,0,0,0,0,0,0
0,0.0,1.5595133366247915,1.1276493363098172,1.518795318009084,1.273859284887613,0.0,1,0.0,1,0,0,0,0,0,0,0,1,0,0,0,0,0,0,0,0
0,0.2352941176470588,1.672158291275076,0.1679487789570419,1.8212207148603152,1.0305566069420662,0.4333934776341722,1,0.5,1,0,0,0,1,0,0,0,0,0,1,0,1,0,0,0,0
0,-0.4117647058823529,1.8344216275978968,0.0,0.0,0.4491768952476266,0.0,0,0.0,1,0,0,0,1,0,0,0,1,0,0,0,1,0,0,0,0
0,-0.7058823529411765,0.0,1.592456636863837,0.0,0.0,0.0,0,0.5,1,0,0,0,0,0,0,0,0,0,1,0,0,0,0,1,0
1,0.3529411764705882,0.0,0.0,0.0,0.0,0.0,1,0.5,0,0,0,0,1,0,0,0,1,0,0,0,0,0,0,0,0
0,-0.5294117647058824,1.7087864823900627,0.0,1.9877083443139585,0.0,0.6906959960353908,0,0.0,1,0,1,0,1,0,0,0,0,1,0,0,0,0,0,1,0
1,1.5294117647058822,0.0,0.0,0.0,0.0,0.0,0,0.5,0,0,1,0,0,0,0,0,0,1,0,0,1,0,0,0,0
0,-0.5882352941176471,1.182244836777756,0.0,1.7783318096455103,0.7102593820841355,1.681967295446836,1,0.0,1,0,0,0,1,0,0,0,0,1,0,0,0,0,0,0,0
1,-0.5294117647058824,0.0,0.0,0.0,0.0,0.0,0,1.5,0,1,0,0,0,1,0,0,0,0,0,0,0,0,0,0,0
1,-0.8235294117647058,0.0,0.0,0.0,0.0,0.0,0,1.0,0,0,0,0,1,0,0,0,0,0,1,0,0,0,0,1,0
0,0.9411764705882352,0.1854490234153689,1.8489697375839356,0.0,0.17376534287144,2.1340089196086267,0,0.5,1,1,0,0,0,0,1,0,0,0,0,0,0,0,0,0,0
1,0.3529411764705882,0.0,0.0,0.0,0.0,0.0,0,0.0,0,1,0,0,0,0,1,0,0,0,0,0,0,0,0,0,0
1,0.4705882352941176,0.0,0.0,0.0,0.0,0.0,1,0.0,0,0,1,0,1,0,0,0,0,1,0,0,0,0,0,1,0
0,-0.1764705882352941,1.7219687735069034,0.0,1.983291848570339,1.4340272384729982,1.7921936698199494,1,1.5,1,0,1,0,1,0,0,0,0,1,0,0,0,0,1,0,0
0,0.1764705882352941,1.7000887423848277,0.0,0.0,0.8167735192693216,0.2958370724829093,0,0.0,1,0,0,0,1,0,0,0,0,1,0,0,0,0,0,0,1
0,1.2352941176470589,1.7891117436264363,0.2661925166888179,0.0,0.17376534287144,1.8530436948675124,0,0.0,1,0,0,0,1,0,0,0,0,0,1,0,0,0,0,0,0
0,0.1176470588235294,1.946446064645516,1.6988092301418398,1.234638224252226,0.0,0.0,0,0.0,1,0,1,0,1,0,0,0,0,1,0,0,1,0,0,0,0
0,0.6470588235294118,0.0,1.7371254114353898,0.0,1.8848426388897328,1.9778043679297457,1,1.0,1,1,0,0,0,0,0,0,0,0,0,0,0,0,0,0,0
1,2.0,0.0,0.0,0.0,0.0,0.0,0,0.0,0,0,0,0,1,0,0,0,0,0,1,0,0,0,1,0,0
0,-1.411764705882353,0.0,0.0,0.0,0.0,0.0,1,2.5,0,0,0,0,0,0,0,0,0,0,1,0,0,1,0,0,0
0,-1.2352941176470589,0.0,0.0,0.0,0.0,0.0,1,0.0,0,0,0,0,1,0,0,0,0,0,1,0,0,0,0,1,0
1,1.1764705882352942,0.0,0.0,0.0,0.0,0.0,0,0.5,0,1,0,0,1,1,0,0,0,0,0,0,0,0,0,0,0
0,0.5882352941176471,1.6847688434340706,1.4753686958948682,0.2210647294575037,0.0,0.0,0,0.0,1,0,0,0,1,0,0,0,1,0,0,0,1,0,0,0,0
0,-0.1764705882352941,2.141896287328731,0.0,0.4421294589150075,0.0,0.55995723371683,0,1.0,1,0,1,0,1,0,0,0,1,0,0,0,0,0,0,0,0
0,-1.1176470588235294,0.0,0.0,0.0,0.0,0.0,0,3.5,0,0,0,0,1,0,0,0,0,0,1,0,0,0,0,1,0
1,-0.3529411764705882,0.0,0.0,0.0,0.0,0.0,0,0.0,0,0,0,1,0,0,0,0,0,0,1,0,0,0,1,0,0
1,2.176470588235294,0.0,0.0,0.0,0.0,0.0,0,2.5,0,1,0,0,1,0,1,0,0,0,0,0,0,0,0,0,0
1,-0.7058823529411765,0.0,0.0,0.0,0.0,0.0,0,0.5,0,0,1,0,0,0,0,0,0,1,0,0,0,0,0,1,0
1,0.2352941176470588,0.0,0.0,0.0,0.0,0.0,0,0.5,0,0,0,0,0,0,0,0,0,0,1,0,0,0,1,0,0
0,-1.588235294117647,0.0,0.0,0.0,0.0,0.0,0,1.0,0,0,0,0,1,0,0,0,0,0,1,0,0,1,0,0,0
0,0.8823529411764706,0.0,0.9573818901800208,0.0,2.0897328735562866,0.7106519766445111,1,0.5,1,1,0,0,1,0,0,0,0,1,0,0,1,0,0,0,0
0,-0.5294117647058824,0.0,0.0,0.0,1.2577838813710784,0.0,0,0.0,1,0,0,1,0,0,0,0,0,1,0,0,0,0,1,0,0
1,-0.3529411764705882,0.0,0.0,0.0,0.0,0.0,0,0.0,0,0,0,0,1,0,0,0,0,0,1,0,0,0,0,1,0
0,0.2352941176470588,1.614771247571294,0.0,2.832054328967104,1.5876923934039209,1.7976824205163346,0,0.0,1,1,0,0,1,0,0,0,1,0,0,0,0,0,0,0,0
1,1.5294117647058822,0.0,0.0,0.0,0.0,0.0,0,0.0,0,0,1,0,0,0,0,0,0,1,0,0,0,0,1,0,0
0,1.0,1.8071699185093324,0.0,0.2210647294575037,0.5508231047523734,0.778326556204762,0,0.0,1,0,0,0,1,0,0,0,0,0,1,0,0,0,0,1,0
1,0.7058823529411765,0.0,0.0,0.0,0.0,0.0,0,3.0,0,0,1,0,1,0,0,0,0,1,0,0,0,1,0,0,0
1,0.0,0.0,0.0,0.0,0.0,0.0,1,1.0,0,1,0,0,0,0,0,0,0,0,0,0,0,0,0,0,0
1,-0.5294117647058824,0.0,0.0,0.0,0.0,0.0,1,0.5,0,1,0,0,0,1,0,0,0,0,0,0,0,0,0,0,0
0,0.1176470588235294,0.0,2.1508781910345487,0.0,1.0221994864626538,0.1866524112389433,1,0.0,1,1,0,0,1,0,0,0,0,1,0,0,1,0,0,0,0
0,-1.0,0.0,0.0,0.0,0.0,0.0,1,0.5,0,0,0,0,0,0,0,0,0,0,1,0,0,1,0,0,0
0,-0.8235294117647058,0.0,0.5038463368711258,0.0,1.4612606993579476,1.585024856316821,0,0.5,1,0,0,0,0,0,0,0,0,1,0,0,0,0,0,0,0
1,-1.3529411764705883,0.0,0.0,0.0,0.0,0.0,0,1.0,0,1,0,0,1,0,1,0,0,0,0,0,0,0,0,0,0
0,-0.3529411764705882,1.8731579666169096,0.0,1.401517225688844,1.5994354608650254,0.0,0,1.0,1,0,1,0,1,0,0,1,0,0,0,0,0,0,0,0,0
0,-0.0588235294117647,0.0,0.0,0.700758612844422,0.7748946642242507,2.343702131840907,1,0.5,1,1,0,0,1,1,0,0,0,0,0,0,0,0,0,0,0
0,-0.1764705882352941,2.186206302116301,0.0,0.0,0.0,0.0,1,0.0,1,0,0,0,1,0,0,0,0,0,1,0,0,1,0,0,0
0,-0.4117647058823529,1.792097413144767,0.0,0.0,0.0,0.0,1,1.0,1,0,0,0,1,0,0,0,0,0,1,0,0,0,1,0,0
0,0.0,2.0012106191987,0.0,1.751896532111055,0.0,0.9795383243914376,1,0.0,1,0,0,0,1,0,0,0,0,1,0,0,0,0,0,0,1
0,-1.588235294117647,0.0,0.0,0.0,0.0,0.0,1,1.5,0,0,0,0,1,0,0,0,0,0,1,0,1,0,0,0,0
1,0.0,0.0,0.0,0.0,0.0,0.0,1,0.0,0,1,0,0,0,1,0,0,0,0,0,0,0,0,0,0,0
0,1.0,1.6254368768631189,1.9489705451658224,0.9554258650310592,0.0,1.8296633157590787,0,1.0,1,1,0,0,0,0,1,0,0,0,0,0,0,0,0,0,0
1,-0.7058823529411765,0.0,0.0,0.0,0.0,0.0,1,0.0,0,0,0,0,1,0,0,0,0,0,1,0,0,0,1,0,0
1,-0.5294117647058824,0.0,0.0,0.0,0.0,0.0,0,0.0,0,0,0,1,0,0,0,0,0,0,1,0,0,0,0,1,0
1,0.3529411764705882,0.0,0.0,0.0,0.0,0.0,0,0.0,0,1,0,0,1,1,0,0,0,0,0,0,0,0,0,0,0
1,0.5294117647058824,0.0,0.0,0.0,0.0,0.0,1,0.5,0,0,0,0,1,0,0,0,0,1,0,0,0,0,0,0,0
0,0.1176470588235294,0.0,0.5810073162355173,0.0,0.4491768952476266,1.8535960694367173,1,0.0,1,0,0,0,1,0,0,0,1,0,0,0,1,0,0,0,0
0,-0.1764705882352941,0.0,1.8059896228850172,0.0,0.0,0.0,0,0.0,1,0,0,0,1,0,0,0,0,0,1,0,0,1,0,0,0
1,-1.5294117647058822,0.0,0.0,0.0,0.0,0.0,0,1.0,0,0,0,0,1,0,0,0,0,0,1,0,1,0,0,0,0
1,-0.1176470588235294,0.0,0.0,0.0,0.0,0.0,0,0.0,0,0,0,0,1,0,0,0,0,0,1,0,0,1,0,0,0
1,-0.8235294117647058,0.0,0.0,0.0,0.0,0.0,1,1.5,0,1,0,0,1,1,0,0,0,0,0,0,0,0,0,0,0
0,0.8235294117647058,1.8435575703215512,1.01144932062832,1.8953309959672997,0.0,0.0,0,0.0,1,0,1,0,1,0,0,0,0,1,0,0,0,0,0,1,0
0,0.5294117647058824,2.021694997459609,0.0,0.0,0.2754115523761867,0.0,1,0.0,1,0,0,0,1,0,0,0,0,1,0,0,0,0,0,1,0
0,1.1764705882352942,0.0,1.6069265399806387,0.0,0.0,1.9541838899958288,1,0.0,1,0,0,0,1,0,0,0,0,1,0,0,0,0,0,1,0
0,-1.0,0.0,0.0,0.0,0.0,0.0,0,0.5,0,0,0,0,1,0,0,0,0,0,1,0,0,0,0,1,0
0,-0.1764705882352941,0.0,0.0,0.0,1.61865015758421,1.140170818969702,0,0.0,1,0,0,0,1,0,0,0,0,1,0,0,1,0,0,0,0
0,1.2941176470588236,1.451425773681133,0.6020900746029018,0.350379306422211,1.8465385549871205,0.0,0,1.0,1,0,0,0,1,0,0,0,0,1,0,0,0,0,1,0,0
1,0.8823529411764706,0.0,0.0,0.0,0.0,0.0,1,0.0,0,0,0,1,0,0,0,0,0,0,1,0,0,0,1,0,0
0,-1.588235294117647,0.0,0.0,0.0,0.0,0.0,1,1.5,0,0,0,0,0,0,0,0,0,0,1,0,1,0,0,0,0
1,-0.4117647058823529,0.0,0.0,0.0,0.0,0.0,1,0.0,0,0,0,1,0,0,0,0,0,1,0,0,0,0,0,1,0
0,-0.7058823529411765,0.0,0.0,0.0,0.0,0.0,1,1.0,0,1,0,0,1,0,1,0,0,0,0,0,0,0,0,0,0
0,-0.1764705882352941,0.2939297479087193,0.3358975579140839,0.0,1.610652975521211,1.3700007011705806,0,0.0,1,0,0,0,1,0,0,0,0,0,1,0,0,0,0,0,0
0,-0.3529411764705882,1.8148541453268936,0.0,0.0,0.0,0.0,0,1.0,1,0,0,0,1,0,0,0,0,0,1,0,1,0,0,0,0
0,0.9411764705882352,0.0,2.200928866776058,0.0,1.5955819032001124,0.0,0,0.0,1,1,0,0,1,1,0,0,0,0,0,0,0,0,0,0,0
0,-0.4705882352941176,1.6986891940159818,0.0,0.0,1.149407324057769,1.804720696305308,0,3.5,1,0,0,0,1,0,0,0,0,1,0,0,0,1,0,0,0
1,0.0,0.0,0.0,0.0,0.0,0.0,1,1.0,0,0,0,0,1,0,0,0,0,0,0,0,0,0,0,0,0
1,-0.2941176470588235,0.0,0.0,0.0,0.0,0.0,0,0.0,0,0,0,0,1,0,0,0,0,0,1,0,0,0,0,1,0
0,-0.2941176470588235,1.6223438206056784,0.2661925166888179,1.7384941824714475,0.0,1.1025353725949685,0,0.0,1,0,0,0,0,0,0,0,1,0,0,0,0,0,0,0,0
0,-0.6470588235294118,1.809961732221688,0.0,0.0,1.308693081782223,0.0,1,0.0,1,0,0,0,1,0,0,0,0,1,0,0,0,0,0,0,1
1,-0.2941176470588235,0.0,0.0,0.0,0.0,0.0,0,0.0,0,0,0,1,0,0,0,0,0,0,1,0,0,1,0,0,0
0,-0.1176470588235294,0.0,0.0,2.050623932066097,0.0,1.1478651283652954,0,0.0,1,0,0,1,0,0,0,0,0,1,0,0,1,0,0,0,0
0,-0.5294117647058824,1.1168422295742777,0.0,0.4421294589150075,2.0415016231542764,0.4824894837218527,0,0.5,1,0,0,0,1,0,0,0,0,1,0,0,0,1,0,0,0
0,-1.411764705882353,0.0,0.0,0.0,0.0,0.0,0,2.0,0,0,0,0,1,0,0,0,0,0,1,0,0,1,0,0,0
0,0.3529411764705882,2.303952126889764,2.216714276311146,1.0135734947947224,2.008286642832368,1.5394955581082677,0,1.0,1,1,0,0,0,1,0,0,0,0,0,0,0,0,0,0,0
0,0.0,0.1854490234153689,2.291563616853318,0.0,0.6011293213528106,1.0691301642290858,0,0.5,1,1,0,0,0,0,1,0,0,0,0,0,0,0,0,0,0
1,0.2352941176470588,0.0,0.0,0.0,0.0,0.0,0,1.0,0,0,1,1,0,0,0,0,1,0,0,0,1,0,0,0,0
0,-1.588235294117647,0.0,0.0,0.0,0.0,0.0,0,3.0,0,0,0,0,1,0,0,0,0,1,0,0,0,0,0,0,1
0,-0.8823529411764706,0.0,0.0,0.0,0.0,0.0,0,2.0,0,0,0,0,1,0,0,0,0,0,1,0,0,0,1,0,0
0,0.5882352941176471,0.8014973444683071,1.4770114063939364,2.3851853361980067,0.0,0.3733048224778867,1,0.0,1,0,0,0,0,0,0,0,0,1,0,0,0,0,0,0,1
0,-0.5294117647058824,2.133465363091237,0.4341412956458598,1.2539731735908168,0.0,0.6200458888731157,0,0.0,1,0,1,0,0,0,0,0,0,1,0,0,0,0,0,1,0
1,0.1764705882352941,0.0,0.0,0.0,0.0,0.0,1,0.0,0,0,1,0,0,0,0,0,0,1,0,0,0,0,1,0,0
0,0.0,0.0,0.0,2.132314871799921,0.0,0.0,1,0.0,1,0,0,0,1,0,0,0,0,1,0,0,0,0,1,0,0
0,0.1764705882352941,1.718950490561601,0.0,1.666642102914753,1.3416594478701012,1.6602391830524128,0,0.0,1,0,1,0,1,0,0,0,0,1,0,0,1,0,0,0,0
0,1.3529411764705883,1.7492556837515505,0.0,1.095198067035038,1.6638968604051323,1.6322443216531923,1,0.0,1,0,1,0,1,0,0,0,0,1,0,0,0,0,1,0,0
0,1.2941176470588236,0.3708980468307378,1.6988092301418398,0.350379306422211,2.1713465332188564,2.042035912617493,1,1.5,1,1,0,0,0,0,1,0,0,0,0,0,1,0,0,0,0
0,-0.4117647058823529,0.0,0.6020900746029018,0.0,1.2333919786081171,1.8830966512356035,1,3.5,1,0,0,0,0,0,0,0,0,1,0,0,0,0,0,0,0
0,0.5294117647058824,0.6160483210529383,1.335897557914084,0.0,1.549270837263799,0.7629347951689582,0,0.0,1,0,0,0,1,0,0,0,0,0,1,0,0,0,1,0,0
1,-1.588235294117647,0.0,0.0,0.0,0.0,0.0,1,1.0,0,0,0,0,1,0,0,0,0,0,1,0,1,0,0,0,0
0,2.235294117647059,0.0,1.595152618730838,1.822275026527581,1.1643042050122017,2.123583778670121,0,0.0,1,1,0,0,1,0,0,1,0,0,0,0,0,0,0,0,0
0,0.8235294117647058,2.151192508286999,0.3358975579140839,0.0,0.8688267143571999,0.887511217448728,1,0.0,1,1,0,0,1,0,0,1,0,0,0,0,0,0,0,0,0
0,0.5294117647058824,0.0,1.3329486508796158,0.0,2.155999283566688,2.08477653341772,1,1.0,1,1,0,0,1,1,0,0,0,0,0,0,1,0,0,0,0
1,-0.0588235294117647,0.0,0.0,0.0,0.0,0.0,0,0.5,0,1,0,0,1,1,0,0,0,0,0,0,0,0,0,0,0
1,-1.2352941176470589,0.0,0.0,0.0,0.0,0.0,1,0.0,0,0,0,1,0,0,0,0,0,0,1,0,1,0,0,0,0
0,-0.4705882352941176,0.0,0.0,0.0,0.0,0.0,0,0.0,0,0,0,0,1,0,0,0,1,0,0,0,1,0,0,0,0
1,1.2352941176470589,0.0,0.0,0.0,0.0,0.0,1,0.0,0,0,1,0,1,0,0,0,1,0,0,0,0,0,0,0,0
1,-1.5294117647058822,0.0,0.0,0.0,0.0,0.0,0,0.0,0,0,0,1,0,0,0,0,0,0,1,0,0,0,0,0,0
1,-0.1176470588235294,0.0,0.0,0.0,0.0,0.0,1,1.0,0,0,1,0,1,0,0,0,0,1,0,0,0,0,0,1,0
0,0.0588235294117647,0.0,1.6226838340746963,0.0,1.9109286631238904,1.1553456790609842,1,0.5,1,1,0,0,0,1,0,0,0,0,0,0,0,0,0,0,0
1,-1.1176470588235294,0.0,0.0,0.0,0.0,0.0,0,0.5,0,0,0,1,0,0,0,0,0,0,1,0,0,1,0,0,0
1,-0.6470588235294118,0.0,0.0,0.0,0.0,0.0,1,0.0,0,0,0,1,0,0,0,0,0,0,1,0,0,0,1,0,0
1,-1.588235294117647,0.0,0.0,0.0,0.0,0.0,1,1.0,0,0,0,1,0,0,0,0,0,0,1,0,0,0,0,0,0
0,0.9411764705882352,1.836665216312976,0.0,0.2210647294575037,0.0,0.9933507113510024,0,0.5,1,0,0,0,1,0,0,0,1,0,0,0,1,0,0,0,0
1,0.5294117647058824,0.0,0.0,0.0,0.0,0.0,0,0.0,0,1,0,0,0,0,0,0,1,0,0,0,1,0,0,0,0
0,0.0588235294117647,2.027505436903742,0.9169048741496012,0.0,0.0,0.55995723371683,0,0.5,1,0,0,0,1,0,0,0,0,1,0,0,0,0,0,0,1
0,-0.0588235294117647,0.0,0.0,2.299503405728403,0.4491768952476266,0.0,0,0.0,1,0,0,0,1,0,0,0,0,1,0,0,0,1,0,0,0
0,-0.5882352941176471,0.0,0.0,0.0,0.0,1.8017267895265328,0,0.0,1,0,0,0,1,0,0,0,0,1,0,0,1,0,0,0,0
1,2.8823529411764706,0.0,0.0,0.0,0.0,0.0,0,0.5,0,0,1,0,1,0,0,1,0,0,0,0,0,0,0,0,0
0,0.1176470588235294,1.4958483631516573,1.7585343727741851,1.770999785842722,1.689190133612981,0.0,1,1.5,1,1,0,0,1,0,1,0,0,0,0,0,0,0,0,0,0
0,-0.4705882352941176,1.725377053820154,0.0,2.1455729979260374,1.4340272384729982,0.0,1,0.0,1,0,1,0,1,0,0,0,0,1,0,0,0,0,0,0,0
0,0.0,0.0,1.5827772208951172,0.0,1.159436277331762,0.6200458888731157,0,0.5,1,0,0,0,1,0,0,0,0,1,0,0,0,0,1,0,0
0,-0.4705882352941176,0.0,1.6153961006424475,0.0,0.0,0.806698300112059,1,0.0,1,0,0,0,1,0,0,0,0,1,0,0,0,0,1,0,0
1,0.1176470588235294,0.0,0.0,0.0,0.0,0.0,0,0.0,0,1,0,0,1,1,0,0,0,0,0,0,0,0,0,0,0
0,1.6470588235294117,1.2294077110659742,0.9328864152476568,0.0,1.6575752015173049,0.0,0,0.0,1,0,0,1,0,0,0,0,0,1,0,0,0,0,0,0,0
0,0.0588235294117647,0.0,0.7134342389808734,0.0,0.0,1.7542981727170726,1,0.0,1,0,0,1,0,0,0,0,0,1,0,0,0,1,0,0,0
1,-0.3529411764705882,0.0,0.0,0.0,0.0,0.0,1,1.0,0,0,0,0,0,0,0,0,0,1,0,0,1,0,0,0,0
0,1.2352941176470589,0.0,0.0,0.0,0.0,0.0,0,0.5,0,1,0,0,1,0,1,0,0,0,0,0,0,0,0,0,0
0,-0.4705882352941176,0.0,0.0,0.0,0.0,0.0,0,1.0,0,0,1,0,1,0,0,0,1,0,0,0,1,0,0,0,0
0,-0.2941176470588235,0.0,1.0587122794692527,2.062240999006751,0.0,0.0,0,0.0,1,0,0,1,0,0,0,0,0,1,0,0,0,0,0,0,0
0,-0.2941176470588235,2.0284616925578964,1.070680088297711,0.0,2.0092827649314984,2.096670348097769,1,0.0,1,1,0,0,0,0,0,0,0,0,0,0,0,0,0,0,0
0,0.2352941176470588,1.8344216275978968,0.0,1.0,0.0,0.0,1,1.0,1,0,0,0,1,0,0,0,0,1,0,0,0,0,0,0,1
0,2.235294117647059,1.0571409787674464,2.035579152168472,0.0,0.763232542969351,1.6120468103900962,1,0.5,1,1,0,0,1,0,0,0,0,0,0,0,0,0,0,0,0
0,1.0,0.0,0.3899649883623831,0.6206071563358557,1.6953513546279135,0.9495872064079016,0,0.0,1,0,0,0,1,0,0,0,0,0,1,0,1,0,0,0,0
0,-0.5294117647058824,1.7092365184699656,0.0,2.0158762411805413,0.0,0.0,0,0.0,1,0,1,0,1,0,0,0,0,1,0,0,0,0,0,0,0
1,-1.588235294117647,0.0,0.0,0.0,0.0,0.0,0,1.5,0,0,1,0,0,0,0,0,0,1,0,0,0,0,0,0,1
1,-0.2941176470588235,0.0,0.0,0.0,0.0,0.0,1,0.0,0,0,1,0,1,0,0,0,0,1,0,0,0,0,0,0,1
1,-0.5882352941176471,0.0,0.0,0.0,0.0,0.0,0,1.0,0,0,1,0,1,0,0,0,0,1,0,0,0,0,0,0,1
0,-1.4705882352941178,0.0,0.0,0.0,0.0,0.0,1,1.0,0,0,0,0,1,0,0,0,0,0,1,0,0,1,0,0,0
0,0.0588235294117647,1.3561670024083805,0.0,0.0,1.5402883447021187,0.0,1,0.0,1,0,1,0,1,0,0,0,0,1,0,0,0,0,0,1,0
0,0.5882352941176471,0.0,1.0902988006970609,0.884258917830015,0.763232542969351,1.719421162240809,0,0.0,1,0,0,0,0,0,0,0,0,1,0,0,0,1,0,0,0
0,-0.2941176470588235,1.3277911471852442,1.9297901692785635,1.6945354107334272,0.34753068574288,0.0,0,0.5,1,0,1,0,1,0,0,1,0,0,0,0,0,0,0,0,0
0,1.1176470588235294,1.0622372544996612,0.0,2.2574883230840617,1.0346329633982383,0.0,1,0.0,1,0,1,0,1,0,0,0,1,0,0,0,1,0,0,0,0
1,0.0588235294117647,0.0,0.0,0.0,0.0,0.0,0,0.5,0,1,0,0,1,0,1,0,0,0,0,0,0,0,0,0,0
0,-0.3529411764705882,0.0,1.5663624443911417,0.0,0.0,0.0,1,0.0,1,0,0,0,0,0,0,0,0,1,0,0,0,0,0,1,0
1,1.0,0.0,0.0,0.0,0.0,0.0,0,0.0,0,0,0,0,1,0,0,0,0,0,1,0,0,0,1,0,0
0,-0.2352941176470588,0.3708980468307378,1.5284451275362605,1.1601316759719966,0.0,0.6906959960353908,1,0.0,1,0,0,1,0,0,0,0,0,1,0,0,1,0,0,0,0
1,-0.4705882352941176,0.0,0.0,0.0,0.0,0.0,0,0.0,0,0,0,1,0,0,0,0,0,0,1,0,0,0,0,0,0
0,-1.5294117647058822,0.0,0.0,0.0,0.0,0.0,1,1.0,0,0,0,0,1,0,0,0,0,0,1,0,1,0,0,0,0
0,0.5294117647058824,0.0,2.1821481286231883,0.5714440358797147,0.0,2.4261853408767533,1,2.5,1,1,0,0,0,0,1,0,0,0,0,0,1,0,0,0,0
1,-1.411764705882353,0.0,0.0,0.0,0.0,0.0,0,1.0,0,0,0,0,1,0,0,0,0,0,1,0,0,0,1,0,0
1,-0.3529411764705882,0.0,0.0,0.0,0.0,0.0,0,0.0,0,0,0,0,1,0,0,0,0,0,1,0,1,0,0,0,0
0,0.1176470588235294,0.4305992976375693,0.0,1.9279274327236091,1.523606555554848,0.806698300112059,0,0.0,1,0,1,1,0,0,0,1,0,0,0,0,0,0,0,0,0
1,-0.2352941176470588,0.0,0.0,0.0,0.0,0.0,1,1.0,0,0,1,0,1,0,0,0,1,0,0,0,0,0,0,0,0
0,0.1176470588235294,0.0,0.0,0.350379306422211,1.6716607964779329,1.7203278382086984,1,0.0,1,0,0,0,0,0,0,0,0,1,0,0,0,0,0,0,0
0,1.4705882352941178,0.2939297479087193,0.9328864152476568,2.132314871799921,0.0,1.791151956690802,0,1.0,1,0,0,0,1,0,0,0,1,0,0,0,1,0,0,0,0
1,-0.2352941176470588,0.0,0.0,0.0,0.0,0.0,0,0.0,0,0,0,0,0,0,0,0,0,0,1,0,0,0,1,0,0
1,0.0,0.0,0.0,0.0,0.0,0.0,1,0.0,0,0,0,0,1,0,0,0,0,0,1,0,0,0,0,0,0
1,-0.0588235294117647,0.0,0.0,0.0,0.0,0.0,0,1.5,0,0,0,0,1,0,0,0,0,0,1,0,0,0,0,1,0
1,-1.0588235294117647,0.0,0.0,0.0,0.0,0.0,0,1.5,0,0,1,0,1,0,0,0,0,1,0,0,0,0,0,0,0
0,-0.5294117647058824,0.0,0.0,0.0,0.0,1.8037264212997863,1,0.0,1,0,0,0,1,0,0,0,0,0,1,0,0,0,0,1,0
0,0.0,0.0,1.8892748687325047,0.0,1.6993762869329516,1.6414989268922684,0,0.5,1,1,0,0,0,0,0,0,0,0,0,0,0,0,0,0,0
1,-0.7058823529411765,0.0,0.0,0.0,0.0,0.0,1,0.5,0,1,0,0,0,0,1,0,0,0,0,0,0,0,0,0,0
0,-0.5294117647058824,0.814550976584631,1.6890000246665982,0.0,0.0,2.521169950843182,1,0.0,1,1,0,0,1,1,0,0,0,0,0,0,0,0,0,0,0
0,1.6470588235294117,1.789445134805301,0.0,1.6105454705018805,0.4034706315309319,1.568044403309725,0,0.0,1,0,1,0,1,0,0,0,1,0,0,0,0,0,0,0,0
1,0.7647058823529411,0.0,0.0,0.0,0.0,0.0,1,1.0,0,1,0,0,0,0,0,0,1,0,0,0,1,0,0,0,0
1,0.2352941176470588,0.0,0.0,0.0,0.0,0.0,0,0.0,0,0,0,1,0,0,0,0,0,0,1,0,0,0,1,0,0
0,-1.5294117647058822,0.0,0.0,0.0,0.0,0.0,1,1.0,0,0,0,0,1,0,0,0,0,0,1,0,1,0,0,0,0
0,-0.1764705882352941,1.7484801864363697,0.0,0.0,0.0,0.778326556204762,1,0.0,1,0,0,0,1,0,0,0,0,0,1,0,0,0,0,0,0
0,-0.4117647058823529,0.0,1.9463891284240076,0.6631941883725112,0.0,1.136239617646845,0,0.0,1,0,0,0,0,0,0,0,0,1,0,0,0,0,1,0,0
0,1.0,0.0,1.6668601413581732,2.0897847151961235,0.0,0.0,0,0.0,1,0,1,0,1,0,0,0,0,1,0,0,0,0,0,0,1
0,-0.3529411764705882,0.0,0.6394406102156581,0.0,1.6497030473092205,1.384560058118313,0,0.0,1,0,0,0,1,0,0,0,0,1,0,0,0,0,0,1,0
0,-0.4117647058823529,0.0,0.0,0.0,1.672297066866293,0.7629347951689582,0,0.0,1,0,0,0,1,0,0,0,0,1,0,0,1,0,0,0,0
1,-0.0588235294117647,0.0,0.0,0.0,0.0,0.0,1,0.0,0,1,0,0,0,1,0,0,0,0,0,0,1,0,0,0,0
0,0.3529411764705882,1.9160660877855669,0.2661925166888179,0.0,0.0,0.1866524112389433,1,0.0,1,0,0,0,1,0,0,0,0,1,0,0,0,0,0,1,0
0,0.2352941176470588,1.2097881939404267,1.606287228605719,0.0,0.0,0.6906959960353908,0,0.0,1,0,0,0,1,0,0,0,1,0,0,0,0,0,0,0,0
1,-0.6470588235294118,0.0,0.0,0.0,0.0,0.0,1,1.0,0,0,0,0,1,0,0,0,0,0,1,0,0,0,1,0,0
1,-0.4705882352941176,0.0,0.0,0.0,0.0,0.0,1,0.0,0,0,0,1,0,0,0,0,0,0,1,0,0,0,0,1,0
0,0.5882352941176471,0.0,0.0,2.0181624802819225,0.6229422381190667,0.0,1,0.0,1,0,0,1,0,0,0,0,0,1,0,0,0,0,1,0,0
1,-0.4117647058823529,0.0,0.0,0.0,0.0,0.0,0,1.0,0,0,0,1,0,0,0,0,0,0,1,0,0,0,1,0,0
0,0.2352941176470588,0.8269972386639046,0.0,2.213129244757729,0.0,0.0,0,3.0,1,0,1,0,1,0,0,1,0,0,0,0,0,0,0,0,0
0,0.1176470588235294,0.0,0.0,0.0,0.0,1.7424731195603955,1,0.0,1,0,0,0,1,0,0,0,0,1,0,0,0,0,0,0,0
0,1.0588235294117647,1.2647955280979406,1.455928648026552,1.6881883557089938,0.0,0.0,1,0.0,1,0,0,0,1,0,0,0,0,1,0,0,0,0,1,0,0
1,-1.5294117647058822,0.0,0.0,0.0,0.0,0.0,0,2.0,0,0,0,0,1,0,0,0,0,0,1,0,0,0,0,1,0
1,0.4117647058823529,0.0,0.0,0.0,0.0,0.0,0,0.0,0,0,0,0,1,0,0,0,0,0,1,0,0,1,0,0,0
1,0.0,0.0,0.0,0.0,0.0,0.0,1,3.5,0,0,0,0,1,0,0,0,0,0,1,0,0,0,0,1,0
0,0.4117647058823529,0.0,0.0,0.0,1.6154818323354272,0.0,0,0.0,1,0,0,0,1,0,0,0,0,0,1,0,1,0,0,0,0
0,1.5294117647058822,1.8594089806665928,0.0,0.350379306422211,0.17376534287144,0.669141894960796,1,2.0,1,0,1,0,1,0,0,1,0,0,0,0,0,0,0,0,0
0,-0.4705882352941176,0.0,0.0,0.0,0.0,0.0,1,0.5,0,0,1,0,0,0,0,0,0,1,0,0,0,0,0,0,0
0,0.6470588235294118,0.5206212286759118,1.878173714456542,0.0,0.0,0.0,0,0.0,1,0,0,0,1,0,0,0,0,0,1,0,0,1,0,0,0
1,0.8823529411764706,0.0,0.0,0.0,0.0,0.0,1,0.0,0,0,0,0,1,0,0,0,0,0,1,0,0,0,0,0,0
0,0.5882352941176471,0.0,1.7517817700215883,1.5548417529950602,1.831508962533097,1.166190735630381,0,0.0,1,1,0,0,0,0,0,0,0,0,0,0,0,0,0,0,0
1,1.588235294117647,0.0,0.0,0.0,0.0,0.0,0,1.0,0,0,1,0,1,0,0,0,0,1,0,0,0,0,0,1,0
1,1.9411764705882355,0.0,0.0,0.0,0.0,0.0,1,0.0,0,0,0,0,1,0,0,0,0,0,1,0,0,1,0,0,0
0,-0.7058823529411765,0.0,0.4714918312586162,0.0,1.7271543901732307,0.0,0,0.0,1,0,0,0,1,0,0,0,1,0,0,0,1,0,0,0,0
0,-0.2352941176470588,1.9767204205090785,0.0,0.2210647294575037,0.0,0.2958370724829093,0,0.0,1,0,0,0,1,0,0,0,1,0,0,0,0,0,0,0,0
0,0.3529411764705882,1.5725669687411157,0.0,0.0,1.3801337562816585,0.0,0,0.0,1,0,0,0,1,0,0,0,0,1,0,0,1,0,0,0,0
1,-1.411764705882353,0.0,0.0,0.0,0.0,0.0,1,3.0,0,0,0,1,0,0,0,0,0,1,0,0,1,0,0,0,0
0,0.4705882352941176,1.072147512886105,1.5028673502038523,0.818036705164662,2.208248506206399,1.491107259413648,1,0.0,1,1,0,0,0,0,1,0,0,0,0,0,0,0,0,0,0
0,-0.3529411764705882,2.026408371762616,0.8813830179379154,0.0,0.0,0.8667869552683445,1,1.0,1,0,0,0,0,0,0,0,0,1,0,0,0,0,0,0,0
0,0.1764705882352941,1.7736621827164525,0.3899649883623831,1.095198067035038,0.0,0.0,1,0.0,1,0,0,0,1,0,0,0,1,0,0,0,0,0,0,0,0
0,0.2941176470588235,1.392313184027989,0.0,0.5714440358797147,1.8549580537190868,0.0,1,0.0,1,0,1,0,1,0,0,0,0,1,0,0,0,0,0,0,0
0,0.0,1.8040333481611368,0.0,0.5132964061160518,0.0,0.1866524112389433,0,1.0,1,0,1,0,1,0,0,0,1,0,0,0,0,0,0,0,0
0,0.7647058823529411,0.0,0.1679487789570419,0.0,1.7022121814105118,1.1833482899316374,1,0.0,1,0,0,0,1,0,0,0,0,1,0,0,0,0,1,0,0
0,-0.2352941176470588,0.0,0.0,1.700758612844422,1.635762284751049,0.9332620561947168,0,0.0,1,0,0,0,1,0,0,0,0,1,0,0,0,0,1,0,0
1,-0.4117647058823529,0.0,0.0,0.0,0.0,0.0,1,0.0,0,0,1,0,1,0,0,0,0,1,0,0,0,0,1,0,0
0,-0.5882352941176471,0.0,0.8544331721773178,0.0,1.013554133242735,1.7675314787568852,0,0.0,1,0,0,0,0,0,0,0,0,1,0,0,1,0,0,0,0
1,-0.0588235294117647,0.0,0.0,0.0,0.0,0.0,0,0.0,0,1,0,0,1,0,1,0,0,0,0,0,0,0,0,0,0
0,-0.2352941176470588,0.0,1.5438343540059558,0.0,0.763232542969351,2.1036277980610008,0,0.0,1,1,0,0,0,0,1,0,0,0,0,0,0,0,0,0,0
1,0.0,0.0,0.0,0.0,0.0,0.0,1,0.5,0,1,0,0,1,1,0,0,0,0,0,0,0,0,0,0,0
0,-0.3529411764705882,1.7287424615451517,0.0,0.0,0.0,0.0,0,0.0,1,0,0,0,0,0,0,0,0,1,0,0,0,0,1,0,0
1,0.6470588235294118,0.0,0.0,0.0,0.0,0.0,0,0.0,0,0,0,0,0,1,0,0,0,0,0,0,0,0,0,0,0
0,1.0588235294117647,1.7966765584323936,1.8644529967978103,1.8994891903188924,0.7510013172738119,1.8892086364473009,0,0.0,1,0,0,0,0,0,0,0,1,0,0,0,0,0,0,0,0
1,-1.411764705882353,0.0,0.0,0.0,0.0,0.0,1,3.0,0,0,0,1,0,0,0,0,0,0,1,0,1,0,0,0,0
0,0.0588235294117647,0.935477963157255,0.0,1.8243732511279076,1.423107672530726,0.2958370724829093,0,0.0,1,0,0,0,0,0,0,0,1,0,0,0,1,0,0,0,0
0,0.0588235294117647,1.7979706184469424,0.0,1.3683518914982231,0.4878209905931642,0.0,1,0.0,1,0,1,0,1,0,0,0,0,1,0,0,0,0,1,0,0
0,-0.0588235294117647,0.0,0.5810073162355173,0.0,1.6433650311178396,0.1866524112389433,0,0.0,1,0,0,0,1,0,0,0,0,1,0,0,1,0,0,0,0
0,-1.0,0.0,0.0,0.0,0.0,0.0,1,0.5,0,0,0,0,0,0,0,0,0,0,1,0,1,0,0,0,0
1,-0.8235294117647058,0.0,0.0,0.0,0.0,0.0,0,0.0,0,1,0,0,1,0,0,1,0,0,0,0,0,0,0,0,0
1,-1.588235294117647,0.0,0.0,0.0,0.0,0.0,0,1.0,0,0,1,0,1,0,0,0,0,1,0,0,0,0,1,0,0
0,0.4117647058823529,0.7417960936614756,1.9826925773042456,0.0,0.0,1.6591053602907395,1,3.0,1,1,0,0,1,1,0,0,0,0,0,0,0,0,0,0,0
0,0.4705882352941176,1.336986086014533,1.27006938132507,0.0,0.6011293213528106,1.605194468438982,0,0.5,1,0,0,0,1,0,0,0,0,1,0,0,0,0,0,0,0
0,0.0,1.392313184027989,0.0,0.350379306422211,0.0,1.749873715321076,1,0.0,1,0,0,0,1,0,0,0,0,0,1,0,0,0,0,0,0
0,-0.7058823529411765,1.7304094226163385,0.0,1.221064729457504,0.0,0.6457112531348923,1,1.0,1,0,1,0,1,0,0,0,0,1,0,0,0,0,1,0,0
1,1.0,0.0,0.0,0.0,0.0,0.0,0,0.5,0,1,0,0,1,0,1,0,0,0,0,0,0,0,0,0,0
0,-0.4705882352941176,1.701481007728338,1.244398160539701,0.0,0.5212960286143199,0.0,0,0.0,1,0,0,1,0,0,0,0,0,1,0,0,0,0,0,1,0
0,0.8235294117647058,0.0,2.496340656646152,0.0,1.7892471752068668,0.5239995654055677,1,1.5,1,1,0,0,0,0,0,0,0,0,0,0,0,0,0,0,0
1,0.4117647058823529,0.0,0.0,0.0,0.0,0.0,0,0.0,0,1,0,0,1,1,0,0,0,0,0,0,0,0,0,0,0
0,0.5882352941176471,1.5906757995740617,0.0,0.4421294589150075,1.530413047821804,0.0,1,0.0,1,0,1,1,0,0,0,1,0,0,0,0,0,0,0,0,0
1,-1.588235294117647,0.0,0.0,0.0,0.0,0.0,0,1.0,0,0,0,0,1,0,0,0,0,0,1,0,0,0,1,0,0
0,1.588235294117647,0.0,0.0,0.0,0.0,0.0,1,2.5,0,0,0,0,1,0,0,0,0,0,1,0,0,0,0,0,0
0,-0.4117647058823529,0.0,0.0,2.0406974128762965,0.0,0.0,1,0.0,1,0,0,0,1,0,0,0,0,1,0,0,0,0,0,0,0
1,1.2941176470588236,0.0,0.0,0.0,0.0,0.0,0,0.0,0,0,0,1,0,0,0,0,0,0,1,0,0,1,0,0,0
0,-0.0588235294117647,0.0,0.0,0.0,1.3451986652199286,1.880612477639637,1,0.0,1,0,0,0,1,0,0,0,0,1,0,0,0,0,1,0,0
1,1.3529411764705883,0.0,0.0,0.0,0.0,0.0,1,0.0,0,0,1,0,0,0,0,0,0,1,0,0,0,0,0,0,1
1,-0.3529411764705882,0.0,0.0,0.0,0.0,0.0,1,1.0,0,0,0,0,1,0,0,0,0,0,1,0,1,0,0,0,0
0,-0.0588235294117647,0.0,1.2674917094557931,0.0,1.5813797116944392,2.296690076587397,0,0.0,1,1,0,0,0,0,0,0,0,0,0,0,0,0,0,0,0
1,-0.5294117647058824,0.0,0.0,0.0,0.0,0.0,1,0.0,0,0,0,0,0,0,0,0,0,0,1,0,0,0,1,0,0
0,-0.9411764705882352,0.0,0.0,0.0,0.0,0.0,1,1.5,0,0,1,0,1,0,0,0,1,0,0,0,1,0,0,0,0
1,-0.5882352941176471,0.0,0.0,0.0,0.0,0.0,0,0.5,0,1,0,0,0,0,1,0,0,0,0,0,0,0,0,0,0
0,-0.1764705882352941,0.3708980468307378,1.4275387380586595,1.4523633526305446,1.6834821367908612,1.3683333118923604,0,1.0,1,0,0,0,1,0,0,0,0,1,0,0,1,0,0,0,0
0,1.0588235294117647,0.6415482152485357,1.6959521582022554,2.327037706434344,0.0,0.0,1,0.0,1,0,1,0,1,0,0,1,0,0,0,0,0,0,0,0,0
0,-0.6470588235294118,0.3708980468307378,0.0,1.1428880717594294,1.2577838813710784,1.6619310158933116,0,0.0,1,0,0,0,1,0,0,0,0,1,0,0,0,0,0,0,0
1,0.2941176470588235,0.0,0.0,0.0,0.0,0.0,0,0.0,0,0,0,0,1,0,0,0,0,0,1,0,0,0,1,0,0
0,-0.4705882352941176,0.0,0.8158919763281912,1.3213657691802776,0.8069412630618639,2.000959439879812,0,0.0,1,0,0,0,1,0,0,0,0,0,1,0,0,0,0,1,0
1,0.0,0.0,0.0,0.0,0.0,0.0,0,0.0,0,0,0,0,1,0,0,0,0,0,1,0,0,1,0,0,0
1,-0.2941176470588235,0.0,0.0,0.0,0.0,0.0,1,2.0,0,1,0,0,0,1,0,0,0,0,0,0,0,0,0,0,0
1,-1.0588235294117647,0.0,0.0,0.0,0.0,0.0,1,1.5,0,0,1,0,1,0,0,0,0,1,0,0,0,1,0,0,0
0,1.5294117647058822,0.2939297479087193,1.618154751358155,1.9309362190850805,0.0,1.6120468103900962,0,0.0,1,0,0,0,1,0,0,0,1,0,0,0,1,0,0,0,0
0,0.6470588235294118,1.8307351855729612,0.0,1.8807733204155253,0.0,0.0,1,0.5,1,0,1,0,1,0,0,0,1,0,0,0,0,0,0,0,0
0,-0.4117647058823529,0.6862429319367085,1.2555403015391442,2.236654034956159,0.0,0.0,1,0.0,1,0,0,0,1,0,0,0,0,1,0,0,0,0,1,0,0
0,-0.3529411764705882,1.6991565240674122,1.5438343540059558,1.549935056385218,0.6788821839071186,0.0,0,1.0,1,0,1,0,1,0,0,0,1,0,0,0,0,0,0,0,0
0,1.1176470588235294,1.9164808884677544,0.0,1.294992983855075,0.0,0.0,0,0.0,1,0,1,0,1,0,0,0,0,1,0,0,1,0,0,0,0
0,0.0588235294117647,1.645000474584885,0.0,0.0,0.0,1.5430156410183469,0,0.0,1,0,0,0,1,0,0,0,0,0,1,0,0,1,0,0,0
0,0.1176470588235294,0.0,1.896724773608336,0.0,0.7102593820841355,1.7637063788145206,1,2.0,1,1,0,0,1,1,0,0,0,0,0,0,0,0,0,0,0
0,0.0,0.0,2.3804779897761064,0.0,0.2754115523761867,2.2249626032822487,0,0.5,1,1,0,0,1,0,1,0,0,0,0,0,0,0,0,0,0
0,-0.9411764705882352,0.0,0.0,0.0,0.0,0.0,1,0.0,0,0,0,0,1,0,0,0,0,0,1,0,0,0,0,1,0
1,0.1764705882352941,0.0,0.0,0.0,0.0,0.0,0,0.0,0,0,0,0,0,0,0,0,0,0,1,0,1,0,0,0,0
0,1.0,1.13666954972885,0.0,0.9218233423019256,1.2976110388388402,2.0606966972059717,1,0.0,1,0,0,0,1,0,0,0,0,0,1,0,0,0,1,0,0
1,-0.5294117647058824,0.0,0.0,0.0,0.0,0.0,1,0.0,0,0,1,0,1,0,0,0,0,1,0,0,0,0,0,1,0
1,-0.8235294117647058,0.0,0.0,0.0,0.0,0.0,1,0.0,0,0,0,0,1,0,0,0,0,0,1,0,0,0,0,1,0
0,-0.5294117647058824,0.0,0.0,0.0,0.0,0.0,1,0.5,0,0,1,0,1,0,0,0,1,0,0,0,0,0,0,0,0
0,0.5882352941176471,0.8915192755066496,0.0,2.242626129890465,0.0,1.934694957756259,0,0.0,1,0,1,0,1,0,0,0,0,1,0,0,1,0,0,0,0
0,-0.9411764705882352,0.0,0.0,0.0,0.0,0.0,1,0.5,0,1,0,0,0,1,0,0,0,0,0,0,0,0,0,0,0
0,1.1764705882352942,0.0,0.0,0.0,0.0,0.0,1,0.0,0,0,1,0,1,0,0,0,0,1,0,0,1,0,0,0,0
1,-0.3529411764705882,0.0,0.0,0.0,0.0,0.0,0,1.5,0,0,1,0,1,0,0,0,0,1,0,0,0,0,0,0,1
0,-0.2352941176470588,0.0,0.0,2.160496374684011,0.0,0.0,1,0.5,1,0,0,0,1,0,0,0,0,1,0,0,0,0,1,0,0
0,-0.6470588235294118,1.6029946889366142,0.0,0.4421294589150075,0.0,1.3268232302086451,0,1.0,1,0,0,1,0,0,0,0,0,0,1,0,0,0,1,0,0
0,1.411764705882353,1.3787445442715656,1.4200618823323905,0.0,0.7102593820841355,1.8617485338840976,1,0.5,1,0,0,0,1,0,0,0,0,1,0,0,0,0,0,0,1
0,-1.588235294117647,0.0,0.0,0.0,0.0,0.0,1,1.0,0,0,1,0,1,0,0,0,0,1,0,0,0,1,0,0,0
1,-1.0,0.0,0.0,0.0,0.0,0.0,0,0.0,0,0,0,0,1,0,0,0,0,0,1,0,0,1,0,0,0
0,-1.2352941176470589,0.0,0.0,0.0,0.0,0.0,0,2.5,0,0,0,0,1,0,0,0,0,0,1,0,1,0,0,0,0
0,0.1764705882352941,1.6517741626231333,0.6214843322659369,1.0391014346221656,1.6213899706304928,1.5211699508431822,1,1.5,1,0,0,0,1,0,0,0,0,1,0,0,1,0,0,0,0
1,-0.5882352941176471,0.0,0.0,0.0,0.0,0.0,1,0.0,0,0,0,1,0,0,0,0,0,0,1,0,0,0,1,0,0
1,-0.5294117647058824,0.0,0.0,0.0,0.0,0.0,1,0.0,0,0,0,0,1,0,0,0,0,0,1,0,0,1,0,0,0
0,2.3529411764705883,1.6309158339232526,0.0,2.376416976670974,1.385177998866873,0.2958370724829093,1,0.5,1,0,1,0,1,0,0,0,0,1,0,0,0,0,0,0,0
1,-0.0588235294117647,0.0,0.0,0.0,0.0,0.0,1,1.5,0,0,0,0,1,0,0,0,1,0,0,0,0,0,0,0,0
0,1.7058823529411764,0.0,0.0,0.0,0.0,0.0,1,0.0,0,0,0,0,1,0,0,0,0,0,1,0,0,0,0,0,0
1,-0.4705882352941176,0.0,0.0,0.0,0.0,0.0,0,0.0,0,0,0,1,0,0,0,0,0,0,1,0,0,0,0,1,0
0,-0.2941176470588235,0.850276818154826,1.1182384885659198,2.2997390385347654,0.0,0.0,0,0.5,1,0,0,0,0,0,0,0,0,1,0,0,0,0,0,0,1
0,1.1176470588235294,1.3143630624025913,0.0,0.0,0.0,1.8403059415725624,1,0.5,1,0,0,0,1,0,0,0,0,1,0,0,0,0,0,0,1
0,-0.3529411764705882,1.0,1.57010747830443,0.350379306422211,0.8526475267785586,0.0,0,0.0,1,0,0,0,1,0,0,0,0,1,0,0,0,0,1,0,0
0,0.8235294117647058,0.9587575426481764,2.112046461232218,0.0,1.3032132920519723,1.3683333118923604,1,2.0,1,1,0,0,0,1,0,0,0,0,0,0,0,0,0,0,0
0,1.1176470588235294,1.6229652991346466,0.0,1.8599563818858265,0.9953140617275088,1.1113650983237304,0,0.0,1,0,0,0,1,0,0,0,0,0,1,0,1,0,0,0,0
0,-0.5294117647058824,0.0,1.2266610584262947,0.0,1.470667214622256,1.106986424480944,0,0.0,1,0,0,0,1,0,0,0,0,1,0,0,0,0,0,0,0
0,-0.8823529411764706,0.0,0.0,0.0,0.0,0.0,1,1.0,0,0,0,0,1,0,0,0,0,0,1,0,0,1,0,0,0
0,-1.411764705882353,0.0,0.0,0.0,0.0,0.0,1,1.0,0,0,1,0,0,0,0,0,0,1,0,0,0,0,0,0,0
0,0.4705882352941176,0.4305992976375693,0.9665263290234956,0.0,0.0,1.814785469704954,1,0.0,1,0,0,0,1,0,0,0,0,1,0,0,0,0,0,1,0
0,0.8235294117647058,0.4305992976375693,2.044554210459418,0.0,1.3861747810884175,1.4449634795384505,0,0.0,1,1,0,0,1,1,0,0,0,0,0,0,0,0,0,0,0
0,0.0,1.798937072428922,0.0,0.0,1.696219296862843,0.819836637888477,0,0.0,1,0,1,0,1,0,0,1,0,0,0,0,0,0,0,0,0
0,-0.5294117647058824,1.6198433688877096,1.6135393952312218,0.0,0.0,1.1626240277512538,1,0.5,1,0,0,0,0,0,0,0,0,1,0,0,0,0,1,0,0
0,-0.1764705882352941,0.0,1.488208726094159,1.84167188579336,0.0,1.2146955614409585,1,0.0,1,0,0,0,1,0,0,0,0,1,0,0,0,0,1,0,0
0,0.0,0.3708980468307378,0.0,0.7647583148507885,0.4034706315309319,1.8182683020163373,0,0.0,1,0,0,0,1,0,0,0,0,1,0,0,0,0,0,0,1
0,0.5294117647058824,0.0,1.5434198134933357,2.3887688456842766,0.7510013172738119,1.8628171166675584,0,0.0,1,1,0,0,1,0,0,1,0,0,0,0,0,0,0,0,0
0,0.1764705882352941,0.0,0.4714918312586162,2.0516510794560303,0.0,1.635364663729298,0,0.0,1,0,0,0,1,0,0,0,0,1,0,0,0,0,1,0,0
0,-0.2941176470588235,0.0,0.0,2.1853787942712994,0.0,0.4333934776341722,1,0.0,1,0,0,0,1,0,0,0,0,1,0,0,0,1,0,0,0
0,0.0,0.0,1.3035430523015743,1.6767676831672331,2.355962843135416,1.1025353725949685,1,2.5,1,1,0,0,1,0,1,0,0,0,0,0,0,0,0,0,0
1,1.5294117647058822,0.0,0.0,0.0,0.0,0.0,1,2.5,0,1,0,0,1,0,1,0,0,0,0,0,1,0,0,0,0
0,-0.1764705882352941,1.1404645975636212,1.23121853831492,1.8599563818858265,0.0,1.5672465286280344,1,1.0,1,0,0,0,1,0,0,0,1,0,0,0,0,0,0,0,0
0,0.0588235294117647,0.0,1.5450737371201342,1.115137621272999,0.4878209905931642,1.9622283561114784,0,0.5,1,1,0,0,1,1,0,0,0,0,0,0,0,0,0,0,0
0,1.6470588235294117,1.0062954995527402,0.3899649883623831,2.265455323259516,0.0,0.3733048224778867,1,0.0,1,0,0,0,1,0,0,0,0,1,0,0,0,1,0,0,0
1,0.0588235294117647,0.0,0.0,0.0,0.0,0.0,0,0.0,0,0,1,0,1,0,0,0,0,1,0,0,0,0,0,0,1
0,-0.5294117647058824,1.550714306693425,0.0,0.0,0.8069412630618639,1.5447585759579026,1,0.0,1,0,0,1,0,0,0,0,0,1,0,0,0,0,0,0,1
1,-0.0588235294117647,0.0,0.0,0.0,0.0,0.0,0,0.0,0,0,0,1,0,0,0,0,0,0,1,0,1,0,0,0,0
1,-0.4117647058823529,0.0,0.0,0.0,0.0,0.0,0,0.0,0,0,0,1,0,0,0,0,0,0,1,0,0,1,0,0,0
0,-0.6470588235294118,0.0,0.7376843479474341,0.0,1.4307177462051843,1.7570763514586227,0,0.5,1,0,0,0,1,0,0,0,0,1,0,0,0,1,0,0,0
1,1.9411764705882355,0.0,0.0,0.0,0.0,0.0,1,0.0,0,0,0,0,1,0,0,0,0,0,1,0,1,0,0,0,0
0,0.8823529411764706,0.0,1.5479412128412753,0.0,0.0,1.2891877838339116,0,1.0,1,0,0,0,1,0,0,0,0,1,0,0,1,0,0,0,0
0,-0.4117647058823529,0.6648277947394572,1.5961559281168942,0.0,0.0,0.0,1,0.0,1,0,0,1,0,0,0,0,0,1,0,0,0,0,0,1,0
0,-0.7058823529411765,1.1084807244933503,0.9838407552852332,2.513537471122921,1.756738190012949,1.547352006996258,0,0.0,1,0,0,0,0,0,0,0,0,0,1,0,1,0,0,0,0
0,0.5882352941176471,1.6777802942193778,0.0,2.3527817960422763,1.0386440953455376,0.0,0,1.0,1,0,1,0,1,0,0,0,0,1,0,0,0,0,0,0,1
0,0.2941176470588235,0.0,2.2334414793243726,0.0,1.286016352795763,1.568044403309725,0,0.0,1,1,0,0,0,1,0,0,0,0,0,0,0,0,0,0,0
1,0.0588235294117647,0.0,0.0,0.0,0.0,0.0,0,0.0,0,0,1,0,1,0,0,0,0,1,0,0,0,1,0,0,0
1,-0.2941176470588235,0.0,0.0,0.0,0.0,0.0,1,3.5,0,0,0,0,1,0,0,0,0,0,1,0,0,0,0,0,0
0,-0.3529411764705882,0.0,0.0,0.0,0.0,0.0,1,0.0,0,0,0,0,1,0,0,0,0,0,1,0,0,1,0,0,0
0,0.3529411764705882,0.0,0.0,2.071528476416675,0.0,1.2262793907866665,0,0.0,1,0,0,0,1,0,0,0,0,1,0,0,1,0,0,0,0
1,-0.2941176470588235,0.0,0.0,0.0,0.0,0.0,1,0.0,0,0,0,1,0,0,0,0,0,0,1,0,0,0,0,1,0
1,0.3529411764705882,0.0,0.0,0.0,0.0,0.0,0,0.0,0,0,0,0,1,0,0,0,0,0,1,0,0,0,0,1,0
0,1.2941176470588236,0.6160483210529383,1.2582475796541028,0.0,0.34753068574288,2.415546215844049,0,0.0,1,1,0,0,0,0,1,0,0,0,0,0,0,0,0,0,0
1,-0.2941176470588235,0.0,0.0,0.0,0.0,0.0,0,0.5,0,1,0,0,1,0,1,0,0,0,0,0,0,0,0,0,0
0,2.294117647058824,1.5710638952011906,1.908959937114886,0.0,1.7734131632565246,0.0,0,0.5,1,1,0,0,1,0,0,0,1,0,0,0,1,0,0,0,0
1,-0.4117647058823529,0.0,0.0,0.0,0.0,0.0,0,1.0,0,0,1,0,1,0,0,0,0,1,0,0,0,0,0,0,0
0,-0.0588235294117647,1.8570903166814177,1.2486367328311447,1.051137919266633,0.0,1.6835283578364155,0,0.0,1,0,1,0,1,0,0,0,0,1,0,0,0,0,1,0,0
0,0.1176470588235294,0.2939297479087193,0.5323850333776358,0.0,1.995576702294684,1.3598378909961868,0,0.5,1,1,0,0,0,0,0,1,0,0,0,0,0,0,0,0,0
0,1.1176470588235294,0.0,1.960072466666813,2.116395725424803,2.104495642300861,0.0,1,1.5,1,1,0,0,1,1,0,0,0,0,0,0,0,0,0,0,0
0,0.3529411764705882,1.8500112634070505,0.0,2.300679832694561,0.9598036371658886,0.5239995654055677,1,0.5,1,0,0,0,0,0,0,0,0,1,0,0,0,0,0,0,1
0,-0.4705882352941176,0.0,0.0,0.2210647294575037,1.6217789395191389,0.0,0,0.0,1,0,0,0,1,0,0,0,0,1,0,0,1,0,0,0,0
1,0.3529411764705882,0.0,0.0,0.0,0.0,0.0,0,0.5,0,0,0,0,1,0,0,0,0,0,1,0,0,0,0,1,0
0,-1.2352941176470589,0.0,0.0,0.0,0.0,0.0,1,0.0,0,0,0,0,0,0,0,0,0,0,1,0,1,0,0,0,0
1,-1.411764705882353,0.0,0.0,0.0,0.0,0.0,0,0.5,0,0,0,1,0,0,0,0,0,0,1,0,1,0,0,0,0
0,-0.1764705882352941,0.0,0.0,1.1843657844554036,0.0,1.7115886123994788,0,3.5,1,0,0,1,0,0,0,0,0,0,1,0,0,0,0,1,0
1,-0.7647058823529411,0.0,0.0,0.0,0.0,0.0,1,2.0,0,0,0,0,0,0,0,0,0,0,1,0,0,1,0,0,0
1,0.1176470588235294,0.0,0.0,0.0,0.0,0.0,0,1.0,0,0,0,1,0,0,0,0,0,0,1,0,0,0,0,1,0
0,-0.7058823529411765,1.8172672068834128,0.5579137673194251,0.0,1.7878483411357504,1.0934062777324662,0,2.0,1,0,1,0,1,0,0,0,1,0,0,0,1,0,0,0,0
0,-0.5882352941176471,0.9660880391837954,0.0,2.207517446209039,0.0,0.0,1,0.0,1,0,1,0,1,0,0,0,1,0,0,0,0,0,0,0,0
0,0.4705882352941176,1.4107719774829972,0.0,2.079615103237058,0.0,0.0,0,0.0,1,0,0,0,1,0,0,0,0,1,0,0,1,0,0,0,0
0,0.5294117647058824,0.0,2.2998227029538367,1.4718957201053704,1.8996400447200008,0.1866524112389433,0,0.0,1,1,0,0,0,0,1,0,0,0,0,0,0,0,0,0,0
0,-0.4705882352941176,0.0,1.9940658535139923,0.0,0.0,1.0064890491274203,0,0.5,1,1,0,0,1,1,0,0,0,0,0,0,0,0,0,0,0
0,1.0,1.296044750119841,2.0481462027792032,0.0,0.0,0.6906959960353908,1,0.5,1,1,0,0,1,0,0,0,1,0,0,0,0,1,0,0,0
1,-0.4705882352941176,0.0,0.0,0.0,0.0,0.0,0,0.0,0,0,0,0,1,0,0,0,0,0,1,0,0,0,0,0,0
1,0.5882352941176471,0.0,0.0,0.0,0.0,0.0,1,1.0,0,0,1,0,1,0,0,0,0,1,0,0,0,0,0,0,1
0,-1.3529411764705883,0.0,0.0,0.0,0.0,0.0,1,1.5,0,0,1,0,1,0,0,0,0,1,0,0,0,0,1,0,0
0,0.1176470588235294,1.8208464761373715,0.1679487789570419,1.5714440358797148,0.0,0.0,0,1.0,1,0,1,0,1,0,0,0,0,1,0,0,0,0,0,0,0
0,0.8823529411764706,0.2939297479087193,1.9419446091958008,0.0,1.1280590791547451,0.6457112531348923,1,0.0,1,1,0,0,1,0,0,0,1,0,0,0,0,0,0,0,0
1,1.8235294117647056,0.0,0.0,0.0,0.0,0.0,1,0.0,0,0,0,0,0,0,0,0,0,0,1,0,1,0,0,0,0
1,-0.7647058823529411,0.0,0.0,0.0,0.0,0.0,0,0.5,0,0,0,0,1,0,0,0,0,0,1,0,1,0,0,0,0
0,-0.1176470588235294,0.0,1.6732562189723836,0.0,0.0,0.0,1,0.0,1,0,0,0,1,0,0,0,1,0,0,0,0,0,0,0,0
0,0.0588235294117647,0.0,0.0,0.0,1.646554068590243,0.0,0,0.0,1,0,0,0,0,0,0,0,0,0,1,0,0,0,1,0,0
1,-0.2941176470588235,0.0,0.0,0.0,0.0,0.0,1,0.0,0,0,0,0,1,0,0,0,0,0,1,0,0,0,1,0,0
0,1.1764705882352942,1.2266914807671925,1.462969304270951,1.544951689545088,0.8167735192693216,1.083956799122398,1,0.0,1,0,0,1,0,0,0,0,0,0,1,0,0,0,0,0,0
0,-0.4705882352941176,0.0,0.3899649883623831,0.0,1.877102960059631,0.3733048224778867,1,0.0,1,0,0,0,1,0,0,0,0,0,1,0,0,0,1,0,0
0,-0.2941176470588235,1.4729315584775635,0.0,0.0,1.6283007101849412,0.1866524112389433,0,0.0,1,0,0,0,1,0,0,0,0,0,1,0,0,0,1,0,0
0,0.1764705882352941,0.8611985952751386,1.9014093324887096,1.4655169276952102,0.0,2.3123537565858285,1,0.0,1,1,0,0,0,0,0,0,0,1,0,0,1,0,0,0,0
0,0.2941176470588235,1.072147512886105,1.9961241520229835,0.0,0.7748946642242507,0.4824894837218527,1,0.0,1,1,0,0,0,0,0,0,0,0,0,0,0,0,0,0,0
0,0.7058823529411765,0.0,2.2729266397162835,0.8416718857933595,0.924766660145252,0.3733048224778867,1,0.5,1,1,0,0,1,0,1,0,0,0,0,0,0,0,0,0,0
1,0.7647058823529411,0.0,0.0,0.0,0.0,0.0,0,0.5,0,0,1,0,0,0,0,1,0,0,0,0,0,0,0,0,0
1,-0.0588235294117647,0.0,0.0,0.0,0.0,0.0,0,1.5,0,0,0,0,1,0,0,0,0,0,1,0,0,0,0,1,0
0,0.2941176470588235,1.6043290876450078,1.9923805148215008,0.5714440358797147,1.516018141074016,1.1156737103713863,1,0.0,1,1,0,0,1,0,1,0,0,0,0,0,0,0,0,0,0
0,-0.2941176470588235,0.0,0.0,0.0,0.7510013172738119,1.7952948462222642,0,0.0,1,0,0,0,1,0,0,0,0,1,0,0,0,0,1,0,0
0,0.7058823529411765,1.3802866026409184,0.0,2.0710463463340734,0.17376534287144,1.7939209528946942,0,0.0,1,0,1,1,0,0,0,0,0,1,0,0,0,0,0,0,0
0,-1.588235294117647,0.0,0.0,0.0,0.0,0.0,1,0.5,0,0,0,0,1,0,0,0,0,0,1,0,0,0,0,1,0
1,0.5882352941176471,0.0,0.0,0.0,0.0,0.0,1,0.5,0,1,0,0,1,1,0,0,0,0,0,0,0,0,0,0,0
0,1.8235294117647056,0.0,1.3555922481891058,0.0,1.178365295755183,1.7203278382086984,1,1.0,1,0,0,0,1,0,0,0,0,1,0,0,0,0,0,0,1
0,0.4117647058823529,1.4537726868566387,0.0,1.6001559854028116,0.69506137148576,0.1866524112389433,0,0.0,1,0,0,0,1,0,0,0,0,0,1,0,0,0,1,0,0
1,0.8823529411764706,0.0,0.0,0.0,0.0,0.0,0,3.0,0,0,0,1,0,0,0,0,0,1,0,0,0,0,0,1,0
0,-0.7647058823529411,0.5878594958174387,0.0,0.0,0.0,1.3938465821043071,0,0.0,1,0,0,0,0,0,0,0,0,0,1,0,0,1,0,0,0
0,-0.1176470588235294,0.0,0.0,2.0929536595394587,0.17376534287144,0.0,0,0.0,1,0,0,1,0,0,0,0,0,0,1,0,0,0,0,1,0
0,1.0,0.0,1.2897593057368426,1.566788055541117,1.358876078720097,1.4572616216002845,0,0.0,1,0,0,0,1,0,0,0,1,0,0,0,1,0,0,0,0
0,2.0588235294117645,0.9434650155718534,1.978596133654215,0.0,1.4988492546243088,0.0,0,0.0,1,1,0,0,1,1,0,0,0,0,0,0,0,0,0,0,0
0,0.0588235294117647,0.5206212286759118,1.969761341971764,2.640797164036955,1.72868144300731,0.0,1,1.0,1,1,0,0,0,0,1,0,0,0,0,0,0,0,0,0,0
0,-0.2352941176470588,1.5906757995740617,1.618154751358155,1.2662411856421156,1.6256357909529595,1.9344907237623472,1,1.0,1,1,0,0,1,0,1,0,0,0,0,0,1,0,0,0,0
0,-1.2352941176470589,0.0,0.0,0.0,0.0,0.0,0,1.0,0,0,0,0,1,0,0,0,0,0,1,0,0,0,0,1,0
0,0.7647058823529411,0.2939297479087193,1.0524991474941336,0.0,1.3307317440823645,0.0,1,0.5,1,1,0,0,1,0,1,0,0,0,0,0,0,0,0,0,0
0,-0.9411764705882352,0.0,0.0,0.0,0.0,0.0,0,1.0,0,0,0,0,1,0,0,0,0,0,1,0,0,1,0,0,0
1,-1.5294117647058822,0.0,0.0,0.0,0.0,0.0,1,2.0,0,0,0,0,1,0,0,0,0,0,1,0,0,0,0,0,0
1,0.0,0.0,0.0,0.0,0.0,0.0,0,0.5,0,1,0,0,0,0,1,0,0,0,0,0,0,0,0,0,0
0,0.2352941176470588,1.814247463918594,0.0,0.0,0.5508231047523734,0.0,0,0.0,1,0,0,0,1,0,0,0,0,0,1,0,1,0,0,0,0
0,0.4117647058823529,0.0,2.152798133744397,0.0,1.420518764168271,2.081600856640043,1,2.0,1,1,0,0,0,0,1,0,0,0,0,0,0,0,0,0,0
0,0.6470588235294118,0.0,1.5848841808717693,0.0,2.051988708811397,0.0,0,0.5,1,1,0,0,0,1,0,0,0,0,0,0,0,0,0,0,0
0,0.7058823529411765,0.0,0.8241062840082429,1.8104813504132309,0.6615863334646042,1.688157970573575,0,0.5,1,0,0,0,1,0,0,0,0,1,0,0,0,0,0,1,0
0,1.0,0.0,0.0,0.5714440358797147,0.8608676205267983,1.7925400139295131,0,0.0,1,0,0,0,1,0,0,0,0,0,1,0,0,1,0,0,0
0,0.2352941176470588,1.3221185731442189,2.010787054698373,0.8416718857933595,1.3665230018306789,1.895657394932308,1,0.5,1,1,0,0,0,1,0,0,0,0,0,0,0,0,0,0,0
0,-0.7647058823529411,1.5755480178147785,0.0,2.4422801458957952,0.17376534287144,0.5916741449658187,0,0.0,1,0,0,0,1,0,0,0,0,1,0,0,0,0,0,0,0
0,0.2941176470588235,0.0,1.3319576520727086,0.0,0.0,1.7921936698199494,1,0.0,1,0,0,0,1,0,0,0,0,0,1,0,0,0,1,0,0
0,-0.0588235294117647,0.7733085192328075,0.0,2.3495744378842383,0.0,0.0,1,0.0,1,0,1,0,1,0,0,0,0,1,0,0,1,0,0,0,0
1,1.4705882352941178,0.0,0.0,0.0,0.0,0.0,1,2.0,0,1,0,0,1,1,0,0,0,0,0,0,0,0,0,0,0
0,0.5882352941176471,1.620470676060014,0.0,0.350379306422211,1.3218903603050003,1.5438885186321232,1,0.0,1,0,0,0,0,0,0,0,0,1,0,0,0,1,0,0,0
0,-1.3529411764705883,0.0,0.0,0.0,0.0,0.0,1,0.5,0,0,0,0,0,0,0,0,0,0,1,0,0,0,0,1,0
0,-0.4705882352941176,0.0,1.6280092983480232,0.5714440358797147,1.0091170192074843,0.0,1,0.0,1,0,0,0,1,0,0,0,0,0,1,0,0,1,0,0,0
0,0.9411764705882352,0.1854490234153689,0.0,1.7113653049529662,0.5212960286143199,1.764859624723062,1,0.0,1,0,0,0,1,0,0,0,0,0,1,0,0,1,0,0,0
0,1.2352941176470589,0.0,1.815487358025662,0.0,0.0,0.4824894837218527,0,0.0,1,0,0,0,1,0,0,0,0,0,1,0,1,0,0,0,0
1,-0.7058823529411765,0.0,0.0,0.0,0.0,0.0,0,1.0,0,1,0,0,0,1,0,0,0,0,0,0,0,0,0,0,0
1,1.6470588235294117,0.0,0.0,0.0,0.0,0.0,0,0.5,0,0,1,0,1,0,0,0,1,0,0,0,1,0,0,0,0
1,-0.6470588235294118,0.0,0.0,0.0,0.0,0.0,1,0.0,0,0,0,1,0,0,0,0,0,0,1,0,0,0,1,0,0
0,2.7058823529411766,1.392313184027989,0.1679487789570419,2.147856508795144,1.9730707750728265,2.039972435025588,1,1.5,1,1,0,0,0,0,0,0,0,0,0,0,0,0,0,0,0
0,0.7058823529411765,0.0,1.0294055985780417,1.0847404419957667,1.5172006451459996,0.7928859131524942,1,0.0,1,0,0,1,0,0,0,0,0,1,0,0,1,0,0,0,0
0,-0.9411764705882352,0.0,0.0,0.0,0.0,0.0,0,2.0,0,0,0,0,1,0,0,0,0,0,1,0,0,1,0,0,0
0,-0.1764705882352941,1.0817037568161083,0.7597267070563035,1.803859749472954,1.825545946809574,0.0,0,0.0,1,0,0,0,1,0,0,0,0,0,1,0,0,0,1,0,0
1,-1.4705882352941178,0.0,0.0,0.0,0.0,0.0,1,1.5,0,0,0,1,0,0,0,0,0,0,1,0,0,1,0,0,0
0,0.5294117647058824,0.0,1.7378703739608137,0.0,1.9138550434173331,2.484828773922769,0,0.0,1,1,0,0,0,0,0,0,0,0,0,0,0,0,0,0,0
0,-0.4117647058823529,1.613488049013553,1.4959013998364108,0.0,1.736672251734134,1.475840195072855,0,0.0,1,0,0,0,1,0,0,0,0,1,0,0,0,0,0,1,0
0,-1.3529411764705883,0.0,0.0,0.0,0.0,0.0,1,1.0,0,0,0,0,0,0,0,0,0,0,1,0,0,0,0,1,0
0,0.4117647058823529,0.9801726798454278,0.0,2.043865607693504,0.0,1.6167417675658091,0,0.0,1,0,1,0,1,0,0,0,1,0,0,0,1,0,0,0,0
1,0.0588235294117647,0.0,0.0,0.0,0.0,0.0,1,0.0,0,0,1,0,1,0,0,0,0,1,0,0,0,0,0,1,0
0,1.0588235294117647,0.0,0.947878755681808,0.0,2.128316858507473,2.226831907026801,1,0.5,1,1,0,1,0,0,0,0,0,1,0,0,1,0,0,0,0
0,-1.1176470588235294,0.0,0.0,0.0,0.0,0.0,1,1.0,0,0,0,0,0,0,0,0,0,0,1,0,0,0,0,1,0
1,-0.0588235294117647,0.0,0.0,0.0,0.0,0.0,1,0.0,0,0,1,0,1,0,0,0,1,0,0,0,0,0,0,0,0
1,0.0,0.0,0.0,0.0,0.0,0.0,0,3.5,0,0,0,0,1,0,0,0,0,0,1,0,0,1,0,0,0
0,-0.4705882352941176,0.0,1.7248835596091936,0.0,1.9000246375826044,0.0,0,1.0,1,1,0,0,1,0,1,0,0,0,0,0,0,0,0,0,0
0,0.7058823529411765,0.0,0.2661925166888179,0.0,1.0650569649955364,1.812223904533515,1,3.5,1,0,0,0,1,0,0,0,0,0,1,0,0,1,0,0,0
0,-1.5294117647058822,0.0,0.0,0.0,0.0,0.0,0,1.5,0,0,1,0,1,0,0,0,0,1,0,0,0,0,0,0,1
0,1.9411764705882355,0.0,1.664102442085916,1.2279236817437833,1.692436317149853,2.6242578599229223,1,0.0,1,1,0,0,1,0,1,0,0,0,0,0,0,0,0,0,0
1,0.5294117647058824,0.0,0.0,0.0,0.0,0.0,0,0.5,0,0,1,0,1,0,0,0,0,1,0,0,0,0,0,0,1
0,0.2352941176470588,2.033326306325322,0.0,0.0,0.0,0.0,1,0.5,1,0,1,0,0,0,0,0,0,1,0,0,0,0,0,0,1
0,-1.588235294117647,0.0,0.0,0.0,0.0,0.0,1,1.5,0,0,0,0,1,0,0,0,0,0,1,0,1,0,0,0,0
0,0.8823529411764706,1.8944606184703057,0.8938113252335089,0.4421294589150075,0.34753068574288,0.0,0,0.0,1,0,0,1,0,0,0,0,0,1,0,0,0,0,1,0,0
0,0.1176470588235294,0.0,2.121199721047736,0.0,1.8100783940068352,1.2117200338389342,1,0.5,1,1,0,0,1,1,0,0,0,0,0,0,0,0,0,0,0
0,1.8235294117647056,0.0,1.6768708887518016,0.0,1.7603420673292018,0.819836637888477,1,0.0,1,1,0,0,1,0,0,0,1,0,0,0,1,0,0,0,0
0,-1.588235294117647,0.0,0.0,0.0,0.0,0.0,1,1.0,0,0,0,0,1,0,0,0,0,0,1,0,1,0,0,0,0
1,-0.5882352941176471,0.0,0.0,0.0,0.0,0.0,0,2.5,0,1,0,0,0,0,1,0,0,0,0,0,0,0,0,0,0
1,-1.588235294117647,0.0,0.0,0.0,0.0,0.0,0,1.0,0,0,0,0,0,0,0,0,0,0,1,0,0,1,0,0,0
0,-0.5882352941176471,1.612844134415325,0.0,1.576033021366915,0.8441487332812818,1.3892433502153756,0,0.0,1,0,0,1,0,0,0,0,0,0,1,0,1,0,0,0,0
0,1.411764705882353,1.811193248257628,0.8158919763281912,1.7959566798794595,1.2643382520577304,1.928499534760592,0,0.0,1,0,1,0,1,0,0,0,0,1,0,0,0,0,0,0,1
1,0.2941176470588235,0.0,0.0,0.0,0.0,0.0,1,0.0,0,0,1,0,1,0,0,0,0,1,0,0,0,0,1,0,0
0,-0.4117647058823529,0.0,0.0,0.700758612844422,0.17376534287144,1.903793437010875,0,0.0,1,0,0,1,0,0,0,0,0,1,0,0,0,0,0,0,1
0,0.0588235294117647,0.0,1.9792150327659936,0.2210647294575037,2.001200708959137,2.0769466225372346,1,1.0,1,1,0,0,1,0,0,0,0,0,0,0,0,0,0,0,0
0,0.2352941176470588,1.8246707336873764,0.0,2.290175233800149,1.483135052320673,0.0,0,1.0,1,0,1,0,1,0,0,0,0,1,0,0,0,0,0,1,0
1,-0.2352941176470588,0.0,0.0,0.0,0.0,0.0,0,0.5,0,0,0,1,0,0,0,0,0,0,1,0,0,0,0,1,0
1,0.5882352941176471,0.0,0.0,0.0,0.0,0.0,0,0.0,0,0,0,0,1,0,0,0,0,0,1,0,0,0,1,0,0
1,-0.5294117647058824,0.0,0.0,0.0,0.0,0.0,0,1.5,0,0,1,0,1,0,0,0,0,1,0,0,0,0,1,0,0
0,-1.2352941176470589,0.0,0.0,0.0,0.0,0.0,0,2.0,0,1,0,0,1,1,0,0,0,0,0,0,0,0,0,0,0
1,-0.4117647058823529,0.0,0.0,0.0,0.0,0.0,1,2.0,0,0,1,0,1,0,0,0,1,0,0,0,1,0,0,0,0
0,0.4705882352941176,0.0,0.0,0.0,0.0,0.0,0,0.0,0,0,0,0,1,0,0,0,0,0,1,0,1,0,0,0,0
0,0.3529411764705882,0.7060702520912806,0.0,2.1982632294952498,0.0,0.0,1,0.0,1,0,0,0,1,0,0,0,1,0,0,0,0,0,0,0,0
1,-0.4705882352941176,0.0,0.0,0.0,0.0,0.0,1,0.5,0,0,1,0,1,0,0,0,0,1,0,0,0,0,0,0,0
0,0.2352941176470588,1.779604018785548,0.0,0.0,0.0,0.1866524112389433,0,0.0,1,0,0,0,1,0,0,0,0,0,1,0,0,0,0,1,0
1,0.0588235294117647,0.0,0.0,0.0,0.0,0.0,0,0.0,0,0,0,1,0,0,0,0,0,0,1,0,0,0,0,1,0
0,1.588235294117647,1.2786372208323962,0.0,0.0,1.6313120424710026,0.0,1,0.0,1,0,0,0,1,0,0,0,1,0,0,0,1,0,0,0,0
0,-0.0588235294117647,0.0,1.7934578543322524,0.0,1.5461371664798822,1.460844146831354,1,0.0,1,1,0,0,1,0,0,0,1,0,0,0,0,0,0,0,0
0,1.0588235294117647,1.9732230323227584,0.0,0.0,0.0,0.7106519766445111,0,0.0,1,0,0,0,1,0,0,0,1,0,0,0,1,0,0,0,0
1,2.0,0.0,0.0,0.0,0.0,0.0,1,0.0,0,0,0,0,1,0,0,0,0,0,1,0,0,1,0,0,0
0,-0.4117647058823529,1.6930166199749566,0.0,1.4131159216730742,1.185110735848657,0.0,1,0.0,1,0,0,0,1,0,0,0,0,0,1,0,0,0,1,0,0
0,-0.1764705882352941,1.504685560937922,0.0,0.0,0.0,1.668045019684251,0,0.0,1,0,0,0,1,0,0,0,0,1,0,0,0,0,0,1,0
1,0.0,0.0,0.0,0.0,0.0,0.0,1,0.0,0,1,0,0,1,0,0,0,1,0,0,0,1,0,0,0,0
0,0.5882352941176471,0.0,1.9530597490952728,0.0,1.1335689800373283,0.5239995654055677,1,0.0,1,1,0,0,0,0,0,0,0,1,0,0,1,0,0,0,0
1,-0.0588235294117647,0.0,0.0,0.0,0.0,0.0,1,0.0,0,0,0,0,1,0,0,0,0,0,1,0,0,1,0,0,0
1,-0.7647058823529411,0.0,0.0,0.0,0.0,0.0,1,1.5,0,1,0,0,0,0,1,0,0,0,0,0,0,0,0,0,0
1,-1.5294117647058822,0.0,0.0,0.0,0.0,0.0,1,1.0,0,0,0,0,1,0,0,0,0,0,1,0,0,0,0,1,0
0,-0.1764705882352941,1.5373758992586566,1.3155243135837753,1.2539731735908168,0.0,0.0,1,0.0,1,0,0,1,0,0,0,0,0,1,0,0,0,0,0,0,1
0,0.2941176470588235,0.0,0.0,0.0,0.0,0.0,1,0.0,0,1,0,0,1,0,0,0,0,0,0,0,0,0,0,0,0
0,-0.2941176470588235,0.0,1.6050035229777286,0.9390669465144929,0.0,0.7928859131524942,1,0.0,1,0,0,0,1,0,0,0,1,0,0,0,1,0,0,0,0
0,0.5882352941176471,0.9009078313168304,0.7894331112229788,1.051137919266633,1.6779519772797615,0.3733048224778867,0,0.0,1,0,0,0,1,0,0,0,0,0,1,0,1,0,0,0,0
0,0.2941176470588235,0.0,1.1276493363098172,0.350379306422211,0.0,1.8007213776252733,0,0.0,1,0,0,0,1,0,0,0,0,0,1,0,0,0,1,0,0
0,-1.588235294117647,0.0,0.0,0.0,0.0,0.0,1,2.5,0,0,0,0,1,0,0,0,0,0,1,0,0,0,0,1,0
1,1.7058823529411764,0.0,0.0,0.0,0.0,0.0,1,1.0,0,1,0,0,0,0,1,0,0,0,0,0,0,0,0,0,0
0,-1.1764705882352942,0.0,0.0,0.0,0.0,0.0,1,2.5,0,0,0,0,1,0,0,0,0,0,1,0,0,0,0,0,0
0,0.6470588235294118,1.895359179806681,0.4341412956458598,2.401859424207621,2.0966681252972705,0.0,0,0.0,1,0,1,0,1,0,0,0,0,1,0,0,0,0,0,1,0
0,1.5294117647058822,1.424152084791045,1.202491648501454,1.8953309959672997,0.9184197287740684,0.1866524112389433,1,0.0,1,0,1,0,1,0,0,1,0,0,0,0,0,0,0,0,0
1,-0.5294117647058824,0.0,0.0,0.0,0.0,0.0,1,0.0,0,0,0,1,0,0,0,0,0,1,0,0,1,0,0,0,0
0,0.0588235294117647,0.0,0.3358975579140839,2.1719518459060745,0.0,0.0,1,0.5,1,0,0,0,1,0,0,0,0,0,1,0,0,0,0,0,0
0,-0.1764705882352941,0.7245290455462887,1.588355570771908,0.0,0.0,0.0,0,0.0,1,0,0,0,1,0,0,0,0,1,0,0,1,0,0,0,0
0,-0.8235294117647058,2.145442348336462,0.5810073162355173,1.206887773765796,0.0,0.0,0,0.5,1,0,1,0,1,0,0,1,0,0,0,0,0,0,0,0,0
0,-0.4705882352941176,1.0466476186905076,1.5806517785774106,0.0,0.0,1.0367774026065846,0,0.0,1,0,0,0,1,0,0,0,0,1,0,0,0,0,0,0,1
0,-1.2941176470588236,0.0,0.0,0.0,0.0,0.0,0,1.0,0,0,1,0,1,0,0,0,1,0,0,0,0,0,0,0,0
0,0.4117647058823529,1.965053042200917,1.4989113624011312,1.4622790421292151,1.0264128696499986,0.0,1,0.0,1,0,1,0,1,0,0,0,0,1,0,0,0,0,1,0,0
0,0.2941176470588235,0.0,0.0,0.0,0.0,0.0,0,1.5,0,0,1,0,1,0,0,0,0,1,0,0,1,0,0,0,0
1,-0.2941176470588235,0.0,0.0,0.0,0.0,0.0,1,0.0,0,0,0,0,1,0,0,0,0,0,1,0,0,1,0,0,0
1,-0.4705882352941176,0.0,0.0,0.0,0.0,0.0,1,0.0,0,0,1,0,1,0,0,0,0,1,0,0,1,0,0,0,0
1,0.9411764705882352,0.0,0.0,0.0,0.0,0.0,0,2.0,0,1,0,0,1,0,0,1,0,0,0,0,0,0,0,0,0
1,0.1176470588235294,0.0,0.0,0.0,0.0,0.0,1,2.0,0,0,1,0,0,0,0,0,0,1,0,0,0,0,0,0,1
0,0.0588235294117647,0.0,0.0,0.0,0.0,0.0,0,1.5,0,1,0,0,0,0,1,0,0,0,0,0,0,0,0,0,0
0,0.7058823529411765,1.517877139118874,0.0,1.4168902732846578,1.4006695923521093,0.0,1,0.0,1,0,0,0,1,0,0,0,0,1,0,0,0,1,0,0,0
1,0.0,0.0,0.0,0.0,0.0,0.0,0,0.0,0,1,0,0,1,1,0,0,0,0,0,0,0,0,0,0,0
0,0.0588235294117647,0.0,1.964199311180563,0.0,1.601551004208232,1.1994778117249834,1,0.0,1,1,0,0,1,0,1,0,0,0,0,0,0,0,0,0,0
1,0.8823529411764706,0.0,0.0,0.0,0.0,0.0,1,0.0,0,0,1,0,1,0,0,0,1,0,0,0,1,0,0,0,0
0,0.3529411764705882,0.0,1.6742254157467462,2.46607669789403,0.0,0.915882961356025,0,0.5,1,1,0,0,0,0,1,0,0,0,0,0,0,0,0,0,0
1,0.8823529411764706,0.0,0.0,0.0,0.0,0.0,1,1.0,0,0,1,0,1,0,0,0,0,1,0,0,0,0,1,0,0
0,0.6470588235294118,1.8160633965896351,0.0,2.0501091151844903,0.0,0.0,1,0.0,1,0,1,0,1,0,0,0,0,1,0,0,1,0,0,0,0
0,-0.0588235294117647,0.5878594958174387,2.113431821613,0.0,0.34753068574288,1.7844591757525936,1,0.5,1,1,0,0,0,0,1,0,0,0,0,0,0,0,0,0,0
0,-0.3529411764705882,1.703785469748197,0.0,0.0,1.2544412932048137,1.0741636286876712,0,0.0,1,0,0,0,1,0,0,0,0,0,1,0,0,1,0,0,0
1,-0.2941176470588235,0.0,0.0,0.0,0.0,0.0,1,1.5,0,0,1,0,1,0,0,0,0,1,0,0,0,0,1,0,0
0,0.5294117647058824,0.0,0.0,0.0,0.8840247249555756,1.731410987196846,1,0.0,1,0,0,0,0,0,0,0,0,1,0,0,1,0,0,0,0
0,0.0,1.13666954972885,1.9299585493204507,0.0,2.0934318470672704,2.2195592289939343,1,0.5,1,1,0,0,1,0,0,1,0,0,0,0,0,0,0,0,0
0,-0.1764705882352941,0.0,0.0,0.9858230443082924,0.0,1.7625481726932624,1,0.0,1,0,0,0,1,0,0,0,0,1,0,0,1,0,0,0,0
1,-0.1176470588235294,0.0,0.0,0.0,0.0,0.0,1,0.0,0,0,0,1,0,0,0,0,0,0,1,0,0,0,0,1,0
0,0.6470588235294118,1.5710638952011906,0.8614568196209993,0.0,1.423107672530726,1.4643796353599083,1,0.0,1,0,0,0,1,0,0,0,0,0,1,0,0,0,0,0,0
1,-1.0588235294117647,0.0,0.0,0.0,0.0,0.0,1,1.0,0,0,1,0,1,0,0,0,0,1,0,0,0,0,0,0,1
0,-0.3529411764705882,2.042409934345089,0.0,0.884258917830015,0.0,0.1866524112389433,0,0.0,1,0,1,0,1,0,0,0,1,0,0,0,0,0,0,0,0
0,0.5294117647058824,1.7661352641865335,0.0,0.350379306422211,0.0,0.0,1,0.0,1,0,0,1,0,0,0,0,0,1,0,0,0,1,0,0,0
0,-0.4705882352941176,0.0,0.3358975579140839,0.0,1.710532316676625,2.0898727845986307,1,0.5,1,1,0,0,1,1,0,0,0,0,0,0,1,0,0,0,0
1,1.6470588235294117,0.0,0.0,0.0,0.0,0.0,0,0.0,0,0,0,1,0,0,0,0,0,0,1,0,0,0,1,0,0
1,-0.7058823529411765,0.0,0.0,0.0,0.0,0.0,1,2.0,0,1,0,0,0,1,0,0,0,0,0,0,1,0,0,0,0
1,0.0,0.0,0.0,0.0,0.0,0.0,0,1.0,0,0,0,0,1,0,0,0,0,0,1,0,0,0,1,0,0
0,-0.2352941176470588,0.3708980468307378,0.0,0.0,1.8614659272509844,0.0,0,0.5,1,0,1,0,1,0,0,0,0,1,0,0,0,0,0,0,1
1,-0.5882352941176471,0.0,0.0,0.0,0.0,0.0,0,0.5,0,0,1,0,1,0,0,0,0,1,0,0,0,0,1,0,0
0,0.2352941176470588,1.694446078690184,0.0,1.84658614309754,0.0,0.0,1,1.0,1,0,0,0,1,0,0,0,0,0,1,0,0,0,0,0,0
1,1.2352941176470589,0.0,0.0,0.0,0.0,0.0,1,0.0,0,0,1,0,1,0,0,0,0,1,0,0,1,0,0,0,0
0,0.0,0.0,1.3661669679971282,1.526869900910774,1.622555071403596,0.4824894837218527,0,0.0,1,0,0,0,1,0,0,0,0,1,0,0,1,0,0,0,0
1,-0.1764705882352941,0.0,0.0,0.0,0.0,0.0,0,0.0,0,0,1,0,1,0,0,0,0,1,0,0,0,0,0,1,0
0,-0.7058823529411765,0.0,0.7597267070563035,2.8147268810845336,0.0,1.6901903010359487,0,1.5,1,1,0,0,1,1,0,0,0,0,0,0,0,0,0,0,0
0,-0.1764705882352941,0.0,1.7221211647153698,0.0,1.2406065886978297,0.0,1,0.5,1,0,0,0,1,0,0,0,0,1,0,0,1,0,0,0,0
0,0.0,0.0,1.8940066487995275,0.0,2.056832449860892,1.223429813845528,1,0.0,1,1,0,0,1,0,1,0,0,0,0,0,1,0,0,0,0
0,-0.4117647058823529,1.5770261784057906,0.0,1.1053236472875188,0.6430081763978817,1.6647273287476714,0,0.0,1,0,0,0,1,0,0,0,0,0,1,0,0,1,0,0,0
0,0.6470588235294118,1.1948375792255497,1.7065496925686827,2.1254732305017265,0.0,0.0,0,0.0,1,0,1,0,1,0,0,0,0,1,0,0,0,0,0,0,1
0,0.0,2.0131691654815733,0.0,2.1590350709182973,0.0,0.55995723371683,0,0.5,1,0,1,0,1,0,0,1,0,0,0,0,0,0,0,0,0
0,0.2352941176470588,1.7624752018211596,0.0,2.110481640934402,0.0,0.0,0,0.0,1,0,1,0,0,0,0,0,0,1,0,0,0,0,1,0,0
0,0.8235294117647058,1.1442065660635454,0.0,2.356549107978134,0.8688267143571999,0.0,0,0.5,1,0,1,0,1,0,0,1,0,0,0,0,0,0,0,0,0
0,-0.3529411764705882,0.0,1.379584866301971,0.350379306422211,0.0,1.9771076469510012,1,0.5,1,0,0,0,1,0,0,0,0,1,0,0,0,0,0,1,0
1,0.0588235294117647,0.0,0.0,0.0,0.0,0.0,1,0.0,0,0,0,0,1,0,0,0,0,0,1,0,0,1,0,0,0
1,-0.2941176470588235,0.0,0.0,0.0,0.0,0.0,0,0.0,0,0,0,0,1,0,0,0,0,0,1,0,1,0,0,0,0
0,1.588235294117647,1.7891117436264363,0.4341412956458598,0.0,0.0,0.0,0,0.0,1,0,0,0,0,0,0,0,0,1,0,0,0,0,0,1,0
0,-0.7647058823529411,1.70743181424824,0.5579137673194251,0.0,0.0,1.4171504132341712,1,0.0,1,0,0,0,0,0,0,0,1,0,0,0,1,0,0,0,0
0,-0.3529411764705882,1.8388901471096888,0.0,1.0135734947947224,0.34753068574288,0.0,1,0.0,1,0,0,0,1,0,0,0,1,0,0,0,0,0,0,0,0
0,0.8235294117647058,1.884371984494208,0.6214843322659369,0.8636757125382628,0.7860382942944486,0.0,1,0.0,1,0,1,0,1,0,0,0,0,1,0,0,0,1,0,0,0
1,1.1176470588235294,0.0,0.0,0.0,0.0,0.0,0,0.5,0,1,0,0,0,1,0,0,0,0,0,0,0,0,0,0,0
1,0.9411764705882352,0.0,0.0,0.0,0.0,0.0,0,0.0,0,0,1,0,1,0,0,0,1,0,0,0,1,0,0,0,0
1,-1.2352941176470589,0.0,0.0,0.0,0.0,0.0,1,1.0,0,0,0,0,1,0,0,0,0,0,1,0,0,0,0,0,0
0,-0.4705882352941176,0.4793787713240882,1.084853653106643,0.0,0.0,0.0,0,0.0,1,0,0,0,1,0,0,0,1,0,0,0,0,0,0,0,0
0,-0.5294117647058824,1.2694894447472582,1.183097390838419,2.1792519016850904,0.0,0.0,1,0.5,1,0,1,0,0,0,0,0,0,1,0,0,0,0,0,1,0
0,1.1176470588235294,1.8405467863743343,0.0,0.9709864627580668,0.0,0.4824894837218527,1,0.0,1,0,0,0,1,0,0,0,1,0,0,0,1,0,0,0,0
1,-0.7647058823529411,0.0,0.0,0.0,0.0,0.0,1,0.0,0,0,0,1,0,0,0,0,1,0,0,0,0,0,0,0,0
0,1.1764705882352942,1.6016536014849507,0.0,1.84167188579336,0.0,0.4824894837218527,0,1.0,1,0,0,0,1,0,0,0,0,0,1,0,0,0,0,1,0
0,1.4705882352941178,1.5169561523697683,1.3844310052547375,0.0,1.185110735848657,0.0,1,0.0,1,0,0,0,1,0,0,0,0,1,0,0,0,0,0,0,1
0,-1.411764705882353,0.0,0.0,0.0,0.0,0.0,1,1.0,0,0,1,0,1,0,0,0,0,1,0,0,0,0,0,0,1
0,-0.2941176470588235,0.0,0.0,2.1270962822942057,0.17376534287144,0.0,1,0.0,1,0,0,0,1,0,0,0,1,0,0,0,1,0,0,0,0
1,0.2941176470588235,0.0,0.0,0.0,0.0,0.0,0,1.0,0,1,0,0,1,1,0,0,0,0,0,0,0,0,0,0,0
0,1.1764705882352942,1.5132401706006129,1.5503723255828266,0.4421294589150075,0.0,1.740380781853637,1,0.0,1,0,0,0,1,0,0,0,0,1,0,0,0,0,0,1,0
1,-0.8823529411764706,0.0,0.0,0.0,0.0,0.0,0,1.0,0,0,0,0,1,0,0,0,0,0,1,0,0,1,0,0,0
1,0.7058823529411765,0.0,0.0,0.0,0.0,0.0,1,0.0,0,0,1,0,1,0,0,0,0,1,0,0,1,0,0,0,0
1,0.2352941176470588,0.0,0.0,0.0,0.0,0.0,0,0.0,0,1,0,0,1,0,1,0,0,0,0,0,0,0,0,0,0
0,-0.4705882352941176,0.1854490234153689,0.1679487789570419,0.0,0.0,2.011754084747084,0,1.5,1,0,0,0,1,0,0,0,0,0,1,0,0,1,0,0,0
1,-0.4705882352941176,0.0,0.0,0.0,0.0,0.0,0,2.0,0,0,0,0,1,0,0,0,0,0,1,0,0,0,1,0,0
1,0.0,0.0,0.0,0.0,0.0,0.0,0,0.0,0,0,0,1,0,0,0,0,0,0,1,0,1,0,0,0,0
0,1.2352941176470589,2.204261480354022,1.6530107222437715,1.5915936190939224,1.8749886062404235,1.8260202048412597,0,1.0,1,1,0,0,1,1,0,0,0,0,0,0,0,0,0,0,0
1,-0.5294117647058824,0.0,0.0,0.0,0.0,0.0,0,0.0,0,1,0,0,1,0,0,0,1,0,0,0,0,0,0,0,0
0,-0.3529411764705882,1.9933973724605087,1.8795247303165443,0.0,0.17376534287144,1.5664462828442505,1,0.0,1,0,0,0,0,0,0,0,0,1,0,0,1,0,0,0,0
1,-0.0588235294117647,0.0,0.0,0.0,0.0,0.0,1,0.5,0,0,0,0,1,0,0,0,0,0,1,0,0,0,0,0,0
1,0.8235294117647058,0.0,0.0,0.0,0.0,0.0,1,0.5,0,0,0,0,1,0,0,0,0,0,1,0,1,0,0,0,0
0,0.9411764705882352,0.0,2.3581789134481923,0.0,2.0999785759771195,1.854147313248593,0,0.0,1,1,0,0,0,0,1,0,0,0,0,0,0,0,0,0,0
1,-1.5294117647058822,0.0,0.0,0.0,0.0,0.0,1,1.0,0,0,0,0,1,0,0,0,0,0,1,0,0,0,1,0,0
0,-0.4705882352941176,1.1168422295742777,0.0,1.951238553386505,1.2947622536550285,0.5239995654055677,1,1.5,1,0,0,0,1,0,0,0,0,1,0,0,0,1,0,0,0
0,-0.1176470588235294,1.7523353883915305,2.062686491985691,0.0,1.251053533562515,0.0,0,0.0,1,1,0,0,0,0,0,1,0,0,0,0,0,0,0,0,0
0,0.0,0.6862429319367085,0.0,0.0,1.6979462180324367,0.0,0,1.0,1,0,0,0,1,0,0,0,0,0,1,0,0,0,1,0,0
1,-0.0588235294117647,0.0,0.0,0.0,0.0,0.0,0,0.0,0,0,0,0,1,0,0,0,0,0,1,0,0,0,1,0,0
1,0.7058823529411765,0.0,0.0,0.0,0.0,0.0,0,0.0,0,0,0,0,1,0,0,0,0,0,1,0,0,0,0,1,0
0,0.2352941176470588,0.0,0.0,1.6700531406587908,1.604899172821004,0.0,1,0.0,1,0,0,0,1,0,0,0,1,0,0,0,0,0,0,0,0
0,1.2941176470588236,1.7953762089155507,0.1679487789570419,2.0852023233058987,1.423964734556765,0.7106519766445111,0,0.0,1,0,0,0,1,0,0,0,0,0,1,0,0,1,0,0,0
0,0.0,0.0,0.0,0.0,1.580006062238673,1.2117200338389342,0,1.0,1,0,0,0,1,0,0,0,0,1,0,0,0,0,0,0,1
0,-0.1764705882352941,1.595534103508429,0.0,0.6631941883725112,1.508192835436404,0.0,0,0.5,1,0,0,0,1,0,0,0,0,1,0,0,1,0,0,0,0
0,-0.2941176470588235,0.0,1.3564913173858788,0.0,1.1569664012109244,0.906753866493523,1,0.0,1,0,0,0,1,0,0,0,0,0,1,0,1,0,0,0,0
1,-0.0588235294117647,0.0,0.0,0.0,0.0,0.0,1,0.0,0,0,0,1,0,0,0,0,0,0,1,0,0,0,1,0,0
1,0.5882352941176471,0.0,0.0,0.0,0.0,0.0,1,0.5,0,1,0,0,0,0,0,0,1,0,0,0,0,0,0,0,0
0,-0.1176470588235294,0.0,1.151789534242275,0.0,1.8823808475999344,2.236255214331568,1,0.0,1,1,0,0,1,0,0,0,0,0,0,0,0,0,0,0,0
0,1.1764705882352942,0.4305992976375693,1.6460491708718097,0.0,2.0040084027056437,2.2093009831987875,0,0.5,1,1,0,0,1,1,0,0,0,0,0,0,0,0,0,0,0
0,-0.1764705882352941,1.1041998909846389,1.4505105593306316,1.666642102914753,0.17376534287144,0.0,0,0.0,1,0,0,0,1,0,0,0,0,1,0,0,0,0,0,1,0
0,-0.3529411764705882,0.5206212286759118,1.1867410515389358,1.984559957552789,0.0,0.2958370724829093,0,0.0,1,0,0,0,1,0,0,0,0,1,0,0,1,0,0,0,0
0,0.0,0.0,0.7376843479474341,1.168416011586873,1.4755897648976253,1.6824886557414769,0,0.0,1,0,0,0,1,0,0,0,0,1,0,0,0,0,1,0,0
1,-1.0,0.0,0.0,0.0,0.0,0.0,1,0.0,0,0,0,0,1,0,0,0,0,0,1,0,0,1,0,0,0
1,1.2941176470588236,0.0,0.0,0.0,0.0,0.0,1,0.0,0,0,0,0,0,0,0,0,0,0,1,0,0,0,0,1,0
0,-1.588235294117647,0.0,0.0,0.0,0.0,0.0,1,2.5,0,1,0,0,1,0,1,0,0,0,0,0,1,0,0,0,0
0,-0.0588235294117647,0.1854490234153689,0.0,0.2210647294575037,0.69506137148576,1.817953535752485,0,0.0,1,0,0,0,1,0,0,0,0,1,0,0,0,0,0,0,1
0,1.0,1.892200922719752,0.1679487789570419,1.8673521681070544,0.0,0.0,1,0.0,1,0,0,0,1,0,0,0,0,1,0,0,1,0,0,0,0
0,0.9411764705882352,0.0,1.7622621212321048,0.0,1.11666209848346,1.3510656981184213,1,1.0,1,1,0,0,1,1,0,0,0,0,0,0,0,0,0,0,0
0,-0.2352941176470588,0.0,1.335897557914084,2.22286829122286,0.9052224502512914,0.0,1,0.0,1,0,0,0,0,0,0,0,0,1,0,0,0,0,0,0,1
0,0.8235294117647058,1.4846352544781076,1.1389210835549424,0.0,1.461996941879609,0.0,0,0.0,1,0,0,0,1,0,0,0,0,1,0,0,0,0,1,0,0
0,0.4117647058823529,0.0,1.9552683663820167,0.0,1.1618820567160562,1.9638820921671605,1,1.0,1,0,0,0,1,0,1,0,0,0,0,0,0,0,0,0,0
0,1.0,0.986946367883676,1.6262471169769892,0.0,0.5212960286143199,1.0064890491274203,0,0.0,1,0,0,0,1,0,0,0,0,0,1,0,0,1,0,0,0
0,0.3529411764705882,0.1854490234153689,1.867412576459215,0.0,0.6430081763978817,1.6167417675658091,0,0.0,1,1,0,0,1,0,0,1,0,0,0,0,0,0,0,0,0
0,0.4705882352941176,0.8716919553520774,1.6391613031293697,0.0,2.023220310169139,1.6510320465988515,0,0.0,1,1,0,0,1,0,1,0,0,0,0,0,0,0,0,0,0
1,-0.5294117647058824,0.0,0.0,0.0,0.0,0.0,0,1.5,0,1,0,0,0,1,0,0,0,0,0,0,0,0,0,0,0
1,0.9411764705882352,0.0,0.0,0.0,0.0,0.0,1,0.5,0,0,1,0,1,0,0,0,0,1,0,0,1,0,0,0,0
0,1.8235294117647056,0.0,1.838764908117936,2.039634315262267,0.5212960286143199,2.214406709165405,1,0.5,1,1,0,0,1,1,0,0,0,0,0,0,0,0,0,0,0
0,-0.6470588235294118,0.0,0.0,1.7807388323078523,0.0,0.0,1,0.0,1,0,0,0,1,0,0,0,0,1,0,0,0,0,0,1,0
1,1.1764705882352942,0.0,0.0,0.0,0.0,0.0,0,0.5,0,0,1,0,1,0,0,0,0,1,0,0,0,0,0,1,0
0,0.4705882352941176,1.9076320911959788,0.0,1.2838013447083672,0.6430081763978817,0.0,1,0.5,1,0,1,1,0,0,0,0,0,1,0,0,0,0,0,0,0
0,1.3529411764705883,1.9737254669989035,0.0,1.6105454705018805,0.82623465712856,0.0,0,0.0,1,0,1,0,1,0,0,1,0,0,0,0,0,0,0,0,0
0,-0.1176470588235294,0.0,0.0,0.0,0.0,0.0,0,0.5,0,1,0,0,1,0,0,1,0,0,0,0,0,0,0,0,0
0,1.0588235294117647,0.4793787713240882,2.37275232735701,0.0,1.0985320030166918,1.519266886328437,1,1.5,1,1,0,0,0,0,0,0,0,0,0,0,0,0,0,0,0
1,-0.5882352941176471,0.0,0.0,0.0,0.0,0.0,0,1.5,0,1,0,0,0,1,0,0,0,0,0,0,0,0,0,0,0
1,-0.8235294117647058,0.0,0.0,0.0,0.0,0.0,1,0.0,0,0,0,0,1,0,0,0,0,0,1,0,0,1,0,0,0
0,-1.0588235294117647,0.0,0.0,0.0,0.0,0.0,1,1.5,0,1,0,0,0,1,0,0,0,0,0,0,0,0,0,0,0
0,-0.2352941176470588,0.1854490234153689,0.0,0.0,1.3718457155487398,1.7011019507031115,0,0.5,1,0,0,0,1,0,0,0,0,1,0,0,0,0,0,0,1
0,0.0,0.0,2.018908902606059,0.0,1.8104449005025829,1.0128254004860402,0,0.5,1,1,0,0,1,1,0,0,0,0,0,0,0,0,0,0,0
1,2.0,0.0,0.0,0.0,0.0,0.0,1,0.0,0,1,0,0,0,0,1,0,0,0,0,0,0,0,0,0,0
0,0.4705882352941176,0.0,1.0875915225821022,2.097870671967357,0.9651950363216428,0.0,1,0.0,1,0,0,0,1,0,0,0,0,0,1,0,0,0,0,0,0
0,1.2352941176470589,1.7833795917050084,1.084853653106643,0.0,0.0,0.1866524112389433,0,0.0,1,0,0,0,1,0,0,0,1,0,0,0,0,0,0,0,0
0,1.8235294117647056,0.0,1.9356149418552104,0.0,1.159436277331762,1.605194468438982,1,1.0,1,1,0,0,1,1,0,0,0,0,0,0,0,0,0,0,0
0,-0.4705882352941176,0.2939297479087193,0.0,0.0,0.5772359744023721,1.7844591757525936,1,0.0,1,0,0,0,1,0,0,0,0,0,1,0,0,1,0,0,0
1,0.4117647058823529,0.0,0.0,0.0,0.0,0.0,1,0.0,0,1,0,0,1,0,0,0,0,1,0,0,1,0,0,0,0
0,0.3529411764705882,0.0,2.0312409941847163,0.0,2.085673266609428,0.0,1,0.0,1,1,0,0,1,0,1,0,0,0,0,0,0,0,0,0,0
0,0.3529411764705882,0.0,0.0,0.0,1.5130372450907987,2.0928394863043867,0,0.5,1,0,0,0,1,0,0,0,0,1,0,0,0,0,0,0,0
0,1.0,0.0,1.2849847892707118,1.549935056385218,1.5375839991837934,0.0,1,0.0,1,0,0,0,1,0,0,0,1,0,0,0,0,0,0,0,0
0,-1.411764705882353,0.0,0.0,0.0,0.0,0.0,0,3.0,0,0,0,0,1,0,0,0,0,0,1,0,0,0,1,0,0
0,-0.5294117647058824,0.3708980468307378,0.0,0.4421294589150075,1.875412906028774,0.0,0,0.0,1,0,0,0,1,0,0,0,0,0,1,0,0,0,0,1,0
0,-0.2941176470588235,0.0,0.3899649883623831,0.0,0.0,1.9240763358440311,0,0.0,1,0,0,0,1,0,0,0,0,1,0,0,0,1,0,0,0
0,0.3529411764705882,1.1656217032607967,1.8840422977480271,0.0,2.056763908398144,1.3510656981184213,1,0.5,1,1,0,0,0,1,0,0,0,0,0,0,0,0,0,0,0
1,0.3529411764705882,0.0,0.0,0.0,0.0,0.0,1,0.0,0,0,0,1,0,0,0,0,0,0,1,0,0,0,1,0,0
0,-0.4117647058823529,0.0,0.0,1.5937558578092534,0.0,0.0,0,0.0,1,0,0,0,1,0,0,0,0,1,0,0,0,1,0,0,0
1,0.6470588235294118,0.0,0.0,0.0,0.0,0.0,0,0.0,0,0,0,1,0,0,0,0,0,0,1,0,0,0,1,0,0
1,1.411764705882353,0.0,0.0,0.0,0.0,0.0,1,2.5,0,1,0,0,0,0,1,0,0,0,0,0,0,0,0,0,0
0,1.411764705882353,1.4368947971903097,0.3358975579140839,0.903593867168606,1.5907901076451068,0.0,1,1.5,1,0,0,0,1,0,0,0,0,1,0,0,1,0,0,0,0
1,1.6470588235294117,0.0,0.0,0.0,0.0,0.0,0,0.0,0,0,0,0,1,0,0,0,0,0,1,0,0,1,0,0,0
0,0.1176470588235294,1.4393720962451817,0.5810073162355173,2.0464819389280358,1.601551004208232,0.0,1,0.5,1,0,1,0,1,0,0,0,0,1,0,0,1,0,0,0,0
0,-0.3529411764705882,0.9660880391837954,1.234209920390346,0.0,1.5990102013933465,0.0,1,0.0,1,0,0,0,1,0,0,0,0,0,1,0,0,1,0,0,0
0,-0.3529411764705882,1.7654072463593156,0.0,2.2291016294869457,0.17376534287144,1.019016075612779,0,1.0,1,0,1,0,1,0,0,0,0,1,0,0,0,0,0,0,0
1,0.5294117647058824,0.0,0.0,0.0,0.0,0.0,0,0.5,0,0,1,0,1,0,0,1,0,0,0,0,0,0,0,0,0
1,0.8823529411764706,0.0,0.0,0.0,0.0,0.0,1,3.0,0,0,0,0,1,0,0,0,0,0,1,0,0,1,0,0,0
0,0.5294117647058824,1.0124462620792734,0.2661925166888179,0.0,0.6788821839071186,2.6123766518179905,0,0.0,1,1,0,0,1,1,0,0,0,0,0,0,0,0,0,0,0
0,0.9411764705882352,0.4305992976375693,1.6994637975021731,1.5242010235044616,1.886335251896104,0.0,0,1.0,1,1,0,0,1,0,1,0,0,0,0,0,0,0,0,0,0
0,0.0,0.0,1.8127724963401637,0.0,0.7245884476238132,0.7106519766445111,1,0.0,1,0,0,0,1,0,0,0,0,0,1,0,0,0,1,0,0
1,0.0,0.0,0.0,0.0,0.0,0.0,0,0.0,0,0,0,0,1,0,0,0,0,0,1,0,0,1,0,0,0
0,0.7647058823529411,1.737784828323094,0.0,2.1440415232478154,0.0,0.5239995654055677,0,0.0,1,0,0,0,1,0,0,0,0,1,0,0,0,0,0,1,0
0,-0.3529411764705882,1.6767668597257543,0.0,0.0,1.3930434408444556,0.0,0,0.0,1,0,0,0,1,0,0,0,0,0,1,0,0,1,0,0,0
1,-1.411764705882353,0.0,0.0,0.0,0.0,0.0,1,3.5,0,0,0,0,0,0,0,0,0,0,1,0,0,0,0,1,0
0,-0.2941176470588235,1.600305757896712,0.0,0.0,1.4307177462051843,1.3023261216103297,1,0.0,1,0,0,0,1,0,0,0,0,1,0,0,0,0,1,0,0
1,1.0588235294117647,0.0,0.0,0.0,0.0,0.0,1,0.5,0,1,0,0,0,0,0,0,0,0,0,0,0,0,0,0,0
0,0.1764705882352941,0.0,1.5629416976383967,0.0,1.632804251629478,2.081245680715088,0,2.0,1,1,0,0,1,0,1,0,0,0,0,0,0,0,0,0,0
0,0.6470588235294118,1.8989235474146973,0.0,0.8416718857933595,0.9184197287740684,0.0,0,0.5,1,0,1,1,0,0,0,1,0,0,0,0,0,0,0,0,0
0,1.1764705882352942,1.6069780834081109,0.0,1.6800726763587055,1.5364940392126956,0.0,1,0.5,1,0,1,0,1,0,0,1,0,0,0,0,0,0,0,0,0
0,-0.1176470588235294,0.0,0.3358975579140839,1.0135734947947224,1.6401349025554155,0.0,1,0.0,1,0,0,0,1,0,0,0,0,1,0,0,0,1,0,0,0
1,1.588235294117647,0.0,0.0,0.0,0.0,0.0,1,0.5,0,1,0,0,0,0,1,0,0,0,0,0,0,0,0,0,0
1,0.1176470588235294,0.0,0.0,0.0,0.0,0.0,1,0.5,0,1,0,0,0,0,0,0,1,0,0,0,1,0,0,0,0
1,0.2941176470588235,0.0,0.0,0.0,0.0,0.0,0,1.0,0,1,0,0,1,0,1,0,0,0,0,0,0,0,0,0,0
0,0.1764705882352941,0.0,1.6075641689552589,1.7412200878598352,1.9863981007379448,1.1866524112389434,1,0.5,1,1,0,0,1,1,0,0,0,0,0,0,0,0,0,0,0
0,-0.5294117647058824,1.8873925142085988,0.8158919763281912,1.2539731735908168,0.0,0.0,0,0.0,1,0,0,0,1,0,0,0,0,1,0,0,0,0,0,0,1
0,-0.3529411764705882,1.840271391201877,0.0,1.657951402001021,0.0,1.124089473669563,0,0.5,1,0,1,0,1,0,0,0,0,1,0,0,0,0,0,0,0
1,0.4705882352941176,0.0,0.0,0.0,0.0,0.0,0,0.0,0,0,0,0,1,0,0,0,0,1,0,0,0,0,1,0,0
0,0.9411764705882352,0.0,1.6452328909177787,0.0,0.0,0.0,0,0.0,1,0,0,0,1,0,0,0,0,1,0,0,0,0,0,0,0
0,0.1764705882352941,0.1854490234153689,2.1234823462245243,0.0,0.2754115523761867,1.5323142656483024,0,2.5,1,1,0,0,1,0,0,1,0,0,0,0,0,0,0,0,0
0,1.2941176470588236,0.0,1.730699011654204,0.0,2.1579298022258966,1.2532301155226493,0,3.0,1,1,0,0,0,1,0,0,0,0,0,0,0,0,0,0,0
1,1.2941176470588236,0.0,0.0,0.0,0.0,0.0,0,0.0,0,1,0,0,1,1,0,0,0,0,0,0,0,0,0,0,0
0,0.8823529411764706,0.0,0.1679487789570419,1.3162627964925415,1.704737343875619,0.0,1,0.0,1,0,0,0,1,0,0,0,0,1,0,0,1,0,0,0,0
0,-0.1176470588235294,0.0,0.0,0.0,0.0,0.0,0,1.0,0,0,1,0,1,0,0,0,1,0,0,0,0,0,0,0,0
0,-0.5294117647058824,0.935477963157255,1.7289689846021774,0.2210647294575037,0.0,0.0,0,0.5,1,0,1,0,1,0,0,0,0,1,0,0,0,0,0,0,1
0,0.2352941176470588,1.0466476186905076,1.3999186322011494,2.1959886371515487,0.0,0.0,0,0.0,1,0,1,0,1,0,0,0,0,1,0,0,0,0,0,0,1
0,1.5294117647058822,1.6737033180119592,0.0,1.9434160455752625,0.0,0.0,0,0.5,1,0,1,0,1,0,0,1,0,0,0,0,0,0,0,0,0
0,0.8235294117647058,0.0,0.0,0.0,0.0,0.0,1,0.0,0,1,0,0,1,0,0,0,0,0,0,0,0,0,0,0,0
1,-0.7647058823529411,0.0,0.0,0.0,0.0,0.0,0,0.0,0,0,0,1,0,0,0,0,0,0,1,0,0,0,0,1,0
0,-1.588235294117647,0.0,0.0,0.0,0.0,0.0,0,1.0,0,0,0,0,1,0,0,0,0,0,1,0,0,0,1,0,0
1,0.0,0.0,0.0,0.0,0.0,0.0,0,0.5,0,1,0,0,1,1,0,0,0,0,0,0,0,0,0,0,0
0,-0.5294117647058824,0.0,0.2661925166888179,0.0,0.0,0.0,1,0.5,1,0,0,0,1,0,0,0,0,0,1,0,0,0,0,0,0
1,0.8235294117647058,0.0,0.0,0.0,0.0,0.0,1,0.0,0,0,1,0,1,0,0,0,0,1,0,0,1,0,0,0,0
1,-0.0588235294117647,0.0,0.0,0.0,0.0,0.0,1,0.5,0,1,0,0,0,0,1,0,0,0,0,0,1,0,0,0,0
0,-0.5294117647058824,1.8157615957833304,0.0,1.115137621272999,0.0,0.0,0,0.0,1,0,1,0,1,0,0,1,0,0,0,0,0,0,0,0,0
0,-0.1176470588235294,0.0,1.2075222555792515,2.3011491911146726,1.5544081153654172,1.4347038573881572,0,0.0,1,1,0,0,0,0,0,0,0,0,0,0,0,0,0,0,0
1,-0.5294117647058824,0.0,0.0,0.0,0.0,0.0,1,1.0,0,0,0,0,1,0,0,0,0,0,1,0,0,0,0,1,0
0,1.0,0.0,0.0,0.0,0.0,0.0,1,0.0,0,1,0,0,1,0,0,0,0,0,0,0,0,0,0,0,0
0,0.2941176470588235,1.1404645975636212,1.608834414960295,2.100521066629675,1.5809226643509977,1.9303731739952337,0,0.5,1,1,0,0,0,0,0,0,0,0,0,0,0,0,0,0,0
0,0.9411764705882352,0.0,0.4714918312586162,2.103149617131613,0.17376534287144,0.0,0,0.0,1,0,0,0,0,0,0,0,0,1,0,0,1,0,0,0,0
1,-1.3529411764705883,0.0,0.0,0.0,0.0,0.0,1,3.5,0,0,0,1,0,0,0,0,0,0,1,0,0,1,0,0,0
0,-1.2352941176470589,0.0,0.0,0.0,0.0,0.0,0,1.0,0,0,0,0,1,0,0,0,0,0,1,0,1,0,0,0,0
0,-0.8235294117647058,2.358122963814452,0.0,2.354174935806516,1.7910342826451364,0.0,1,2.0,1,0,1,0,1,0,0,0,0,1,0,0,1,0,0,0,0
0,-0.1764705882352941,0.0,0.0,2.037497429620513,1.1442382667333866,0.0,1,0.0,1,0,0,0,1,0,0,0,0,1,0,0,0,0,0,0,1
0,-0.2352941176470588,0.0,0.7489560951925592,0.0,0.0,2.0030265729151893,0,1.0,1,0,0,0,1,0,0,0,0,0,1,0,0,0,0,0,0
1,-0.5882352941176471,0.0,0.0,0.0,0.0,0.0,1,0.5,0,0,0,1,0,0,0,0,0,0,1,0,0,0,0,0,0
1,-0.2941176470588235,0.0,0.0,0.0,0.0,0.0,0,1.5,0,0,0,0,1,0,0,0,0,1,0,0,0,0,1,0,0
0,0.5294117647058824,1.594154995370179,0.0,2.114296119494818,0.4878209905931642,0.0,0,0.0,1,0,1,0,1,0,0,0,0,1,0,0,0,0,1,0,0
1,0.4705882352941176,0.0,0.0,0.0,0.0,0.0,0,0.5,0,0,0,0,1,0,0,0,0,0,1,0,0,0,1,0,0
0,1.2352941176470589,0.0,2.2226205718983256,0.0,0.17376534287144,0.2958370724829093,1,0.5,1,1,0,0,1,1,0,0,0,0,0,0,0,0,0,0,0
1,0.9411764705882352,0.0,0.0,0.0,0.0,0.0,1,0.5,0,1,0,0,0,0,1,0,0,0,0,0,0,0,0,0,0
1,-0.4117647058823529,0.0,0.0,0.0,0.0,0.0,0,0.0,0,0,0,0,1,0,0,0,0,0,1,0,0,0,0,0,0
0,1.0588235294117647,1.1209269865726237,1.0076926737422516,0.4421294589150075,1.6472572679249264,0.8973043878834545,1,0.0,1,0,0,0,1,0,0,0,0,1,0,0,0,1,0,0,0
0,-0.3529411764705882,2.2747006616146592,0.0,1.2476575416896074,0.2754115523761867,0.0,0,0.0,1,0,1,0,1,0,0,0,0,1,0,0,0,0,0,0,1
0,0.4705882352941176,1.780983126923798,0.0,1.0135734947947224,0.0,1.1113650983237304,0,0.0,1,0,0,0,1,0,0,0,0,1,0,0,0,0,0,0,1
0,-1.1176470588235294,0.0,0.0,0.0,0.0,0.0,0,1.5,0,0,1,0,1,0,0,0,0,1,0,0,1,0,0,0,0
0,1.0588235294117647,0.0,1.9556471359925636,0.0,1.5118348907550816,1.3700007011705806,0,1.5,1,1,0,0,0,1,0,0,0,0,0,0,0,0,0,0,0
1,1.2941176470588236,0.0,0.0,0.0,0.0,0.0,1,0.0,0,1,0,0,1,0,1,0,0,0,0,0,0,0,0,0,0
1,-0.7058823529411765,0.0,0.0,0.0,0.0,0.0,0,0.0,0,0,0,0,0,0,0,0,0,0,1,0,0,1,0,0,0
0,-0.4117647058823529,0.0,0.0,2.032636436450382,0.0,0.6457112531348923,1,0.0,1,0,0,1,0,0,0,0,0,1,0,0,1,0,0,0,0
0,-0.9411764705882352,0.0,0.0,0.0,0.0,0.0,1,3.5,0,0,0,0,1,0,0,0,0,0,1,0,0,1,0,0,0
0,0.1176470588235294,0.0,0.0,0.0,0.0,2.0431300025250736,1,0.5,1,0,0,0,1,0,0,0,0,1,0,0,0,0,0,0,1
1,-0.5294117647058824,0.0,0.0,0.0,0.0,0.0,1,2.0,0,0,0,0,1,0,0,0,0,0,1,0,1,0,0,0,0
1,-1.3529411764705883,0.0,0.0,0.0,0.0,0.0,0,3.0,0,0,0,0,1,0,0,0,0,0,1,0,0,1,0,0,0
0,-0.5294117647058824,1.5740616451783565,1.4101995203843534,0.0,0.0,0.0,0,0.0,1,0,0,0,1,0,0,0,0,1,0,0,0,0,0,1,0
0,-0.5294117647058824,1.833857778313504,0.0,0.5132964061160518,0.4034706315309319,0.0,1,0.0,1,0,1,0,1,0,0,0,1,0,0,0,0,0,0,0,0
0,-0.5294117647058824,0.0,0.0,2.1217908792671416,0.0,0.7106519766445111,1,0.0,1,0,0,0,1,0,0,0,1,0,0,0,0,0,0,0,0
0,-0.8235294117647058,1.8767882310842925,0.0,2.083814667793022,0.0,0.3733048224778867,1,0.5,1,0,1,0,1,0,0,1,0,0,0,0,0,0,0,0,0
0,-0.4117647058823529,0.0,0.0,0.0,0.0,1.7716772675557644,1,0.0,1,0,0,0,1,0,0,0,1,0,0,0,0,0,0,0,0
0,-0.4117647058823529,1.9339292098517389,1.3546898304959778,1.151626398894246,0.0,0.0,0,0.5,1,0,1,0,1,0,0,0,0,1,0,0,0,1,0,0,0
0,0.2941176470588235,2.093616100565288,1.5876652601325458,2.2349269784493195,2.3915512851915905,1.6652831235952676,0,0.5,1,1,0,1,0,1,0,0,0,0,0,0,0,0,0,0,0
0,2.235294117647059,1.938166894197157,0.0,0.0,0.0,0.0,0,1.5,1,0,1,0,1,0,0,0,0,1,0,0,0,0,0,0,1
0,0.5882352941176471,0.0,0.0,0.6206071563358557,1.6585840173593216,0.1866524112389433,0,0.0,1,0,0,1,0,0,0,0,0,0,1,0,0,1,0,0,0
0,1.6470588235294117,0.0,1.2825617803735896,2.091146691595811,0.17376534287144,0.0,1,0.0,1,0,0,0,1,0,0,0,0,1,0,0,0,1,0,0,0
1,-0.2941176470588235,0.0,0.0,0.0,0.0,0.0,1,0.5,0,1,0,0,1,1,0,0,0,0,0,0,0,0,0,0,0
1,-0.0588235294117647,0.0,0.0,0.0,0.0,0.0,1,1.5,0,1,0,0,0,0,0,0,1,0,0,0,0,0,0,0,0
0,1.7647058823529411,1.8220290035273072,0.7597267070563035,0.0,2.262051573903414,1.6079563645279655,0,0.5,1,0,0,0,1,0,1,0,0,0,0,0,0,0,0,0,0
1,-0.8235294117647058,0.0,0.0,0.0,0.0,0.0,1,0.5,0,1,0,0,0,1,0,0,0,0,0,0,1,0,0,0,0
1,-0.8235294117647058,0.0,0.0,0.0,0.0,0.0,1,0.0,0,0,0,1,0,0,0,0,0,0,1,0,0,0,0,0,0
0,-1.1176470588235294,0.0,0.0,0.0,0.0,0.0,0,2.5,0,0,0,0,1,0,0,0,0,0,1,0,0,1,0,0,0
0,0.2352941176470588,0.0,1.6511560471480755,1.3004448942022404,1.858005998844433,1.9132429156209436,1,0.0,1,1,0,0,1,1,0,0,0,0,0,0,1,0,0,0,0
0,-0.4117647058823529,0.0,1.6043591107081896,2.189398960806752,0.0,1.7727969469571538,0,0.5,1,0,0,0,1,0,0,0,0,1,0,0,0,0,0,1,0
1,0.7647058823529411,0.0,0.0,0.0,0.0,0.0,1,0.0,0,1,0,0,1,1,0,0,0,0,0,0,0,0,0,0,0
0,0.0,0.0,0.7597267070563035,0.0,1.7682662163738043,0.0,0,0.0,1,0,0,1,0,0,0,0,0,1,0,0,0,1,0,0,0
1,0.7647058823529411,0.0,0.0,0.0,0.0,0.0,1,1.0,0,1,0,0,1,0,0,0,0,0,0,0,0,0,0,0,0
0,0.0588235294117647,0.3708980468307378,0.0,0.0,1.452252889648352,2.0540953534530435,1,0.0,1,0,1,0,1,0,0,0,0,1,0,0,1,0,0,0,0
0,-0.3529411764705882,0.0,0.9796267556696916,0.0,0.0,2.0356571409469373,1,0.0,1,0,0,0,0,0,0,0,0,1,0,0,0,0,0,0,0
1,-0.1764705882352941,0.0,0.0,0.0,0.0,0.0,1,1.0,0,1,0,0,1,1,0,0,0,0,0,0,0,0,0,0,0
0,-0.4705882352941176,1.612844134415325,0.0,1.3409983657536353,1.4364809976888548,0.0,1,0.0,1,0,0,0,1,0,0,0,1,0,0,0,0,0,0,0,0
0,-0.0588235294117647,0.0,1.6801966117351894,2.5840531241672537,1.6856002336265217,1.5827714330574352,1,0.5,1,1,0,0,1,0,1,0,0,0,0,0,0,0,0,0,0
0,0.8235294117647058,1.1886152897940538,0.0,0.6206071563358557,1.679500409617326,0.2958370724829093,1,0.0,1,0,0,0,1,0,0,0,0,1,0,0,0,0,0,0,1
0,1.7647058823529411,1.5027468105236743,0.5323850333776358,0.0,0.7510013172738119,1.6550989578946274,1,0.0,1,0,0,1,0,0,0,0,0,0,1,0,0,1,0,0,0
0,0.7647058823529411,1.8383356466284708,0.656157505051201,1.8406798819176733,0.17376534287144,0.0,0,0.0,1,0,1,0,1,0,0,0,1,0,0,0,1,0,0,0,0
0,0.3529411764705882,0.0,2.4729641223675443,0.0,0.69506137148576,0.0,1,1.5,1,1,0,0,0,1,0,0,0,0,0,0,0,0,0,0,0
0,0.0,1.6674689453726923,1.5442481865071085,0.7343611355735556,0.0,0.0,1,1.0,1,0,0,0,1,0,0,0,0,1,0,0,0,0,1,0,0
0,2.176470588235294,1.1656217032607967,1.8883772797929943,0.0,2.007286546831365,1.3065668786726037,0,1.5,1,1,0,0,1,0,1,0,0,0,0,0,0,0,0,0,0
1,0.0,0.0,0.0,0.0,0.0,0.0,1,0.5,0,1,0,0,0,0,0,0,0,1,0,0,1,0,0,0,0
0,-0.5882352941176471,1.6772740568187303,1.1698949650871495,1.1601316759719966,1.422247670320453,0.9247126870847868,1,0.5,1,0,0,0,1,0,0,0,0,0,1,0,0,0,0,1,0
0,0.8823529411764706,1.9030954672697908,1.611668352184528,0.8636757125382628,0.0,0.0,1,1.0,1,0,0,0,1,0,0,0,0,1,0,0,0,0,0,0,1
0,0.4705882352941176,1.5286885650780349,0.4714918312586162,0.0,0.4878209905931642,1.7287923360121322,0,0.0,1,0,0,0,1,0,0,0,0,0,1,0,1,0,0,0,0
0,1.3529411764705883,0.0,0.4341412956458598,0.0,1.9260400844409584,0.0,0,0.0,1,0,0,0,1,0,0,0,0,1,0,0,1,0,0,0,0
0,0.1764705882352941,1.7778700763171231,0.6020900746029018,2.425897439430814,0.0,0.0,1,2.0,1,0,1,0,1,0,0,0,1,0,0,0,1,0,0,0,0
0,0.0,1.459551451169516,0.0,0.0,0.0,1.6674949020096497,1,0.0,1,0,0,0,1,0,0,0,0,0,1,0,0,0,0,0,0
0,0.5294117647058824,0.0,1.5958219530529574,0.0,0.0,0.0,0,0.0,1,0,0,0,1,0,0,0,0,1,0,0,0,0,1,0,0
1,-0.1764705882352941,0.0,0.0,0.0,0.0,0.0,0,0.0,0,0,0,0,1,0,0,0,0,0,1,0,1,0,0,0,0
1,0.5882352941176471,0.0,0.0,0.0,0.0,0.0,1,0.0,0,0,0,0,1,0,0,0,0,0,1,0,0,1,0,0,0
1,0.6470588235294118,0.0,0.0,0.0,0.0,0.0,0,0.0,0,1,0,0,0,1,0,0,0,0,0,0,0,0,0,0,0
0,1.0,0.0,0.0,0.0,0.0,1.8232551576460632,1,0.0,1,0,0,0,1,0,0,0,0,1,0,0,1,0,0,0,0
1,1.0,0.0,0.0,0.0,0.0,0.0,1,1.5,0,0,0,0,1,0,1,0,0,0,0,0,0,0,0,0,0
1,-0.4705882352941176,0.0,0.0,0.0,0.0,0.0,0,3.0,0,1,0,0,1,0,1,0,0,0,0,0,0,0,0,0,0
1,1.411764705882353,0.0,0.0,0.0,0.0,0.0,0,1.0,0,1,0,0,1,1,0,0,0,0,0,0,0,0,0,0,0
1,-0.1764705882352941,0.0,0.0,0.0,0.0,0.0,0,1.0,0,0,1,0,1,0,0,0,0,1,0,0,0,0,0,0,0
1,-0.7058823529411765,0.0,0.0,0.0,0.0,0.0,1,0.0,0,0,0,0,1,0,0,0,0,0,1,0,1,0,0,0,0
1,0.5294117647058824,0.0,0.0,0.0,0.0,0.0,0,0.0,0,0,1,0,1,0,0,0,0,1,0,0,0,0,0,1,0
0,1.7058823529411764,0.0,2.3054803055897657,0.0,0.2754115523761867,2.239368341583017,0,0.5,1,1,0,0,1,1,0,0,0,0,0,0,0,0,0,0,0
0,-1.2941176470588236,0.0,0.0,0.0,0.0,0.0,1,3.0,0,0,0,0,1,0,0,0,0,0,1,0,0,0,1,0,0
0,-0.3529411764705882,1.9402608289342405,0.3358975579140839,1.2476575416896074,0.0,0.0,1,0.0,1,0,1,0,0,0,0,0,0,1,0,0,0,0,0,0,1
0,-0.4117647058823529,1.1586720557381271,0.0,0.0,1.8409264472923337,0.0,0,0.5,1,0,0,0,1,0,0,0,1,0,0,0,0,0,0,0,0
1,-1.4705882352941178,0.0,0.0,0.0,0.0,0.0,1,3.0,0,0,0,0,0,0,0,0,0,0,1,0,0,1,0,0,0
0,-0.5294117647058824,0.8388901471096889,0.0,0.9709864627580668,1.6023922479454342,0.4824894837218527,0,0.0,1,0,0,1,0,0,0,0,0,1,0,0,0,0,0,1,0
1,0.5882352941176471,0.0,0.0,0.0,0.0,0.0,1,0.5,0,1,0,0,0,1,0,0,0,0,0,0,1,0,0,0,0
1,-0.5882352941176471,0.0,0.0,0.0,0.0,0.0,0,1.0,0,1,0,0,1,1,0,0,0,0,0,0,0,0,0,0,0
0,-0.5294117647058824,0.0,1.5855824489934305,0.0,0.0,1.94510717708322,1,0.5,1,1,0,0,0,1,0,0,0,0,0,0,1,0,0,0,0
0,0.3529411764705882,0.0,2.0107267588487336,0.0,0.0,2.0798202737270204,1,2.0,1,1,0,0,1,1,0,0,0,0,0,0,0,0,0,0,0
0,-0.5294117647058824,2.029550387392459,0.0,1.8305863499985264,0.0,0.0,0,0.0,1,0,0,0,1,0,0,0,0,1,0,0,0,0,0,0,1
0,0.7647058823529411,0.7417960936614756,0.0,0.0,1.6316859282948768,0.0,0,0.0,1,0,0,1,0,0,0,0,0,1,0,0,0,1,0,0,0
0,1.0588235294117647,2.0027162302987818,0.0,0.9218233423019256,0.0,0.8557943061997394,1,0.0,1,0,1,0,1,0,0,0,0,1,0,0,0,0,0,1,0
1,0.2352941176470588,0.0,0.0,0.0,0.0,0.0,0,1.0,0,0,0,0,1,0,0,0,0,0,1,0,0,0,1,0,0
0,-0.1176470588235294,1.471841754989393,0.0,1.1843657844554036,1.4256701179935858,1.3001804329025168,0,0.0,1,0,0,0,0,0,0,0,0,1,0,0,0,0,0,0,1
1,1.1176470588235294,0.0,0.0,0.0,0.0,0.0,1,0.0,0,0,0,1,0,0,0,0,0,0,1,0,0,0,0,0,0
0,-0.4705882352941176,0.0,1.40511360024376,0.0,2.019748307069469,1.547352006996258,0,0.5,1,1,0,0,0,0,1,0,0,0,0,0,0,0,0,0,0
0,-0.1764705882352941,0.8716919553520774,1.3695917440320746,0.0,1.454535367313501,1.124089473669563,1,0.0,1,0,0,0,1,0,0,0,0,1,0,0,0,1,0,0,0
0,-0.4117647058823529,1.2981431639075822,0.0,0.0,1.5786248444281588,0.0,1,0.0,1,0,0,1,0,0,0,0,0,1,0,0,1,0,0,0,0
1,-0.2352941176470588,0.0,0.0,0.0,0.0,0.0,1,0.0,0,0,0,0,0,0,0,0,0,0,1,0,0,1,0,0,0
0,-0.1764705882352941,1.754242355740749,0.0,0.0,0.0,0.0,1,0.0,1,0,0,0,1,0,0,0,0,1,0,0,0,1,0,0,0
1,0.5882352941176471,0.0,0.0,0.0,0.0,0.0,1,0.0,0,0,0,0,1,0,0,0,0,0,1,0,0,0,0,0,0
1,-1.4705882352941178,0.0,0.0,0.0,0.0,0.0,0,2.5,0,0,0,0,0,0,0,0,1,0,0,0,0,0,0,0,0
0,1.4705882352941178,1.7917673126878155,0.0,0.0,0.0,0.0,1,1.0,1,0,0,0,1,0,0,0,0,1,0,0,1,0,0,0,0
0,-0.2352941176470588,1.2786372208323962,0.0,2.1867244882041,1.336861399046822,2.05631383105387,0,0.0,1,0,1,0,1,0,0,1,0,0,0,0,0,0,0,0,0
0,-0.8235294117647058,0.0,0.5579137673194251,0.0,0.0,2.326394550084049,0,0.5,1,1,0,0,1,0,1,0,0,0,0,0,0,0,0,0,0
0,-0.6470588235294118,1.7970006606966418,0.5579137673194251,0.0,0.0,1.0128254004860402,1,0.0,1,0,0,0,0,0,0,0,0,1,0,0,1,0,0,0,0
1,-0.0588235294117647,0.0,0.0,0.0,0.0,0.0,1,0.0,0,0,0,0,0,0,0,0,0,0,1,0,0,0,0,1,0
0,1.2941176470588236,1.9415848505157765,0.0,2.001803561765356,1.8067554976599296,1.4171504132341712,0,0.0,1,0,1,0,1,0,0,1,0,0,0,0,0,0,0,0,0
0,0.7647058823529411,2.077649946135121,0.0,0.7343611355735556,0.0,0.0,1,0.0,1,0,1,0,1,0,0,0,0,1,0,0,0,0,0,0,0
1,-0.2352941176470588,0.0,0.0,0.0,0.0,0.0,1,0.0,0,0,0,1,0,0,0,0,0,0,1,0,0,1,0,0,0
0,-0.5882352941176471,0.4305992976375693,0.0,2.157934682285901,0.0,0.0,1,0.5,1,0,0,0,1,0,0,0,0,1,0,0,0,0,0,0,1
1,-0.5294117647058824,0.0,0.0,0.0,0.0,0.0,0,0.5,0,0,0,1,0,0,0,0,0,0,1,0,0,0,0,0,0
1,0.1764705882352941,0.0,0.0,0.0,0.0,0.0,1,0.0,0,0,0,0,1,0,0,0,0,0,1,0,0,1,0,0,0
0,-0.2352941176470588,1.0998494473841025,1.7477094242367546,0.0,0.0,0.0,0,1.0,1,0,1,0,1,0,0,0,0,1,0,0,0,0,0,0,0
0,-0.4117647058823529,0.0,0.7894331112229788,0.0,0.0,1.8013920691502292,1,0.0,1,0,0,0,1,0,0,0,1,0,0,0,0,0,0,0,0
1,-0.4705882352941176,0.0,0.0,0.0,0.0,0.0,0,3.5,0,0,0,0,1,0,0,0,0,1,0,0,0,0,1,0,0
1,-0.8235294117647058,0.0,0.0,0.0,0.0,0.0,1,3.0,0,1,0,0,1,1,0,0,0,0,0,0,0,0,0,0,0
0,0.2352941176470588,0.0,1.250033271974051,1.9187269200289592,1.1618820567160562,1.019016075612779,1,0.5,1,0,0,0,1,0,0,0,0,1,0,0,0,0,0,0,1
1,-0.4705882352941176,0.0,0.0,0.0,0.0,0.0,1,0.0,0,0,0,1,0,0,0,0,0,0,1,0,0,0,0,0,0
1,-0.1764705882352941,0.0,0.0,0.0,0.0,0.0,1,0.0,0,0,0,1,0,0,0,0,0,0,1,0,0,0,0,1,0
0,-0.1176470588235294,1.8341398514934744,0.0,0.2210647294575037,1.2889656856189216,0.0,0,1.0,1,0,1,0,1,0,0,0,0,1,0,0,0,0,1,0,0
1,-0.3529411764705882,0.0,0.0,0.0,0.0,0.0,0,0.0,0,0,1,0,1,0,0,0,0,1,0,0,1,0,0,0,0
0,-1.0588235294117647,0.0,0.0,0.0,0.0,0.0,1,0.0,0,0,0,0,1,0,0,0,0,0,1,0,0,1,0,0,0
0,0.8823529411764706,1.89625473340074,0.0,0.0,1.0614498466706352,0.1866524112389433,1,0.0,1,0,0,0,1,0,0,0,0,1,0,0,0,1,0,0,0
0,0.2352941176470588,1.781670024313735,0.0,0.4421294589150075,1.0179140761527217,0.0,1,0.0,1,0,0,0,1,0,0,0,0,0,1,0,0,0,0,1,0
0,0.0,1.809961732221688,0.0,0.0,0.0,0.8557943061997394,0,0.0,1,0,0,0,0,0,0,0,0,0,1,0,0,1,0,0,0
1,0.2941176470588235,0.0,0.0,0.0,0.0,0.0,1,3.0,0,1,0,0,1,1,0,0,0,0,0,0,0,0,0,0,0
0,1.0588235294117647,0.1854490234153689,1.281341128570195,0.0,1.627921737477185,0.7466096449557734,1,0.0,1,0,0,0,1,0,0,0,0,1,0,0,0,0,0,0,1
0,1.2941176470588236,1.7110291307803325,0.0,0.0,1.1980803726773,0.0,0,0.0,1,0,0,0,0,0,0,0,0,1,0,0,0,0,0,0,1
0,-0.3529411764705882,1.729577240339131,0.0,1.9187269200289592,0.0,0.0,0,0.0,1,0,0,0,1,0,0,0,0,1,0,0,0,1,0,0,0
0,1.1764705882352942,0.0,2.0629296907118446,0.0,1.2933256285289083,1.019016075612779,1,0.0,1,1,0,0,1,1,0,0,0,0,0,0,0,0,0,0,0
0,-0.1176470588235294,0.986946367883676,0.0,1.6379550027421617,0.763232542969351,1.9515120359620053,0,0.5,1,0,0,1,0,0,0,0,1,0,0,0,1,0,0,0,0
1,-0.0588235294117647,0.0,0.0,0.0,0.0,0.0,0,0.5,0,1,0,0,1,1,0,0,0,0,0,0,0,0,0,0,0
0,-0.2941176470588235,1.6235853373876337,0.8997943173744595,0.0,0.6011293213528106,0.0,0,0.0,1,0,0,1,0,0,0,0,0,0,1,0,0,0,1,0,0
1,0.8235294117647058,0.0,0.0,0.0,0.0,0.0,1,0.5,0,1,0,0,0,1,0,0,0,0,0,0,0,0,0,0,0
0,1.0,0.0,1.922610418186924,0.0,1.2544412932048137,1.871732833937228,0,0.0,1,1,0,0,1,0,1,0,0,0,0,0,0,0,0,0,0
0,0.7058823529411765,0.1854490234153689,1.4474473216854056,1.3313331112807136,1.2544412932048137,1.944517291835143,1,1.5,1,1,0,0,1,0,0,0,0,0,0,0,0,0,0,0,0
0,1.1176470588235294,1.7950501316217826,0.8397438947852097,0.0,0.980706605933304,0.2958370724829093,0,0.0,1,0,0,0,1,0,0,0,0,1,0,0,0,0,1,0,0
0,0.3529411764705882,0.0,0.3358975579140839,0.0,1.6703833904098415,0.55995723371683,1,0.0,1,0,0,0,1,0,0,0,1,0,0,0,1,0,0,0,0
0,-1.1764705882352942,0.0,0.0,0.0,0.0,0.0,0,1.0,0,0,0,0,0,0,0,0,0,0,1,0,0,0,0,0,0
0,0.2352941176470588,1.7087864823900627,1.5248883830027553,1.7466029833860357,0.0,1.1731854797572434,0,1.0,1,0,0,0,1,0,0,0,0,1,0,0,0,1,0,0,0
0,2.235294117647059,1.0817037568161083,0.0,2.2282185768077003,0.7748946642242507,0.0,0,0.5,1,0,1,0,1,0,0,0,0,1,0,0,0,0,1,0,0
0,0.8235294117647058,0.5563470702461066,0.0,1.816968265341599,1.1760758698119682,1.586516729983496,1,0.5,1,0,0,0,1,0,0,0,0,0,1,0,0,1,0,0,0
0,0.2352941176470588,0.0,1.752307934985195,0.0,1.8785026867470591,1.7175986002372812,1,0.5,1,1,0,0,1,0,0,0,0,0,0,0,0,0,0,0,0
0,0.3529411764705882,1.979190857142048,0.0,2.113452391518863,0.0,0.0,1,0.5,1,0,1,0,1,0,0,1,0,0,0,0,0,0,0,0,0
0,0.7647058823529411,0.0,0.0,1.4168902732846578,1.6754544184057782,0.0,0,0.0,1,0,0,0,1,0,0,0,0,0,1,0,0,0,0,1,0
0,0.5294117647058824,2.142342123769875,0.7489560951925592,1.6001559854028116,0.0,0.0,1,0.0,1,0,1,0,1,0,0,1,0,0,0,0,0,0,0,0,0
0,0.0588235294117647,1.182244836777756,1.611668352184528,0.0,2.059287544113978,1.332614475089494,1,0.5,1,0,0,0,1,0,0,0,0,0,1,0,0,0,0,0,0
0,1.0,1.6550977629589656,0.2661925166888179,1.7068627032661057,0.0,1.578973309329609,0,1.0,1,0,1,0,1,0,0,0,0,1,0,0,0,0,0,0,0
0,0.0,2.212680615477989,0.5038463368711258,0.0,0.4034706315309319,1.0741636286876712,0,0.0,1,0,0,0,0,0,0,0,0,0,1,0,0,1,0,0,0
1,-0.3529411764705882,0.0,0.0,0.0,0.0,0.0,0,0.0,0,0,0,1,0,0,0,0,0,0,1,0,0,0,0,0,0
0,2.117647058823529,0.0,1.3319576520727086,0.0,1.6687774246457197,0.0,0,0.0,1,0,0,0,1,0,0,0,0,0,1,0,0,0,0,1,0
0,2.3529411764705883,1.1621694439244474,0.6864843932202759,0.0,1.934777407209975,1.901724675173479,0,1.0,1,1,0,0,0,0,1,0,0,0,0,0,0,0,0,0,0
0,0.5882352941176471,0.0,2.1751830451642045,1.786678091262117,0.17376534287144,1.5558207083214524,1,1.5,1,1,0,0,1,1,0,0,0,0,0,0,0,0,0,0,0
0,0.0588235294117647,0.0,1.1008351942046988,2.2825608569954885,0.0,0.0,0,0.0,1,0,0,0,1,0,0,0,0,1,0,0,1,0,0,0,0
0,-0.5882352941176471,1.3863674640863437,0.0,0.0,1.4389109721115425,0.55995723371683,0,0.0,1,0,0,0,0,0,0,0,0,1,0,0,0,0,0,0,0
1,-0.7058823529411765,0.0,0.0,0.0,0.0,0.0,0,0.5,0,0,0,0,1,0,0,0,0,0,1,0,0,0,1,0,0
0,-0.4705882352941176,1.3423550899930137,1.5523797842117797,0.0,0.0,0.1866524112389433,1,0.0,1,0,0,1,0,0,0,0,0,1,0,0,0,0,0,0,1
1,2.176470588235294,0.0,0.0,0.0,0.0,0.0,1,0.5,0,0,0,0,1,0,0,0,0,0,1,0,0,1,0,0,0
0,-0.8823529411764706,0.0,0.0,0.0,0.0,0.0,1,3.0,0,0,0,0,0,0,0,0,0,0,1,0,0,0,0,1,0
1,-1.3529411764705883,0.0,0.0,0.0,0.0,0.0,1,0.0,0,0,0,1,0,0,0,0,0,0,1,0,0,0,1,0,0
1,-0.7647058823529411,0.0,0.0,0.0,0.0,0.0,0,0.0,0,0,0,0,1,0,0,0,0,0,1,0,1,0,0,0,0
0,-0.5294117647058824,1.5482634829625486,0.0,1.9676677128435396,0.9856709344603222,0.4824894837218527,0,0.0,1,0,0,0,1,0,0,0,0,1,0,0,0,1,0,0,0
1,1.1176470588235294,0.0,0.0,0.0,0.0,0.0,1,0.0,0,0,1,0,1,0,0,0,0,1,0,0,0,0,0,1,0
1,0.7058823529411765,0.0,0.0,0.0,0.0,0.0,1,0.5,0,1,0,0,0,0,1,0,0,0,0,0,0,0,0,0,0
0,-0.5294117647058824,0.0,0.0,2.3893029161226225,0.7102593820841355,1.4857535540871551,1,0.0,1,0,0,1,0,0,0,0,0,1,0,0,0,0,0,0,1
1,-0.3529411764705882,0.0,0.0,0.0,0.0,0.0,0,0.0,0,0,0,1,0,0,0,0,0,0,1,0,0,1,0,0,0
0,-0.3529411764705882,0.0,1.540498000148991,0.2210647294575037,0.763232542969351,0.0,1,0.0,1,0,0,1,0,0,0,0,0,1,0,0,0,0,0,0,0
1,0.1764705882352941,0.0,0.0,0.0,0.0,0.0,1,1.0,0,0,1,0,0,0,0,1,0,0,0,0,0,0,0,0,0
0,0.0,0.0,0.0,0.0,1.850627698572964,2.210696422746779,1,0.0,1,0,0,1,0,0,0,0,0,0,1,0,0,0,0,1,0
1,0.5294117647058824,0.0,0.0,0.0,0.0,0.0,0,0.0,0,0,1,0,0,0,0,0,0,1,0,0,0,1,0,0,0
1,-0.1176470588235294,0.0,0.0,0.0,0.0,0.0,1,0.5,0,1,0,0,1,1,0,0,0,0,0,0,0,0,0,0,0
0,-1.588235294117647,0.0,0.0,0.0,0.0,0.0,0,1.0,0,0,1,0,0,0,0,0,0,1,0,0,0,0,1,0,0
0,1.1764705882352942,2.039547056590318,0.0,1.4557029537097297,0.0,1.2914225062697846,1,0.0,1,0,1,0,1,0,0,0,0,1,0,0,0,1,0,0,0
0,-0.0588235294117647,0.1854490234153689,2.091641180144576,0.0,0.4491768952476266,1.2891877838339116,1,2.5,1,1,0,0,1,0,1,0,0,0,0,0,1,0,0,0,0
0,1.6470588235294117,0.0,1.6335064637296508,0.0,1.3978369023433173,2.0501352451999817,0,1.5,1,1,0,0,1,0,0,0,0,0,0,0,0,0,0,0,0
0,0.1176470588235294,0.0,0.4714918312586162,0.0,0.0,2.3207587029361614,0,0.0,1,1,0,0,1,0,0,1,0,0,0,0,0,0,0,0,0
0,-0.7647058823529411,0.0,1.3555922481891058,1.7479346303682777,1.21635740010008,0.0,1,0.0,1,0,0,0,1,0,0,0,0,1,0,0,0,0,0,1,0
1,-0.8235294117647058,0.0,0.0,0.0,0.0,0.0,0,0.0,0,0,0,1,0,0,0,0,0,0,1,0,0,0,0,1,0
0,-0.1176470588235294,0.0,2.34579372366682,2.2112695952386296,1.31537855526892,1.8701807690753591,1,1.0,1,1,0,0,0,0,1,0,0,0,0,0,0,0,0,0,0
1,-1.5294117647058822,0.0,0.0,0.0,0.0,0.0,1,3.5,0,0,0,0,1,0,0,0,0,1,0,0,1,0,0,0,0
1,-0.0588235294117647,0.0,0.0,0.0,0.0,0.0,1,0.0,0,0,1,0,0,0,0,0,0,1,0,0,0,0,0,1,0
0,-0.2941176470588235,0.0,1.706761214948353,0.0,0.0,1.593854582045583,1,0.0,1,0,0,0,1,0,0,0,0,1,0,0,0,0,0,0,1
0,1.0,0.0,1.7692233062719025,1.547453106202526,1.8425427675171595,1.921944238339374,0,0.0,1,1,0,0,1,1,0,0,0,0,0,0,0,0,0,0,0
0,0.5294117647058824,0.0,1.6337923621351216,0.0,2.117793156018661,1.2117200338389342,1,0.5,1,1,0,0,0,0,0,0,1,0,0,0,0,0,0,0,0
1,1.2941176470588236,0.0,0.0,0.0,0.0,0.0,0,0.0,0,1,0,0,0,0,0,0,1,0,0,0,1,0,0,0,0
0,-0.3529411764705882,0.9801726798454278,0.1679487789570419,2.035885316724261,0.17376534287144,0.9332620561947168,1,0.0,1,0,0,0,1,0,0,0,1,0,0,0,1,0,0,0,0
0,-1.0,0.0,0.0,0.0,0.0,0.0,0,0.0,0,0,0,0,1,0,0,0,0,0,1,0,0,0,1,0,0
1,-1.588235294117647,0.0,0.0,0.0,0.0,0.0,0,0.5,0,0,0,0,1,0,0,0,0,0,1,0,0,0,0,0,0
0,-0.1764705882352941,1.9319805749709345,0.0,0.2210647294575037,0.0,0.0,1,1.0,1,0,0,0,0,0,0,0,0,1,0,0,1,0,0,0,0
0,-0.4117647058823529,0.0,1.5235410271461478,2.047002639433745,0.34753068574288,0.0,0,0.0,1,0,0,0,1,0,0,0,0,1,0,0,0,0,0,0,0
0,0.1176470588235294,1.9645340383787655,0.1679487789570419,1.700758612844422,0.0,0.0,0,0.0,1,0,1,0,1,0,0,0,0,1,0,0,0,0,0,0,1
1,0.7647058823529411,0.0,0.0,0.0,0.0,0.0,0,2.0,0,0,1,0,1,0,0,1,0,0,0,0,0,0,0,0,0
0,0.2941176470588235,1.0243391705250575,1.670325148505509,0.0,0.0,2.376489750298001,0,1.0,1,1,0,0,1,0,1,0,0,0,0,0,0,0,0,0,0
0,0.2941176470588235,0.5878594958174387,1.584183894631344,0.4421294589150075,0.4491768952476266,0.0,1,0.5,1,0,0,1,0,0,0,0,0,0,1,0,0,1,0,0,0
1,-0.5294117647058824,0.0,0.0,0.0,0.0,0.0,0,1.0,0,0,0,0,1,0,0,0,0,0,1,0,0,1,0,0,0
0,2.0588235294117645,1.5770261784057906,1.6855631036292422,1.2279236817437833,1.1667031745002827,1.8099623704773613,0,0.0,1,1,0,0,0,0,0,0,0,0,0,0,0,0,0,0,0
1,-0.6470588235294118,0.0,0.0,0.0,0.0,0.0,1,0.0,0,0,0,1,0,0,0,0,0,0,1,0,0,1,0,0,0
0,-0.4117647058823529,0.0,1.620580792857727,0.0,0.7102593820841355,0.0,0,0.0,1,0,0,0,1,0,0,0,0,0,1,0,0,0,1,0,0
1,0.6470588235294118,0.0,0.0,0.0,0.0,0.0,0,0.5,0,1,0,0,0,1,0,0,0,0,0,0,0,0,0,0,0
1,-1.4705882352941178,0.0,0.0,0.0,0.0,0.0,0,1.0,0,0,1,0,1,0,0,0,0,1,0,0,0,0,0,0,0
0,-0.6470588235294118,0.0,0.7003338123346776,2.2644044854425887,0.0,0.8773484072743342,1,0.0,1,0,0,0,0,0,0,0,0,1,0,0,0,0,0,1,0
0,-0.0588235294117647,1.6242039420248835,0.0,2.1920511922155703,0.8983537904952533,0.0,0,0.0,1,0,1,0,1,0,0,0,0,1,0,0,1,0,0,0,0
0,-0.5294117647058824,1.2211748649855638,0.0,0.0,0.6615863334646042,1.7327108248360814,0,1.0,1,0,0,0,1,0,0,0,0,1,0,0,0,1,0,0,0
1,-1.5294117647058822,0.0,0.0,0.0,0.0,0.0,1,1.5,0,0,1,0,1,0,0,0,0,1,0,0,0,1,0,0,0
1,-0.8823529411764706,0.0,0.0,0.0,0.0,0.0,1,0.0,0,0,0,0,1,0,0,0,0,0,1,0,0,0,0,1,0
0,-0.5294117647058824,0.0,0.0,0.0,1.6433650311178396,0.0,0,0.0,1,0,0,0,1,0,0,0,0,1,0,0,0,0,1,0,0
1,-1.0588235294117647,0.0,0.0,0.0,0.0,0.0,1,2.5,0,0,0,0,1,0,0,0,0,0,1,0,1,0,0,0,0
0,-0.8235294117647058,0.0,1.7723078896652316,1.0135734947947224,0.4491768952476266,1.3733048224778868,0,0.5,1,0,0,0,0,0,0,0,1,0,0,0,1,0,0,0,0
0,0.0,1.9937081116202005,0.3899649883623831,2.1826702515469947,0.0,0.0,0,0.0,1,0,1,0,0,0,0,0,0,1,0,0,1,0,0,0,0
0,0.1764705882352941,2.0010595910341364,0.0,0.0,0.6615863334646042,0.0,1,0.5,1,0,1,0,1,0,0,1,0,0,0,0,0,0,0,0,0
0,-0.7058823529411765,0.6862429319367085,0.7894331112229788,1.686581657152714,1.6166746517076969,0.0,1,0.0,1,0,0,0,1,0,0,0,0,1,0,0,1,0,0,0,0
0,1.3529411764705883,1.631517738308544,0.0,1.9179480942721947,0.0,0.0,0,0.0,1,0,0,0,1,0,0,0,0,0,1,0,0,1,0,0,0
1,-0.4117647058823529,0.0,0.0,0.0,0.0,0.0,0,1.5,0,0,1,0,1,0,0,0,0,1,0,0,0,0,0,0,1
0,-0.5882352941176471,0.0,0.0,0.0,0.0,0.0,0,0.0,0,0,0,1,0,0,0,0,0,0,1,0,0,1,0,0,0
0,0.0,0.7580159921564845,0.0,2.1319164595196223,0.0,0.9795383243914376,0,0.0,1,0,0,0,1,0,0,0,0,0,1,0,1,0,0,0,0
0,-1.3529411764705883,0.0,0.0,0.0,0.0,0.0,1,1.0,0,0,0,0,1,0,0,0,0,0,1,0,0,0,0,0,0
0,0.8823529411764706,1.863482077584032,0.0,0.0,0.0,0.0,0,0.5,1,0,1,0,1,0,0,1,0,0,0,0,0,0,0,0,0
0,1.4705882352941178,0.5206212286759118,1.8791098348889284,0.7925087653372185,1.7667449002277529,0.1866524112389433,0,0.5,1,1,0,0,1,0,0,1,0,0,0,0,0,0,0,0,0
0,0.4117647058823529,0.0,1.501391413433905,2.158668696393338,0.0,0.0,1,0.0,1,0,1,1,0,0,0,0,1,0,0,0,0,0,0,0,0
0,1.0588235294117647,0.3708980468307378,1.8802490922028927,2.2337703897333365,1.557440697488489,0.0,1,0.0,1,1,0,0,1,1,0,0,0,0,0,0,0,0,0,0,0
0,0.1176470588235294,0.0,0.0,0.0,0.0,0.0,1,0.0,0,0,1,0,1,0,0,0,1,0,0,0,0,0,0,0,0
0,2.117647058823529,0.3708980468307378,1.6202788627619291,0.0,0.0,0.4824894837218527,0,0.5,1,0,0,0,1,0,0,0,0,0,1,0,0,0,0,0,0
1,-0.5294117647058824,0.0,0.0,0.0,0.0,0.0,1,0.0,0,0,0,0,1,0,0,0,0,1,0,0,1,0,0,0,0
0,-0.1176470588235294,0.0,1.9781826542526375,0.9709864627580668,0.8069412630618639,1.9620439791730435,1,0.0,1,1,0,0,0,0,1,0,0,0,0,0,0,0,0,0,0
0,-0.4705882352941176,0.9187508675692698,0.1679487789570419,2.2192509104137,0.0,0.5239995654055677,0,0.0,1,0,0,0,0,0,0,0,0,1,0,0,1,0,0,0,0
1,0.0,0.0,0.0,0.0,0.0,0.0,1,0.0,0,0,1,0,1,0,0,0,1,0,0,0,1,0,0,0,0
1,1.411764705882353,0.0,0.0,0.0,0.0,0.0,0,0.5,0,1,0,0,0,1,0,0,0,0,0,0,0,0,0,0,0
1,-0.7058823529411765,0.0,0.0,0.0,0.0,0.0,1,0.0,0,0,0,1,0,0,0,0,0,0,1,0,1,0,0,0,0
1,0.4117647058823529,0.0,0.0,0.0,0.0,0.0,1,0.5,0,0,1,0,1,0,0,0,0,1,0,0,0,0,0,0,0
0,-0.5294117647058824,1.6374634582501897,0.0,0.0,1.4499494394597456,0.0,0,0.0,1,0,0,0,1,0,0,0,0,1,0,0,0,0,1,0,0
0,-0.1176470588235294,0.0,2.147644087143961,0.0,0.9598036371658886,1.5202200997417064,1,0.5,1,1,0,1,0,0,0,0,0,0,0,0,0,0,0,0,0
0,1.9411764705882355,0.5563470702461066,1.5248883830027553,0.2210647294575037,0.0,0.4333934776341722,0,1.5,1,0,0,1,0,0,0,0,0,1,0,0,0,0,0,0,0
0,0.6470588235294118,0.4305992976375693,0.0,0.0,0.0,1.9998397604784228,0,0.5,1,0,0,0,1,0,0,0,1,0,0,0,0,0,0,0,0
0,-0.0588235294117647,0.0,1.6040362607330092,0.9709864627580668,0.0,0.0,1,0.0,1,0,0,1,0,0,0,0,0,0,1,0,0,0,0,1,0
0,-0.0588235294117647,0.0,0.0,2.0969822898082464,0.0,0.1866524112389433,0,0.5,1,0,0,0,1,0,0,0,0,1,0,0,0,0,0,0,0
0,-0.8235294117647058,0.9801726798454278,0.0,0.0,1.654182857486691,0.0,1,0.0,1,0,0,0,0,0,0,0,0,0,1,0,0,1,0,0,0
0,1.2941176470588236,0.0,0.0,2.338087650736169,1.7217352410535969,0.0,0,0.0,1,0,0,0,1,0,0,0,0,1,0,0,0,0,0,0,0
0,-0.5294117647058824,0.0,1.9953543376485867,0.0,1.4196498191095732,2.196868613404801,0,0.0,1,1,0,0,1,0,1,0,0,0,0,0,0,0,0,0,0
0,-0.3529411764705882,0.0,0.0,1.513296406116052,0.2754115523761867,1.7578648805961996,1,0.0,1,0,0,0,1,0,0,0,0,1,0,0,0,0,0,1,0
1,0.1176470588235294,0.0,0.0,0.0,0.0,0.0,0,0.5,0,0,0,1,0,0,0,0,0,0,1,0,1,0,0,0,0
0,0.3529411764705882,0.0,1.5463068129138162,0.0,0.34753068574288,2.3670657128999184,1,1.0,1,1,0,0,1,0,1,0,0,0,0,0,0,0,0,0,0
0,-0.2352941176470588,0.7877740089073892,1.904887591330052,0.0,0.0,1.2958370724829091,0,0.0,1,0,0,0,1,0,0,0,0,1,0,0,1,0,0,0,0
1,-0.6470588235294118,0.0,0.0,0.0,0.0,0.0,0,0.0,0,0,0,1,0,0,0,0,0,0,1,0,0,1,0,0,0
0,-0.0588235294117647,0.9660880391837954,1.87407487199384,0.0,1.939198869236452,1.366655533828889,1,0.0,1,1,0,0,1,0,0,0,0,1,0,0,1,0,0,0,0
0,-0.0588235294117647,0.0,0.0,0.0,1.0921850716455084,1.770177082572307,1,0.5,1,0,0,0,1,0,0,0,1,0,0,0,0,0,0,0,0
1,0.1176470588235294,0.0,0.0,0.0,0.0,0.0,1,0.0,0,1,0,0,1,1,0,0,0,0,0,0,0,0,0,0,0
0,0.8235294117647058,0.0,2.02289864125664,0.0,1.8115412159456064,1.9270331930925804,0,0.5,1,1,0,0,1,0,0,0,0,0,0,0,0,0,0,0,0
0,1.0588235294117647,1.779604018785548,1.070680088297711,0.0,0.4878209905931642,0.0,1,1.0,1,0,1,0,1,0,0,1,0,0,0,0,0,0,0,0,0
0,0.7058823529411765,1.5641935676869343,0.0,2.150875977397669,0.0,1.2823701410012094,1,0.5,1,0,1,0,1,0,0,0,0,1,0,0,0,0,0,0,1
0,-0.4117647058823529,0.0,0.0,0.0,0.0,0.0,0,0.5,0,0,1,0,1,0,0,0,1,0,0,0,1,0,0,0,0
0,1.0588235294117647,0.0,0.5579137673194251,0.0,1.693314392998319,0.7629347951689582,0,0.0,1,0,0,0,1,0,0,0,0,0,1,0,1,0,0,0,0
0,-1.0588235294117647,0.0,0.0,0.0,0.0,0.0,0,3.0,0,0,0,0,1,0,0,0,0,0,1,0,1,0,0,0,0
0,0.6470588235294118,0.8388901471096889,0.5579137673194251,1.1843657844554036,1.6538410845660805,0.0,0,1.0,1,0,0,0,1,0,0,0,0,1,0,0,0,0,0,0,1
1,-0.5882352941176471,0.0,0.0,0.0,0.0,0.0,0,1.0,0,1,0,0,0,0,1,0,0,0,0,0,0,0,0,0,0
1,-0.5882352941176471,0.0,0.0,0.0,0.0,0.0,1,1.5,0,1,0,0,1,0,1,0,0,0,0,0,0,0,0,0,0
0,0.5882352941176471,0.0,2.2308298494478898,0.0,2.167938105068706,1.7550948671090494,1,0.0,1,1,0,0,0,0,1,0,0,0,0,0,0,0,0,0,0
0,-1.1176470588235294,0.0,0.0,0.0,0.0,0.0,1,2.0,0,0,0,0,1,0,0,0,0,0,1,0,0,0,0,0,0
1,-0.0588235294117647,0.0,0.0,0.0,0.0,0.0,0,0.0,0,1,0,0,1,0,1,0,0,0,0,0,0,0,0,0,0
0,0.2941176470588235,1.1515370625991643,0.0,2.2403642126866443,0.0,1.2753753968743469,0,0.0,1,0,1,0,1,0,0,0,0,1,0,0,0,0,0,0,0
0,0.3529411764705882,0.8716919553520774,0.0,2.30511109285745,1.6057292742365532,0.0,0,0.0,1,0,1,0,1,0,0,0,0,1,0,0,0,1,0,0,0
1,0.5294117647058824,0.0,0.0,0.0,0.0,0.0,0,0.0,0,0,0,0,1,0,0,0,0,0,1,0,1,0,0,0,0
0,-0.1176470588235294,1.6398052358826425,1.32896010204202,0.0,1.3739435553928785,0.0,1,0.0,1,0,0,1,0,0,0,0,0,1,0,0,0,0,1,0,0
0,1.1764705882352942,1.3595113757856008,0.0,2.2698831549447727,0.9052224502512914,0.0,0,0.5,1,0,1,0,1,0,0,0,0,1,0,0,0,0,0,1,0
1,1.1764705882352942,0.0,0.0,0.0,0.0,0.0,1,0.0,0,1,0,0,0,1,0,0,0,0,0,0,0,0,0,0,0
0,-0.4117647058823529,1.354479006989416,0.0,0.0,1.5795465013429002,0.3733048224778867,1,0.0,1,0,0,0,1,0,0,0,0,0,1,0,0,0,0,0,0
1,-0.4117647058823529,0.0,0.0,0.0,0.0,0.0,0,0.0,0,0,0,0,1,0,0,0,0,0,1,0,1,0,0,0,0
1,-1.0588235294117647,0.0,0.0,0.0,0.0,0.0,0,3.0,0,0,0,0,1,0,0,0,0,0,1,0,0,0,1,0,0
0,-0.1176470588235294,1.869971393882751,0.1679487789570419,1.3409983657536353,0.0,0.4824894837218527,1,0.0,1,0,1,0,1,0,0,0,0,1,0,0,0,0,0,0,0
0,0.5294117647058824,0.0,1.9719650435304916,0.0,1.5408257305422797,1.5774389319128554,0,0.0,1,1,0,0,1,0,1,0,0,0,0,0,0,0,0,0,0
0,-0.2941176470588235,1.758764374144924,0.0,2.1013996594412485,1.4507196102604076,0.0,0,0.0,1,0,1,0,1,0,0,1,0,0,0,0,0,0,0,0,0
1,0.3529411764705882,0.0,0.0,0.0,0.0,0.0,0,0.5,0,0,0,0,0,0,0,1,0,0,0,0,0,0,0,0,0
0,-0.5294117647058824,0.0,0.0,2.1428880717594296,0.0,0.0,1,0.0,1,0,0,0,1,0,0,0,0,0,1,0,0,0,1,0,0
1,-1.411764705882353,0.0,0.0,0.0,0.0,0.0,0,1.0,0,0,1,0,1,0,0,0,0,1,0,0,0,1,0,0,0
1,-1.4705882352941178,0.0,0.0,0.0,0.0,0.0,0,2.5,0,1,0,0,1,0,1,0,0,0,0,0,0,0,0,0,0
1,0.2941176470588235,0.0,0.0,0.0,0.0,0.0,0,0.5,0,1,0,0,0,1,0,0,0,0,0,0,0,0,0,0,0
1,0.6470588235294118,0.0,0.0,0.0,0.0,0.0,0,0.0,0,0,0,1,0,0,0,0,0,0,1,0,0,0,0,1,0
1,-0.4705882352941176,0.0,0.0,0.0,0.0,0.0,1,0.5,0,1,0,0,0,1,0,0,0,0,0,0,0,0,0,0,0
1,-1.3529411764705883,0.0,0.0,0.0,0.0,0.0,1,1.0,0,0,1,0,1,0,0,1,0,0,0,0,0,0,0,0,0
1,0.4705882352941176,0.0,0.0,0.0,0.0,0.0,0,0.0,0,0,0,0,1,0,0,0,0,0,1,0,0,1,0,0,0
0,1.0,2.138212131098682,0.0,0.7647583148507885,0.6430081763978817,1.7613849635062786,0,0.0,1,0,1,0,0,0,0,0,0,1,0,0,0,0,0,1,0
1,0.9411764705882352,0.0,0.0,0.0,0.0,0.0,0,0.0,0,0,0,0,0,0,0,0,0,0,1,0,0,0,0,0,0
0,1.6470588235294117,0.1854490234153689,0.0,1.3004448942022404,0.0,1.8010569321958765,1,0.0,1,0,0,0,1,0,0,0,1,0,0,0,1,0,0,0,0
0,0.0588235294117647,1.3277911471852442,0.0,2.404244588019296,1.0386440953455376,0.0,0,0.5,1,0,1,0,1,0,0,0,1,0,0,0,1,0,0,0,0
0,0.5882352941176471,1.9462607190292236,0.3899649883623831,0.0,0.34753068574288,0.0,1,0.0,1,0,0,0,1,0,0,0,0,1,0,0,0,0,0,1,0
0,-1.4705882352941178,0.0,0.0,0.0,0.0,0.0,1,1.0,0,0,1,0,0,0,0,0,0,1,0,0,0,1,0,0,0
0,-0.1764705882352941,1.689651212249959,0.1679487789570419,0.0,1.3654447618956018,0.0,1,0.0,1,0,0,0,1,0,0,0,0,0,1,0,0,0,1,0,0
0,0.4705882352941176,1.4988266468165354,0.3899649883623831,1.951238553386505,0.5212960286143199,0.0,1,0.0,1,0,0,0,1,0,0,0,0,1,0,0,0,0,0,0,1
1,1.3529411764705883,0.0,0.0,0.0,0.0,0.0,1,0.0,0,0,1,0,1,0,0,0,1,0,0,0,0,1,0,0,0
1,-1.411764705882353,0.0,0.0,0.0,0.0,0.0,1,1.0,0,0,0,0,1,0,0,0,0,0,1,0,1,0,0,0,0
0,-0.2941176470588235,0.9009078313168304,1.277641837317138,0.350379306422211,0.0,1.5931297296346534,0,0.0,1,0,0,1,0,0,0,0,0,1,0,0,0,0,0,0,1
0,0.7058823529411765,1.9843860958442907,0.0,1.7771214514986924,1.363274268696821,0.0,1,2.5,1,0,0,0,0,0,0,0,0,1,0,0,0,0,0,0,1
1,0.7058823529411765,0.0,0.0,0.0,0.0,0.0,1,0.5,0,1,0,0,1,0,0,1,0,0,0,0,0,0,0,0,0
0,0.8823529411764706,0.0,1.656157505051201,2.192710818074088,0.0,1.6636122857131876,0,0.0,1,1,0,0,1,0,0,0,1,0,0,0,0,0,0,0,0
1,1.0588235294117647,0.0,0.0,0.0,0.0,0.0,1,0.5,0,1,0,0,0,0,1,0,0,0,0,0,0,0,0,0,0
1,-0.7647058823529411,0.0,0.0,0.0,0.0,0.0,1,0.0,0,0,0,0,0,0,0,0,0,0,1,0,0,0,1,0,0
1,0.1764705882352941,0.0,0.0,0.0,0.0,0.0,1,0.0,0,1,0,0,1,0,1,0,0,0,0,0,0,0,0,0,0
0,0.1764705882352941,0.8716919553520774,1.3339356130203193,1.6881883557089938,0.2754115523761867,1.5549857231313038,1,0.0,1,0,0,0,0,0,0,0,1,0,0,0,1,0,0,0,0
1,0.4117647058823529,0.0,0.0,0.0,0.0,0.0,1,0.0,0,0,1,0,1,0,0,0,0,1,0,0,0,0,0,0,0
1,0.5294117647058824,0.0,0.0,0.0,0.0,0.0,1,0.0,0,0,0,0,1,0,0,0,0,0,1,0,1,0,0,0,0
0,-0.7058823529411765,1.8500112634070505,0.1679487789570419,0.0,0.0,1.5438885186321232,1,0.0,1,0,0,0,0,0,0,0,0,1,0,0,1,0,0,0,0
0,1.7647058823529411,0.3708980468307378,1.7339335165366634,1.0847404419957667,1.2769542673889676,0.7106519766445111,0,0.0,1,0,0,0,0,0,0,0,0,1,0,0,0,0,0,0,0
0,-0.4117647058823529,0.8716919553520774,0.0,2.130718227719792,0.9542937362833052,1.0250676225999908,0,0.5,1,0,0,0,1,0,0,0,0,0,1,0,0,1,0,0,0
1,0.5882352941176471,0.0,0.0,0.0,0.0,0.0,1,1.5,0,1,0,0,0,0,0,0,0,0,0,0,0,0,0,0,0
0,1.2941176470588236,0.0,1.430862505823166,0.0,0.0,1.6147396579112858,1,0.5,1,0,0,0,1,0,0,0,0,0,1,0,0,0,1,0,0
0,-1.588235294117647,0.0,0.0,0.0,0.0,0.0,1,0.5,0,0,0,0,1,0,0,0,0,0,1,0,0,0,0,1,0
0,1.1764705882352942,0.0,0.0,0.0,0.0,0.0,0,0.0,0,0,1,0,1,0,0,0,0,1,0,0,0,0,0,0,0
0,0.3529411764705882,0.0,0.0,0.0,0.0,0.0,0,0.0,0,1,0,0,1,1,0,0,0,0,0,0,0,0,0,0,0
1,1.7058823529411764,0.0,0.0,0.0,0.0,0.0,1,0.0,0,1,0,0,0,0,1,0,0,0,0,0,0,0,0,0,0
1,-0.1764705882352941,0.0,0.0,0.0,0.0,0.0,1,0.0,0,0,0,1,0,0,0,0,0,0,1,0,1,0,0,0,0
0,0.1176470588235294,0.0,1.3953753952730474,0.0,0.0,1.5688399208988189,0,0.0,1,0,0,0,1,0,0,0,0,0,1,0,0,0,1,0,0
0,-0.2352941176470588,0.9099780689616576,0.8614568196209993,0.2210647294575037,1.9932912901272128,0.0,1,0.5,1,0,0,0,0,0,0,0,0,1,0,0,1,0,0,0,0
0,-0.4117647058823529,2.011721400117544,0.0,0.0,0.0,0.0,0,0.5,1,0,0,0,0,0,0,0,0,1,0,0,0,0,0,0,1
0,0.2352941176470588,1.0124462620792734,1.614469526394645,0.2210647294575037,1.627921737477185,0.0,0,0.0,1,0,1,0,1,0,0,0,0,1,0,0,0,0,0,0,0
0,-0.2352941176470588,0.0,0.0,0.0,0.34753068574288,2.035797428789685,0,0.0,1,0,0,1,0,0,0,0,0,1,0,0,1,0,0,0,0
0,-0.2941176470588235,0.0,1.0328425196153972,1.6614561514340669,1.6090224631167356,0.819836637888477,1,1.0,1,0,0,0,1,0,0,0,0,1,0,0,0,0,0,0,0
0,-0.0588235294117647,0.0,2.2228216915367867,1.2601661640796695,1.3577643678142373,2.09912041263285,1,0.0,1,1,0,0,0,0,1,0,0,0,0,0,0,0,0,0,0
1,0.0,0.0,0.0,0.0,0.0,0.0,0,3.0,0,0,0,0,1,0,0,0,0,0,1,0,0,0,1,0,0
0,1.3529411764705883,1.7708196976909545,1.237164821286718,1.7854990548401886,0.0,0.0,1,0.0,1,0,1,0,1,0,0,1,0,0,0,0,0,0,0,0,0
0,-0.0588235294117647,0.0,0.0,0.0,0.0,0.0,1,0.0,0,0,1,0,1,0,0,0,1,0,0,0,0,0,0,0,0
0,1.1176470588235294,1.3952372173557956,0.5038463368711258,2.0597512987058635,1.3059681593182528,0.4824894837218527,1,0.0,1,0,0,0,1,0,0,0,0,0,1,0,0,0,1,0,0
1,0.3529411764705882,0.0,0.0,0.0,0.0,0.0,0,0.5,0,0,1,0,1,0,0,0,0,1,0,0,0,0,1,0,0
0,0.5294117647058824,2.033995005464779,0.0,0.7647583148507885,1.1224253499671306,0.0,0,0.5,1,0,1,0,1,0,0,0,1,0,0,0,1,0,0,0,0
1,0.3529411764705882,0.0,0.0,0.0,0.0,0.0,0,0.0,0,1,0,0,0,0,1,0,0,0,0,0,0,0,0,0,0
0,0.7058823529411765,0.0,0.0,2.2847902725981064,1.3577643678142373,0.0,0,3.5,1,0,0,0,0,0,0,0,0,1,0,0,0,0,0,0,1
0,1.3529411764705883,1.2786372208323962,0.0,2.216204765108816,0.0,0.0,1,0.0,1,0,1,0,1,0,0,0,0,1,0,0,0,0,0,1,0
0,-0.2941176470588235,1.344121079153496,0.0,2.0475224912014984,0.4878209905931642,0.0,1,0.0,1,0,0,0,1,0,0,0,0,0,1,0,0,0,0,1,0
1,0.2941176470588235,0.0,0.0,0.0,0.0,0.0,1,0.5,0,1,0,0,1,0,0,1,0,0,0,0,0,0,0,0,0
0,0.2352941176470588,0.0,2.1335687746482987,1.7172715661328326,1.614283310219386,2.671335573380423,0,1.5,1,1,0,0,1,0,1,0,0,0,0,0,0,0,0,0,0
0,-0.0588235294117647,0.0,1.455928648026552,0.0,0.0,1.6756309440882164,1,0.0,1,0,0,0,0,0,0,0,0,0,1,0,0,0,1,0,0
0,-1.4705882352941178,0.0,0.0,0.0,0.0,0.0,0,1.0,0,1,0,0,1,0,1,0,0,0,0,0,0,0,0,0,0
1,-0.1176470588235294,0.0,0.0,0.0,0.0,0.0,0,1.0,0,1,0,0,1,1,0,0,0,0,0,0,0,0,0,0,0
0,-1.3529411764705883,0.0,0.0,0.0,0.0,0.0,0,1.0,0,0,1,0,1,0,0,0,0,1,0,0,0,0,0,1,0
1,0.0,0.0,0.0,0.0,0.0,0.0,0,0.5,0,0,0,0,1,0,0,0,0,0,1,0,1,0,0,0,0
1,0.0588235294117647,0.0,0.0,0.0,0.0,0.0,1,0.5,0,0,0,0,1,0,0,0,0,1,0,0,1,0,0,0,0
0,0.2941176470588235,2.099222140211797,0.0,1.9533390812137923,0.2754115523761867,0.0,1,0.0,1,0,1,0,0,0,0,1,0,0,0,0,0,0,0,0,0
1,1.588235294117647,0.0,0.0,0.0,0.0,0.0,1,2.5,0,1,0,0,1,0,1,0,0,0,0,0,1,0,0,0,0
0,-0.0588235294117647,0.0,2.182415484726416,1.699214159516718,0.0,1.6384492622691973,0,0.5,1,1,0,0,0,1,0,0,0,0,0,0,1,0,0,0,0
0,-1.1176470588235294,0.0,0.0,0.0,0.0,0.0,0,1.0,0,0,1,0,1,0,0,0,0,1,0,0,0,0,0,0,0
1,0.2352941176470588,0.0,0.0,0.0,0.0,0.0,0,0.0,0,1,0,0,0,0,1,0,0,0,0,0,0,0,0,0,0
0,1.3529411764705883,1.5733153507295552,0.0,2.0695955675371427,0.0,0.0,0,0.0,1,0,1,0,1,0,0,0,1,0,0,0,0,0,0,0,0
0,-0.3529411764705882,0.973223032322758,0.0,1.1053236472875188,1.6412162431181676,1.11991446743366,0,0.0,1,0,0,0,1,0,0,0,1,0,0,0,1,0,0,0,0
0,-0.4117647058823529,0.0,0.0,2.1482355094207355,0.4491768952476266,0.0,1,0.0,1,0,0,0,1,0,0,0,0,0,1,0,0,0,1,0,0
0,-0.8235294117647058,0.4305992976375693,1.1158275346388502,0.2210647294575037,0.0,1.7207800339624244,0,0.0,1,0,0,0,0,0,0,0,0,1,0,0,0,0,1,0,0
0,0.8235294117647058,1.7907745605787515,0.6864843932202759,1.5424304986377817,1.7339540443414403,0.0,0,1.0,1,0,1,0,1,0,0,1,0,0,0,0,0,0,0,0,0
0,0.2352941176470588,1.5215297062429307,1.4964056640569714,1.1053236472875188,0.34753068574288,0.0,1,0.0,1,0,0,0,1,0,0,0,0,0,1,0,0,0,1,0,0
1,0.0,0.0,0.0,0.0,0.0,0.0,0,0.0,0,0,0,0,1,0,0,0,0,0,1,0,0,0,1,0,0
1,0.4117647058823529,0.0,0.0,0.0,0.0,0.0,1,0.0,0,0,1,0,1,0,0,0,1,0,0,0,0,0,0,0,0
1,-0.2352941176470588,0.0,0.0,0.0,0.0,0.0,0,0.5,0,0,0,0,1,0,0,0,0,0,1,0,0,0,1,0,0
0,0.8823529411764706,0.0,0.0,0.700758612844422,2.039232916281981,0.0,1,0.0,1,0,0,0,1,0,0,0,0,1,0,0,0,0,1,0,0
1,1.1176470588235294,0.0,0.0,0.0,0.0,0.0,1,1.5,0,1,0,0,1,0,1,0,0,0,0,0,0,0,0,0,0
0,-0.0588235294117647,1.809961732221688,0.0,0.0,0.0,0.0,0,0.0,1,0,1,0,0,0,0,1,0,0,0,0,0,0,0,0,0
0,-0.2941176470588235,1.734940724539882,0.2661925166888179,1.4131159216730742,0.0,0.0,0,0.0,1,0,0,0,0,0,0,0,0,1,0,0,0,0,1,0,0
1,1.5294117647058822,0.0,0.0,0.0,0.0,0.0,0,1.0,0,1,0,0,1,0,1,0,0,0,0,0,0,0,0,0,0
0,-0.4117647058823529,0.0,0.3358975579140839,2.603172100913107,1.3282372916761838,0.778326556204762,1,0.5,1,0,1,0,0,0,0,1,0,0,0,0,0,0,0,0,0
0,-0.7647058823529411,0.0,0.1679487789570419,1.911648057539268,1.4282066360762538,0.0,1,0.0,1,0,0,0,0,0,0,0,0,1,0,0,0,0,0,1,0
1,1.588235294117647,0.0,0.0,0.0,0.0,0.0,1,0.0,0,0,1,0,1,0,0,0,1,0,0,0,0,0,0,0,0
0,0.8235294117647058,0.0,1.4594745484390674,0.0,2.081173969664659,0.0,1,0.0,1,1,0,0,1,0,1,0,0,0,0,0,0,0,0,0,0
0,-0.4117647058823529,1.7860923793208106,0.0,0.0,0.0,0.0,0,0.0,1,0,0,0,1,0,0,0,1,0,0,0,0,0,0,0,0
0,-0.4705882352941176,1.8534430845335108,1.3537840392709202,1.5805569126628694,0.0,0.0,0,0.0,1,0,1,0,1,0,0,0,0,1,0,0,0,0,0,0,0
0,-0.5294117647058824,0.9099780689616576,0.0,2.470933226198607,0.0,0.1866524112389433,1,2.0,1,0,1,0,1,0,0,1,0,0,0,0,0,0,0,0,0
0,-0.2941176470588235,0.2939297479087193,1.34547583549571,1.8673521681070544,0.2754115523761867,0.0,1,1.0,1,0,0,1,0,0,0,0,0,1,0,0,0,1,0,0,0
0,1.5294117647058822,0.0,0.0,2.113452391518863,0.9651950363216428,0.0,0,0.0,1,0,0,0,0,0,0,0,0,1,0,0,0,0,0,0,1
0,0.5294117647058824,1.255153173325089,0.0,2.1840273982285354,1.6944803969535709,0.0,1,0.0,1,0,1,0,1,0,0,0,0,1,0,0,0,0,1,0,0
0,-0.5882352941176471,0.0,1.5519796208334178,0.0,0.0,1.4511827515438935,0,0.0,1,0,0,0,1,0,0,0,0,1,0,0,1,0,0,0,0
0,-0.1176470588235294,0.0,2.0220368779160194,0.0,0.2754115523761867,1.8308668150050929,1,0.0,1,1,0,0,1,0,1,0,0,0,0,0,0,0,0,0,0
1,-0.0588235294117647,0.0,0.0,0.0,0.0,0.0,1,2.0,0,1,0,0,0,0,1,0,0,0,0,0,0,0,0,0,0
1,-0.8235294117647058,0.0,0.0,0.0,0.0,0.0,1,0.5,0,1,0,0,1,1,0,0,0,0,0,0,0,0,0,0,0
1,0.5294117647058824,0.0,0.0,0.0,0.0,0.0,0,0.0,0,0,0,0,1,0,0,0,0,0,1,0,0,0,0,1,0
0,-0.5882352941176471,1.5432934381297827,1.2648863201534175,0.0,0.0,1.5974498625289135,1,3.0,1,0,0,0,0,0,0,0,0,1,0,0,0,0,0,0,0
0,-0.0588235294117647,1.467437599797733,1.3309625834440897,1.9889590478340795,0.0,0.0,0,0.5,1,0,0,0,1,0,0,0,0,0,1,0,0,0,0,0,1
0,1.6470588235294117,0.0,1.5152956574994458,1.5572670801880069,1.0425920572286398,0.3733048224778867,0,0.0,1,0,0,0,0,0,0,0,0,1,0,0,0,1,0,0,0
0,-1.0,0.0,0.0,0.0,0.0,0.0,1,2.0,0,0,0,0,0,0,0,0,0,0,1,0,0,0,0,0,0
0,-0.2941176470588235,0.5878594958174387,0.0,2.132712786996772,0.0,0.6906959960353908,0,0.0,1,0,0,0,1,0,0,0,0,1,0,0,1,0,0,0,0
1,0.1176470588235294,0.0,0.0,0.0,0.0,0.0,0,2.0,0,1,0,0,1,0,1,0,0,0,0,0,0,0,0,0,0
0,0.8823529411764706,1.998173737711592,1.5138937314831742,0.0,0.6430081763978817,1.753499114243317,0,0.0,1,1,0,0,0,0,0,0,0,0,0,0,0,0,0,0,0
0,0.5882352941176471,1.1478969195567656,0.0,0.9390669465144929,0.0,1.8033941788047527,1,0.5,1,0,0,0,1,0,0,0,0,1,0,0,0,0,0,0,1
0,0.0,1.471841754989393,0.0,1.9775221215661771,1.4282066360762538,0.8557943061997394,1,0.0,1,0,1,0,1,0,0,1,0,0,0,0,0,0,0,0,0
0,-0.3529411764705882,2.220909310237788,0.0,1.234638224252226,1.1107632287122309,0.0,0,0.0,1,0,1,0,0,0,0,1,0,0,0,0,0,0,0,0,0
1,0.9411764705882352,0.0,0.0,0.0,0.0,0.0,1,0.5,0,1,0,0,0,0,0,1,0,0,0,0,0,0,0,0,0
1,-1.4705882352941178,0.0,0.0,0.0,0.0,0.0,0,0.0,0,0,1,0,1,0,0,0,0,1,0,0,0,0,0,0,1
0,-0.2941176470588235,0.986946367883676,0.0,1.3263883767450224,0.34753068574288,1.7461988401345838,1,0.0,1,0,0,0,1,0,0,0,0,1,0,0,0,1,0,0,0
0,0.8823529411764706,1.690617084730084,0.0,2.252883748145841,0.0,1.5134756414475885,1,0.0,1,0,1,0,1,0,0,0,0,1,0,0,1,0,0,0,0
0,1.1764705882352942,0.0,0.1679487789570419,0.0,1.723554671319941,0.4824894837218527,1,0.5,1,0,0,0,1,0,0,0,1,0,0,0,1,0,0,0,0
0,0.6470588235294118,0.0,1.8153523349681,1.9689993598257816,0.5772359744023721,2.29288408945745,0,2.0,1,1,0,0,1,0,1,0,0,0,0,0,0,0,0,0,0
1,-0.3529411764705882,0.0,0.0,0.0,0.0,0.0,0,0.0,0,0,0,0,0,0,0,0,0,0,1,0,0,0,0,0,0
0,1.2352941176470589,0.0,0.0,0.0,1.5075806485670042,1.530488614532988,1,1.0,1,1,0,0,1,0,0,0,1,0,0,0,1,0,0,0,0
0,0.8235294117647058,2.190482334261368,1.97210653192606,0.0,0.0,1.0980095096213982,0,1.0,1,1,0,0,1,0,1,0,0,0,0,0,0,0,0,0,0
0,-1.411764705882353,0.0,0.0,0.0,0.0,0.0,0,2.5,0,0,0,0,1,0,0,0,0,0,1,0,0,1,0,0,0
1,-0.1764705882352941,0.0,0.0,0.0,0.0,0.0,0,0.0,0,0,0,1,0,0,0,0,0,0,1,0,0,1,0,0,0
1,-0.7647058823529411,0.0,0.0,0.0,0.0,0.0,1,0.0,0,0,0,1,0,0,0,0,0,0,1,0,0,1,0,0,0
0,0.2352941176470588,0.1854490234153689,0.0,0.350379306422211,1.6061432964585511,0.0,0,3.0,1,0,0,0,0,0,0,0,0,0,1,0,1,0,0,0,0
0,-0.4117647058823529,1.4267496429271276,0.0,2.0557269047538336,1.0577900678270156,1.6861101849782982,1,0.0,1,0,1,0,1,0,0,0,0,1,0,0,1,0,0,0,0
0,0.6470588235294118,0.0,1.6474035560110585,0.0,0.0,2.244585894162614,1,0.0,1,1,0,0,0,0,1,0,0,0,0,0,0,0,0,0,0
1,-0.5882352941176471,0.0,0.0,0.0,0.0,0.0,1,1.5,0,1,0,0,1,1,0,0,0,0,0,0,0,0,0,0,0
0,-0.4705882352941176,0.0,1.234209920390346,2.007153847350197,0.0,0.0,1,0.0,1,0,0,0,1,0,0,0,0,1,0,0,0,0,0,0,0
1,-0.4705882352941176,0.0,0.0,0.0,0.0,0.0,1,0.5,0,1,0,0,0,1,0,0,0,0,0,0,0,0,0,0,0
1,1.2941176470588236,0.0,0.0,0.0,0.0,0.0,0,0.0,0,0,1,0,1,0,0,0,0,1,0,0,0,0,0,0,0
0,-0.1176470588235294,1.9462607190292236,0.0,0.0,0.0,0.7106519766445111,0,0.5,1,0,1,0,1,0,0,0,0,1,0,0,0,0,0,1,0
1,0.2352941176470588,0.0,0.0,0.0,0.0,0.0,0,0.5,0,0,0,1,0,0,0,0,0,0,1,0,1,0,0,0,0
0,-0.0588235294117647,0.9587575426481764,0.91133453984985,2.0947504473280105,0.0,0.0,1,0.0,1,0,0,0,1,0,0,0,1,0,0,0,0,0,0,0,0
0,0.0,0.0,0.7489560951925592,0.0,2.2569524033337443,0.4333934776341722,1,0.0,1,1,0,0,1,1,0,0,0,0,0,0,0,0,0,0,0
0,1.3529411764705883,0.0,0.0,0.0,0.0,0.0,1,0.0,0,0,1,0,1,0,0,0,0,1,0,0,0,0,0,1,0
0,0.4705882352941176,0.0,1.767419380798555,0.350379306422211,1.5292913886868738,1.6912007431523666,1,1.5,1,1,0,0,0,1,0,0,0,0,0,0,0,0,0,0,0
0,-0.8235294117647058,0.0,0.656157505051201,2.154239055895165,0.0,1.1553456790609842,1,0.0,1,0,0,1,0,0,0,0,0,1,0,0,1,0,0,0,0
0,0.0,1.1948375792255497,1.3057659933110275,0.0,0.0,1.6624926063117984,1,0.5,1,0,0,0,1,0,0,0,0,0,1,0,0,1,0,0,0
1,-1.588235294117647,0.0,0.0,0.0,0.0,0.0,0,1.5,0,0,0,0,1,0,0,0,0,0,1,0,0,0,0,0,0
0,0.1764705882352941,1.3595113757856008,0.0,2.098313936790489,1.2769542673889676,0.0,1,1.0,1,0,1,0,1,0,0,0,0,1,0,0,0,0,0,0,1
1,-0.3529411764705882,0.0,0.0,0.0,0.0,0.0,1,2.0,0,1,0,0,0,0,0,0,0,1,0,0,1,0,0,0,0
0,-0.2941176470588235,0.2939297479087193,0.0,0.6206071563358557,1.159436277331762,1.69270933257733,1,0.0,1,0,0,0,1,0,0,0,0,1,0,0,1,0,0,0,0
0,1.5294117647058822,0.0,0.0,0.0,0.0,0.0,0,1.5,0,1,0,0,1,1,0,0,0,0,0,0,0,0,0,0,0
0,-0.2941176470588235,1.7661352641865335,1.1956174606310472,0.0,0.0,0.0,0,1.0,1,0,0,0,1,0,0,0,0,1,0,0,0,0,0,1,0
0,-0.1764705882352941,1.4897904503176815,0.0,2.124250498056154,0.0,0.0,1,1.0,1,0,1,0,1,0,0,0,0,1,0,0,0,0,1,0,0
0,0.1764705882352941,0.0,1.981742916461645,2.178908042903636,0.17376534287144,2.035937643584868,0,0.0,1,1,0,0,0,0,1,0,0,0,0,0,0,0,0,0,0
0,-0.3529411764705882,1.9067738823240443,0.0,2.2392272097394263,0.0,0.3733048224778867,0,2.0,1,0,1,0,1,0,0,0,0,1,0,0,0,0,0,1,0
1,-0.5294117647058824,0.0,0.0,0.0,0.0,0.0,1,0.0,0,0,0,0,0,0,0,0,0,1,0,0,1,0,0,0,0
0,0.8823529411764706,1.6284945831322115,0.0,0.0,0.0,1.4921653452860395,0,3.5,1,0,0,0,1,0,0,0,0,1,0,0,0,0,1,0,0
0,0.0,0.0,0.9573818901800208,0.0,0.911907923737988,1.7660079527236665,0,0.0,1,0,0,0,1,0,0,0,1,0,0,0,0,0,0,0,0
1,-1.411764705882353,0.0,0.0,0.0,0.0,0.0,1,1.0,0,0,0,0,1,0,0,0,0,0,1,0,1,0,0,0,0
0,-0.5294117647058824,1.72410403134028,0.0,0.0,0.8688267143571999,1.3510656981184213,0,1.0,1,0,0,0,1,0,0,0,0,0,1,0,0,0,1,0,0
0,0.4117647058823529,0.6648277947394572,1.9630273675631853,0.0,1.73519324804339,0.7466096449557734,1,0.5,1,1,0,0,1,1,0,0,0,0,0,0,1,0,0,0,0
0,-0.1764705882352941,0.0,0.5038463368711258,2.0118354578562774,0.4034706315309319,0.0,0,0.0,1,0,0,0,1,0,0,0,0,1,0,0,0,1,0,0,0
0,0.7058823529411765,1.0124462620792734,2.215784739862202,1.587224660513623,0.0,1.286934360574526,1,0.5,1,1,0,0,1,1,0,0,0,0,0,0,0,0,0,0,0
0,-1.588235294117647,0.0,0.0,0.0,0.0,0.0,0,1.0,0,0,1,0,0,0,0,0,1,0,0,0,0,0,0,0,0
0,1.588235294117647,1.754622123563802,0.0,1.935396837096648,0.0,1.042446717438683,1,0.5,1,0,1,0,1,0,0,1,0,0,0,0,0,0,0,0,0
0,1.4705882352941178,0.0,0.0,1.234638224252226,1.9128833739898683,0.0,0,0.0,1,0,0,0,1,0,0,0,0,1,0,0,0,0,0,0,1
1,0.6470588235294118,0.0,0.0,0.0,0.0,0.0,1,0.0,0,1,0,0,0,1,0,0,0,0,0,0,1,0,0,0,0
0,-0.1176470588235294,1.5610825281401968,1.5535763242756253,0.350379306422211,0.2754115523761867,0.7629347951689582,0,0.0,1,0,0,0,1,0,0,0,0,1,0,0,0,0,0,0,1
0,1.3529411764705883,1.6700842778934766,0.0,0.0,1.664553118367441,0.8323636643738357,0,0.0,1,0,1,0,1,0,0,0,1,0,0,0,1,0,0,0,0
0,-0.2941176470588235,0.9272451170768444,0.0,0.2210647294575037,0.8167735192693216,1.7855270522666655,0,0.5,1,0,0,0,1,0,0,0,0,0,1,0,0,0,0,1,0
0,1.6470588235294117,1.9146091999343948,0.0,0.6631941883725112,0.17376534287144,0.0,0,1.0,1,0,1,0,1,0,0,0,0,1,0,0,1,0,0,0,0
1,0.0,0.0,0.0,0.0,0.0,0.0,1,0.0,0,0,0,0,0,0,0,0,0,0,1,0,0,0,0,1,0
0,-0.4117647058823529,1.81241912158862,0.0,1.401517225688844,0.0,0.0,0,0.5,1,0,0,0,1,0,0,0,0,1,0,0,0,0,0,0,1
1,0.0588235294117647,0.0,0.0,0.0,0.0,0.0,0,0.5,0,1,0,0,0,0,1,0,0,0,0,0,0,0,0,0,0
1,0.0588235294117647,0.0,0.0,0.0,0.0,0.0,0,0.0,0,0,0,0,0,0,0,0,0,0,1,0,0,0,1,0,0
0,-0.5294117647058824,0.0,2.3495017245972813,1.3683518914982231,0.0,0.7466096449557734,1,0.5,1,1,0,0,0,0,1,0,0,0,0,0,0,0,0,0,0
1,0.2941176470588235,0.0,0.0,0.0,0.0,0.0,0,0.5,0,1,0,0,1,1,0,0,0,0,0,0,0,0,0,0,0
0,0.5882352941176471,1.1690299835740472,0.0,0.0,2.002821098193265,0.0,0,0.5,1,0,1,0,1,0,0,1,0,0,0,0,0,0,0,0,0
0,0.2352941176470588,1.8644907362204453,0.0,2.133110206349012,1.0721191333666933,0.0,1,0.0,1,0,0,0,1,0,0,0,0,1,0,0,1,0,0,0,0
1,-0.4705882352941176,0.0,0.0,0.0,0.0,0.0,0,0.0,0,0,0,0,1,0,0,0,0,0,1,0,0,0,0,0,0
0,-0.9411764705882352,0.0,0.0,0.0,0.0,0.0,0,2.0,0,1,0,0,0,0,0,0,0,0,0,0,0,0,0,0,0
0,0.2941176470588235,1.711920952894158,1.577067410394142,0.0,1.3127257220645228,0.0,0,0.0,1,0,0,0,1,0,0,0,0,1,0,0,0,0,0,0,0
1,-1.588235294117647,0.0,0.0,0.0,0.0,0.0,1,1.0,0,0,0,0,0,0,0,0,0,0,1,0,0,0,1,0,0
0,-0.4705882352941176,0.0,0.0,1.9826558982321965,0.2754115523761867,1.4385971662873864,1,0.0,1,0,0,0,1,0,0,0,0,0,1,0,0,0,1,0,0
0,1.5294117647058822,1.1854490234153687,0.0,2.3511821488572533,1.0305566069420662,0.0,1,0.5,1,0,1,0,0,0,0,1,0,0,0,0,0,0,0,0,0
0,0.0,0.0,1.9315523506495973,2.0705634863040587,1.5508231047523733,0.669141894960796,0,0.5,1,1,0,0,1,0,0,0,1,0,0,0,1,0,0,0,0
0,1.2941176470588236,0.8269972386639046,0.7894331112229788,2.334517120976367,0.0,1.8714747768901052,0,0.0,1,0,1,0,1,0,0,0,0,1,0,0,0,1,0,0,0
0,1.1764705882352942,2.067238267141527,0.0,1.521509623659744,0.0,0.0,0,0.0,1,0,1,0,1,0,0,1,0,0,0,0,0,0,0,0,0
0,-1.1764705882352942,0.0,0.0,0.0,0.0,0.0,1,1.0,0,0,0,0,1,0,0,0,0,0,1,0,0,0,0,0,0
0,0.4705882352941176,2.0712193371540817,0.0,1.9225927732876784,0.0,0.0,0,0.5,1,0,1,0,1,0,0,1,0,0,0,0,0,0,0,0,0
0,0.3529411764705882,1.2981431639075822,1.6027405417600644,0.7343611355735556,0.0,0.0,1,0.0,1,0,0,0,1,0,0,0,0,0,1,0,0,1,0,0,0
0,-0.4705882352941176,0.3708980468307378,0.4714918312586162,0.9709864627580668,1.0305566069420662,1.7716772675557644,0,0.0,1,0,0,0,1,0,0,0,0,0,1,0,1,0,0,0,0
1,-0.3529411764705882,0.0,0.0,0.0,0.0,0.0,0,0.5,0,0,1,0,1,0,0,1,0,0,0,0,0,0,0,0,0
1,-0.3529411764705882,0.0,0.0,0.0,0.0,0.0,0,0.0,0,0,0,0,1,0,0,0,0,0,1,0,0,1,0,0,0
1,-0.2941176470588235,0.0,0.0,0.0,0.0,0.0,1,0.0,0,0,0,0,1,0,0,0,0,0,1,0,0,0,1,0,0
0,-0.2941176470588235,0.0,0.0,0.0,0.0,0.0,1,0.0,0,0,0,0,1,0,0,0,0,0,1,0,0,0,0,0,0
0,1.6470588235294117,1.8249626555782248,1.6871730688251287,0.0,1.8614659272509844,1.7198748818225638,1,0.5,1,1,0,0,1,0,1,0,0,0,0,0,0,0,0,0,0
0,0.5882352941176471,0.0,1.1475755346267331,0.0,1.4161436025362617,1.648680219352234,0,0.0,1,0,0,0,1,0,0,0,0,0,1,0,0,0,0,0,0
1,-0.2941176470588235,0.0,0.0,0.0,0.0,0.0,0,0.5,0,0,0,0,1,0,0,0,0,0,1,0,1,0,0,0,0
1,0.0,0.0,0.0,0.0,0.0,0.0,1,0.5,0,0,1,0,1,0,0,0,1,0,0,0,1,0,0,0,0
1,0.0,0.0,0.0,0.0,0.0,0.0,0,0.0,0,0,1,0,0,0,0,0,0,1,0,0,0,0,1,0,0
1,-1.4705882352941178,0.0,0.0,0.0,0.0,0.0,1,2.5,0,0,0,0,1,0,0,0,0,0,1,0,0,1,0,0,0
0,-0.2352941176470588,1.1168422295742777,0.3899649883623831,0.0,1.761457736275361,0.0,0,0.0,1,0,0,1,0,0,0,0,0,1,0,0,0,0,0,1,0
1,0.1176470588235294,0.0,0.0,0.0,0.0,0.0,0,1.5,0,1,0,0,1,1,0,0,0,0,0,0,0,0,0,0,0
0,-0.6470588235294118,0.0,0.0,2.116395725424803,0.0,0.0,0,3.5,1,0,0,1,0,0,0,0,0,1,0,0,0,0,0,0,1
0,0.0,0.0,0.9753381681297422,0.0,1.6565623096406163,1.1994778117249834,0,0.0,1,0,0,0,1,0,0,0,0,1,0,0,0,0,0,0,1
0,-0.5294117647058824,1.9515842876019025,0.9920550629652848,1.4557029537097297,1.75786997702985,1.5624089882080252,1,0.0,1,0,0,0,0,0,0,0,0,1,0,0,0,0,1,0,0
1,-0.1764705882352941,0.0,0.0,0.0,0.0,0.0,1,1.0,0,0,0,0,1,0,0,0,0,0,1,0,0,1,0,0,0
1,0.7058823529411765,0.0,0.0,0.0,0.0,0.0,1,3.0,0,1,0,0,0,0,1,0,0,0,0,0,0,0,0,0,0
1,-0.5294117647058824,0.0,0.0,0.0,0.0,0.0,1,0.0,0,0,1,0,1,0,0,0,0,1,0,0,1,0,0,0,0
0,-0.7647058823529411,0.0,0.0,0.0,0.0,0.0,0,0.5,0,1,0,0,1,0,1,0,0,0,0,0,0,0,0,0,0
0,1.1764705882352942,1.4368947971903097,0.0,2.31311618474919,0.0,1.9158829613560249,0,1.0,1,0,1,0,1,0,0,0,0,1,0,0,0,0,0,0,0
0,0.8235294117647058,0.0,1.1659868340632773,0.0,1.1667031745002827,1.666391283628569,1,0.0,1,0,0,1,0,0,0,0,0,1,0,0,0,1,0,0,0
1,0.4117647058823529,0.0,0.0,0.0,0.0,0.0,0,0.5,0,0,0,1,0,0,0,0,0,0,1,0,0,1,0,0,0
0,0.8235294117647058,0.0,0.0,0.0,0.0,0.0,1,0.5,0,1,0,0,1,1,0,0,0,0,0,0,0,0,0,0,0
1,-1.1764705882352942,0.0,0.0,0.0,0.0,0.0,0,0.0,0,0,0,0,1,0,0,0,0,0,1,0,0,0,0,0,0
0,-1.1176470588235294,0.0,0.0,0.0,0.0,0.0,0,2.0,0,1,0,0,1,1,0,0,0,0,0,0,0,0,0,0,0
0,-0.0588235294117647,1.7206793908358469,0.0,1.6700531406587908,0.0,1.931821489093514,0,0.0,1,0,0,0,0,0,0,0,0,1,0,0,0,0,0,0,0
1,-0.5882352941176471,0.0,0.0,0.0,0.0,0.0,1,0.0,0,0,0,0,0,0,0,0,0,0,1,0,0,0,0,0,0
0,0.2352941176470588,0.0,1.775990070883391,0.0,0.0,0.0,0,0.0,1,0,0,0,1,0,0,0,0,1,0,0,0,0,0,0,1
0,-0.2941176470588235,0.0,0.0,0.0,1.66909944190058,0.0,1,0.0,1,0,0,0,1,0,0,0,0,1,0,0,0,0,1,0,0
0,0.1764705882352941,0.0,1.6806680104646663,0.0,1.1016462095047468,0.0,1,3.5,1,0,0,0,1,0,0,0,0,1,0,0,0,0,0,0,1
0,1.3529411764705883,0.7060702520912806,1.3279526208793688,0.0,1.2754115523761864,2.090903422715168,1,0.5,1,1,0,0,1,0,0,0,0,0,0,0,0,0,0,0,0
1,-0.3529411764705882,0.0,0.0,0.0,0.0,0.0,0,0.5,0,1,0,0,1,1,0,0,0,0,0,0,0,0,0,0,0
0,-0.6470588235294118,0.4305992976375693,1.797562228560614,0.0,0.8983537904952533,1.0,1,0.0,1,0,0,0,1,0,0,0,0,0,1,0,0,0,1,0,0
0,0.4117647058823529,0.0,0.0,2.1626758523382352,0.7860382942944486,0.0,0,0.0,1,0,0,0,1,0,0,0,0,1,0,0,0,0,0,0,1
1,1.1176470588235294,0.0,0.0,0.0,0.0,0.0,0,0.0,0,0,1,0,1,0,0,0,1,0,0,0,0,0,0,0,0
0,-1.2352941176470589,0.0,0.0,0.0,0.0,0.0,1,0.0,0,0,0,0,0,0,0,0,0,0,1,0,1,0,0,0,0
0,0.0588235294117647,1.8637345989679683,0.0,0.6206071563358557,1.1959648293340936,0.0,0,0.0,1,0,1,0,1,0,0,1,0,0,0,0,0,0,0,0,0
1,0.4117647058823529,0.0,0.0,0.0,0.0,0.0,0,0.0,0,1,0,0,0,0,0,0,1,0,0,0,0,0,0,0,0
0,-0.7647058823529411,0.2939297479087193,0.0,2.176143744004236,1.2183083079882069,0.0,0,0.0,1,0,1,0,1,0,0,0,1,0,0,0,1,0,0,0,0
1,0.6470588235294118,0.0,0.0,0.0,0.0,0.0,0,0.0,0,0,0,0,1,0,0,0,0,0,1,0,0,0,0,1,0
0,2.0588235294117645,0.0,1.7927175577877656,0.0,1.870993455576299,0.0,0,0.0,1,1,0,0,1,1,0,0,0,0,0,0,0,0,0,0,0
1,0.1764705882352941,0.0,0.0,0.0,0.0,0.0,0,0.0,0,0,1,0,1,0,0,0,1,0,0,0,1,0,0,0,0
0,-0.8235294117647058,1.689651212249959,1.335897557914084,0.0,0.4034706315309319,0.0,0,0.0,1,0,0,0,1,0,0,0,0,1,0,0,0,1,0,0,0
1,1.3529411764705883,0.0,0.0,0.0,0.0,0.0,1,0.0,0,1,0,0,1,1,0,0,0,0,0,0,0,0,0,0,0
1,0.3529411764705882,0.0,0.0,0.0,0.0,0.0,0,0.0,0,1,0,0,0,0,0,0,1,0,0,0,0,0,0,0,0
0,-0.1764705882352941,1.7523353883915305,0.0,1.2601661640796695,0.2754115523761867,0.4333934776341722,0,0.0,1,0,0,0,1,0,0,0,0,1,0,0,0,0,1,0,0
0,-0.3529411764705882,0.7417960936614756,0.0,2.5193873526860613,0.2754115523761867,0.0,0,0.0,1,0,0,1,0,0,0,0,0,1,0,0,0,0,0,0,0
1,-0.2941176470588235,0.0,0.0,0.0,0.0,0.0,1,0.0,0,0,0,0,1,0,0,0,0,0,1,0,0,1,0,0,0
1,1.5294117647058822,0.0,0.0,0.0,0.0,0.0,1,0.0,0,1,0,0,1,0,0,0,0,1,0,0,1,0,0,0,0
0,-0.9411764705882352,0.0,0.0,0.0,0.0,0.0,1,1.0,0,0,0,0,1,0,0,0,0,0,1,0,1,0,0,0,0
0,0.2352941176470588,0.0,1.1990789319364747,1.906839991771244,0.0,0.0,0,0.0,1,0,0,1,0,0,0,0,0,0,1,0,1,0,0,0,0
0,1.0,1.7042439898028725,0.0,1.7245038259009502,0.0,1.9800563415593249,0,0.5,1,0,1,0,1,0,0,0,0,1,0,0,0,0,1,0,0
1,0.4117647058823529,0.0,0.0,0.0,0.0,0.0,1,0.0,0,0,0,0,1,0,0,0,0,0,1,0,0,0,0,0,0
0,0.0,0.0,0.8397438947852097,0.0,0.17376534287144,2.514970670448191,1,0.0,1,1,0,0,1,1,0,0,0,0,0,0,0,0,0,0,0
1,0.5882352941176471,0.0,0.0,0.0,0.0,0.0,0,0.0,0,0,1,0,1,0,0,0,1,0,0,0,1,0,0,0,0
0,-0.1764705882352941,0.0,0.0,1.5398892183481556,0.4034706315309319,1.657966743338228,1,0.0,1,0,0,0,1,0,0,0,0,1,0,0,0,0,0,0,1
1,0.9411764705882352,0.0,0.0,0.0,0.0,0.0,1,0.0,0,1,0,0,1,0,1,0,0,0,0,0,0,0,0,0,0
1,-1.588235294117647,0.0,0.0,0.0,0.0,0.0,1,3.0,0,0,0,0,1,0,0,0,0,0,1,0,0,0,1,0,0
0,1.3529411764705883,0.0,1.266192516688818,0.0,0.17376534287144,1.7035213965214309,0,0.0,1,0,0,0,1,0,0,0,0,0,1,0,0,0,1,0,0
1,-1.411764705882353,0.0,0.0,0.0,0.0,0.0,1,2.0,0,0,0,0,1,0,0,0,0,0,1,0,0,0,1,0,0
0,0.0,1.885770313738713,0.0,0.6206071563358557,0.4034706315309319,0.0,1,0.0,1,0,1,0,1,0,0,0,0,1,0,0,1,0,0,0,0
1,-0.7647058823529411,0.0,0.0,0.0,0.0,0.0,1,0.0,0,0,0,0,1,0,0,0,0,0,1,0,1,0,0,0,0
0,-0.6470588235294118,1.9760577665816732,0.3899649883623831,0.0,1.308693081782223,0.0,0,1.0,1,0,0,0,0,0,0,0,0,0,1,0,1,0,0,0,0
0,-0.7058823529411765,0.0,0.0,0.7343611355735556,0.0,1.8471743056118797,1,0.0,1,0,0,1,0,0,0,0,0,1,0,0,0,0,0,1,0
1,0.5882352941176471,0.0,0.0,0.0,0.0,0.0,0,1.5,0,1,0,0,1,1,0,0,0,0,0,0,0,0,0,0,0
0,0.1176470588235294,0.0,1.756820795119193,0.0,1.5075806485670042,0.1866524112389433,1,1.5,1,1,0,0,1,0,0,0,0,0,0,0,0,0,0,0,0
0,2.235294117647059,0.4793787713240882,1.3961385419528138,0.0,0.0,1.2980175095626738,1,0.0,1,0,0,0,1,0,0,0,0,0,1,0,0,0,0,0,0
0,-0.1764705882352941,1.1948375792255497,1.5767060399013189,0.2210647294575037,0.0,0.0,1,0.0,1,0,0,1,0,0,0,0,0,1,0,0,0,0,0,0,1
0,0.2941176470588235,0.0,0.0,2.105756680604424,0.0,0.0,0,0.0,1,0,0,1,0,0,0,0,0,1,0,0,0,1,0,0,0
0,0.8235294117647058,0.0,1.7901834954415676,0.0,1.662579168023446,1.61406896638633,0,0.0,1,1,0,0,0,0,0,0,0,0,0,0,0,0,0,0,0
0,-0.4705882352941176,1.9580488100842768,0.0,1.7746868672419935,0.0,0.0,1,0.5,1,0,1,0,1,0,0,0,0,1,0,0,0,0,0,0,0
0,1.411764705882353,0.0,0.0,0.0,0.0,0.0,1,1.0,0,1,0,0,1,0,1,0,0,0,0,0,0,0,0,0,0
0,0.0,1.968146098458357,0.0,0.0,0.0,1.3419980902999276,0,0.0,1,0,1,0,1,0,0,0,0,1,0,0,0,0,1,0,0
0,0.8823529411764706,1.018458793455008,0.0,2.615922043410903,0.0,0.6200458888731157,0,0.0,1,0,1,0,1,0,0,0,0,1,0,0,1,0,0,0,0
1,-0.3529411764705882,0.0,0.0,0.0,0.0,0.0,1,0.0,0,0,1,0,1,0,0,0,0,1,0,0,0,0,0,1,0
1,-0.1176470588235294,0.0,0.0,0.0,0.0,0.0,0,0.0,0,0,0,1,0,0,0,0,0,0,1,0,1,0,0,0,0
0,-0.2941176470588235,1.7087864823900627,0.8614568196209993,0.0,0.0,0.0,0,0.0,1,0,0,0,1,0,0,0,0,0,1,0,0,0,1,0,0
0,0.2941176470588235,0.0,0.5579137673194251,0.7925087653372185,1.6710229070792058,1.11991446743366,1,0.0,1,0,0,0,1,0,0,0,0,1,0,0,1,0,0,0,0
0,-1.588235294117647,0.0,0.0,0.0,0.0,0.0,1,1.5,0,0,0,0,1,0,0,0,0,0,1,0,0,0,0,1,0
0,0.1176470588235294,0.0,1.5266732814648591,0.6631941883725112,1.976115249966571,1.980228792739131,1,1.5,1,1,0,0,1,0,1,0,0,0,0,0,0,0,0,0,0
1,-1.5294117647058822,0.0,0.0,0.0,0.0,0.0,0,0.5,0,0,0,0,1,0,0,0,0,0,1,0,0,1,0,0,0
0,0.1176470588235294,0.0,1.1059364114740275,1.9301866794007096,0.17376534287144,1.5887391566951563,0,0.0,1,0,0,0,1,0,0,0,0,0,1,0,0,0,1,0,0
0,-0.5294117647058824,0.6160483210529383,1.4635468942239012,0.0,1.3307317440823645,0.55995723371683,1,0.5,1,0,0,1,0,0,0,0,0,1,0,0,1,0,0,0,0
0,1.2941176470588236,1.5718164875017124,1.480263789059444,0.700758612844422,0.0,0.0,0,1.0,1,0,0,0,1,0,0,0,0,0,1,0,0,0,1,0,0
0,1.0588235294117647,0.1854490234153689,0.6717951158281678,1.2140550189604735,0.0,1.9767586093025689,1,0.0,1,0,0,1,0,0,0,0,1,0,0,0,1,0,0,0,0
1,0.7058823529411765,0.0,0.0,0.0,0.0,0.0,1,0.0,0,1,0,0,0,0,0,0,0,0,0,0,0,0,0,0,0
0,2.764705882352941,1.805919699475383,0.0,2.0089175144561247,0.8688267143571999,0.0,0,0.5,1,0,0,0,1,0,0,0,0,1,0,0,0,0,0,0,0
0,0.3529411764705882,1.9992405717682231,0.9920550629652848,0.5132964061160518,0.0,0.0,0,0.0,1,0,1,0,1,0,0,0,0,1,0,0,0,0,0,0,0
1,0.0588235294117647,0.0,0.0,0.0,0.0,0.0,1,0.0,0,1,0,0,0,0,0,1,0,0,0,0,0,0,0,0,0
0,0.6470588235294118,1.9598171336823127,0.0,0.0,0.8353516763360442,0.0,0,0.0,1,0,0,0,1,0,0,0,0,1,0,0,0,0,0,0,0
0,-0.7058823529411765,0.0,0.0,0.9554258650310592,1.470667214622256,1.5591349964121424,1,0.0,1,0,0,0,1,0,0,0,0,1,0,0,0,0,1,0,0
0,-1.0588235294117647,0.0,0.0,0.0,0.0,0.0,1,1.5,0,0,1,0,1,0,0,0,0,1,0,0,0,1,0,0,0
0,-0.2941176470588235,0.0,0.0,2.086124084031066,0.738142580866548,0.0,1,0.0,1,0,0,0,1,0,0,0,0,0,1,0,0,0,0,1,0
0,-0.3529411764705882,1.2400049928324772,0.5579137673194251,0.9858230443082924,1.5397498044339168,1.2532301155226493,1,0.0,1,0,0,0,0,0,0,0,0,1,0,0,0,0,0,0,1
1,-1.0,0.0,0.0,0.0,0.0,0.0,1,0.0,0,0,0,0,1,0,0,0,0,0,1,0,0,0,0,1,0
0,0.0,0.9187508675692698,0.0,2.11723171276822,0.0,1.0934062777324662,0,1.0,1,0,0,0,0,0,0,0,0,0,1,0,0,0,1,0,0
0,-0.3529411764705882,0.0,0.0,0.0,0.0,0.0,1,0.0,0,0,1,0,1,0,0,0,1,0,0,0,1,0,0,0,0
0,0.0,1.0,0.7700388535599437,1.3263883767450224,0.0,1.7433055236484674,0,0.0,1,0,0,0,1,0,0,0,0,1,0,0,0,0,0,0,1
0,1.1764705882352942,0.4793787713240882,1.680432425739715,0.0,0.8069412630618639,0.0,1,0.5,1,0,1,0,1,0,0,1,0,0,0,0,0,0,0,0,0
0,-0.0588235294117647,1.3660772607948242,0.0,2.152748730805216,0.0,0.9933507113510024,0,0.0,1,0,1,0,1,0,0,1,0,0,0,0,0,0,0,0,0
0,-0.3529411764705882,1.3002252474614595,1.136708293102476,0.700758612844422,0.34753068574288,1.6855957960767751,0,1.0,1,0,0,0,1,0,0,0,0,0,1,0,0,0,0,1,0
0,1.1176470588235294,0.0,2.039519935826384,0.0,1.378087292684946,2.4108845441812057,0,2.0,1,1,0,0,1,1,0,0,0,0,0,0,0,0,0,0,0
0,-1.588235294117647,0.0,0.0,0.0,0.0,0.0,0,1.0,0,0,1,0,1,0,0,0,0,1,0,0,1,0,0,0,0
0,0.2352941176470588,0.0,2.478730467344864,0.4421294589150075,1.331969723874446,2.168856495146004,1,0.5,1,1,0,0,0,1,0,0,0,0,0,0,0,0,0,0,0
1,-1.588235294117647,0.0,0.0,0.0,0.0,0.0,1,0.5,0,0,0,0,1,0,0,0,0,0,1,0,0,1,0,0,0
1,-0.2941176470588235,0.0,0.0,0.0,0.0,0.0,0,0.0,0,1,0,0,0,1,0,0,0,0,0,0,0,0,0,0,0
0,-0.5294117647058824,0.7060702520912806,1.6265417053057083,1.0627366152508633,0.0,1.0367774026065846,1,0.0,1,0,0,0,1,0,0,0,0,0,1,0,0,0,0,1,0
0,-0.0588235294117647,1.428039025598184,1.4200618823323905,1.376972118654315,0.0,0.3733048224778867,1,0.0,1,0,0,0,1,0,0,0,0,1,0,0,1,0,0,0,0
1,0.4705882352941176,0.0,0.0,0.0,0.0,0.0,1,0.0,0,1,0,0,1,0,0,1,0,0,0,0,0,0,0,0,0
0,1.5294117647058822,1.7718891716789889,0.0,0.0,0.5212960286143199,0.0,0,1.0,1,0,0,0,1,0,0,0,0,1,0,0,0,0,0,1,0
0,0.3529411764705882,0.0,0.0,0.0,1.5241808751609969,1.4584611002341632,1,0.0,1,0,0,0,0,0,0,0,1,0,0,0,1,0,0,0,0
0,-0.5882352941176471,1.997102632646493,0.0,1.5691245421003506,0.5508231047523734,0.5916741449658187,1,3.0,1,0,1,0,1,0,0,0,1,0,0,0,0,0,0,0,0
0,0.4117647058823529,1.534799188622208,1.5257824757904352,0.0,0.0,1.083956799122398,1,0.0,1,0,0,0,0,0,0,0,1,0,0,0,0,0,0,0,0
0,-0.3529411764705882,0.3708980468307378,0.1679487789570419,0.0,1.832517102223262,1.2681941044143816,1,0.0,1,0,0,0,1,0,0,0,0,1,0,0,1,0,0,0,0
0,0.7058823529411765,1.2501984690150425,1.3319576520727086,1.544951689545088,0.5212960286143199,2.2918021976523506,1,2.0,1,1,0,0,0,0,1,0,0,0,0,0,0,0,0,0,0
0,0.5294117647058824,0.0,0.0,0.0,0.0,0.0,0,0.0,0,1,0,0,1,1,0,0,0,0,0,0,0,0,0,0,0
0,0.0,1.846803875707151,0.0,1.051137919266633,0.17376534287144,0.0,1,0.5,1,0,1,0,1,0,0,0,1,0,0,0,0,0,0,0,0
0,1.0,0.8388901471096889,0.1679487789570419,0.0,1.6953513546279135,0.0,0,0.0,1,0,0,0,1,0,0,0,0,0,1,0,0,1,0,0,0
0,0.6470588235294118,0.0,1.5934711486203208,0.0,0.0,0.0,1,0.5,1,0,0,0,0,0,0,0,0,1,0,0,1,0,0,0,0
0,0.1176470588235294,2.112594588347281,0.0,0.0,1.9947001615469864,2.1126333071422185,0,0.5,1,1,0,0,0,0,1,0,0,0,0,0,0,0,0,0,0
0,-0.2941176470588235,1.7219687735069034,0.0,0.0,0.0,1.0741636286876712,0,1.0,1,0,0,1,0,0,0,0,0,1,0,0,0,0,0,0,1
1,0.4705882352941176,0.0,0.0,0.0,0.0,0.0,0,0.0,0,0,0,0,1,0,0,0,0,0,1,0,0,1,0,0,0
0,1.3529411764705883,1.6356935749286785,1.1849260702394897,1.683343771586719,0.8688267143571999,0.0,0,0.0,1,0,0,0,0,0,0,0,0,0,1,0,0,1,0,0,0
0,0.7647058823529411,1.0571409787674464,0.0,0.2210647294575037,1.4817799657864053,1.678817756524983,1,0.5,1,0,0,0,1,0,0,0,0,0,1,0,1,0,0,0,0
1,-1.5294117647058822,0.0,0.0,0.0,0.0,0.0,0,2.0,0,0,0,1,0,0,0,0,0,0,1,0,0,0,0,1,0
0,1.411764705882353,1.345875487973923,0.9753381681297422,1.0391014346221656,1.0823528154380506,1.5267997553666386,0,0.0,1,0,0,0,1,0,0,0,0,1,0,0,0,0,0,1,0
0,0.8823529411764706,0.0,1.48400386793494,0.2210647294575037,1.776157590816874,2.1595414469813834,0,0.5,1,1,0,0,1,1,0,0,0,0,0,0,0,0,0,0,0
0,-0.2352941176470588,0.0,0.0,1.9762256604764012,0.0,1.5533079450678324,1,3.5,1,0,0,0,1,0,0,0,0,0,1,0,0,0,0,0,0
0,-0.0588235294117647,0.0,1.9837059575791005,1.234638224252226,0.7510013172738119,1.4643796353599083,1,0.5,1,1,0,0,0,0,1,0,0,0,0,0,0,0,0,0,0
0,0.0,1.7393965584166031,1.5625586163403786,0.2210647294575037,0.0,0.0,0,0.0,1,0,1,0,1,0,0,0,1,0,0,0,0,0,0,0,0
0,-0.8235294117647058,0.0,1.1496916954186869,2.081488406648767,0.0,0.55995723371683,0,0.5,1,0,0,0,1,0,0,0,0,1,0,0,0,0,0,1,0
0,-1.2352941176470589,0.0,0.0,0.0,0.0,0.0,1,2.5,0,0,0,0,1,0,0,0,0,0,1,0,0,0,0,0,0
0,-0.2352941176470588,0.9660880391837954,0.7134342389808734,2.075835159862644,0.0,0.9415483256178016,0,0.0,1,0,0,0,1,0,0,0,0,1,0,0,0,0,1,0,0
0,1.9411764705882355,0.0,0.8397438947852097,0.6206071563358557,1.3566477049503642,1.5827714330574352,1,2.5,1,0,0,1,0,0,0,0,0,0,1,0,1,0,0,0,0
0,-0.8235294117647058,2.0645112030314654,0.8397438947852097,1.987081148460096,0.0,1.336407249170283,1,0.5,1,0,1,0,0,0,0,0,0,1,0,0,0,1,0,0,0
1,1.3529411764705883,0.0,0.0,0.0,0.0,0.0,1,0.0,0,0,0,0,1,0,0,0,0,0,1,0,1,0,0,0,0
0,-0.3529411764705882,0.5878594958174387,1.6187635428104004,0.0,0.0,0.0,0,0.0,1,0,0,0,1,0,0,0,0,1,0,0,0,0,0,0,1
0,1.588235294117647,0.3708980468307378,0.0,1.289446252936704,1.617466723135781,0.0,1,0.0,1,0,0,1,0,0,0,0,0,1,0,0,1,0,0,0,0
0,-1.0588235294117647,0.0,0.0,0.0,0.0,0.0,1,0.5,0,0,0,0,0,0,0,0,0,0,1,0,0,0,0,1,0
1,0.0,0.0,0.0,0.0,0.0,0.0,0,0.0,0,0,1,0,1,0,0,0,0,1,0,0,0,1,0,0,0
0,0.0,1.903313250258144,0.0,0.0,0.0,0.0,1,0.0,1,0,1,0,1,0,0,0,0,1,0,0,0,0,0,1,0
0,-0.8235294117647058,1.4080137428845103,0.0,0.0,0.9905388621407616,1.7790553320435312,0,0.5,1,0,0,0,1,0,0,0,1,0,0,0,0,0,0,0,0
1,0.2941176470588235,0.0,0.0,0.0,0.0,0.0,1,0.0,0,1,0,0,1,1,0,0,0,0,0,0,0,0,0,0,0
0,0.2941176470588235,0.0,1.313389507963178,0.0,2.0712148124741354,1.4769598744742445,1,2.0,1,1,0,0,0,0,1,0,0,0,0,0,0,0,0,0,0
1,-0.7058823529411765,0.0,0.0,0.0,0.0,0.0,1,0.0,0,0,0,0,1,0,0,0,0,0,1,0,0,0,0,0,0
0,-0.5294117647058824,1.5610825281401968,0.0,1.852385011738668,1.1618820567160562,0.0,0,0.0,1,0,0,0,1,0,0,0,0,1,0,0,1,0,0,0,0
0,-0.1176470588235294,0.0,0.0,0.0,0.0,0.0,1,2.0,0,1,0,0,1,1,0,0,0,0,0,0,0,0,0,0,0
0,1.2941176470588236,0.0,0.1679487789570419,2.3023195740387807,1.359982881394056,0.0,1,0.5,1,0,1,0,1,0,0,0,1,0,0,0,1,0,0,0,0
0,-0.4705882352941176,0.0,0.0,0.0,0.0,1.809637738119703,1,0.0,1,0,0,0,0,0,0,0,0,1,0,0,0,0,0,0,0
1,-0.2941176470588235,0.0,0.0,0.0,0.0,0.0,0,0.5,0,1,0,0,1,1,0,0,0,0,0,0,0,0,0,0,0
0,-1.4705882352941178,0.0,0.0,0.0,0.0,0.0,1,3.0,0,0,0,0,0,0,0,0,0,0,1,0,0,0,1,0,0
0,-0.4705882352941176,1.3510707266761657,0.0,2.359492183205365,0.34753068574288,0.0,0,0.5,1,0,1,0,1,0,0,1,0,0,0,0,0,0,0,0,0
1,1.0588235294117647,0.0,0.0,0.0,0.0,0.0,0,1.0,0,0,0,0,1,0,0,0,0,0,1,0,0,0,1,0,0
0,0.9411764705882352,0.0,0.0,0.2210647294575037,0.0,0.0,0,0.0,1,0,0,0,1,0,0,0,0,1,0,0,0,0,1,0,0
1,3.0,0.0,0.0,0.0,0.0,0.0,0,0.0,0,0,0,0,0,0,0,0,0,0,1,0,1,0,0,0,0
1,-1.2941176470588236,0.0,0.0,0.0,0.0,0.0,1,1.0,0,0,0,0,1,0,0,0,1,0,0,0,0,0,0,0,0
1,1.7058823529411764,0.0,0.0,0.0,0.0,0.0,1,0.0,0,0,0,0,1,0,0,0,0,0,1,0,0,0,0,0,0
1,-1.411764705882353,0.0,0.0,0.0,0.0,0.0,1,1.0,0,0,0,0,0,0,0,0,0,0,1,0,0,0,0,0,0
1,1.6470588235294117,0.0,0.0,0.0,0.0,0.0,1,0.0,0,0,0,0,0,0,0,0,0,0,1,0,0,0,0,1,0
1,0.1176470588235294,0.0,0.0,0.0,0.0,0.0,0,3.0,0,1,0,0,1,0,1,0,0,0,0,0,0,0,0,0,0
0,1.3529411764705883,0.0,1.9456014200887457,0.0,0.9542937362833052,1.7054414225385697,1,0.5,1,1,0,0,1,0,1,0,0,0,0,0,1,0,0,0,0
0,-0.3529411764705882,0.0,1.5043343508740137,0.0,2.070826245516819,0.9247126870847868,0,0.0,1,0,0,0,0,0,0,0,0,0,1,0,0,0,1,0,0
0,-0.3529411764705882,0.4793787713240882,0.0,0.0,0.7860382942944486,1.7399603563067758,1,0.0,1,0,0,0,1,0,0,0,0,1,0,0,0,0,0,0,1
1,1.4705882352941178,0.0,0.0,0.0,0.0,0.0,1,1.0,0,0,0,0,1,0,0,0,0,0,1,0,1,0,0,0,0
0,0.8823529411764706,1.6029946889366142,1.0493317968949574,1.168416011586873,1.6668365860604455,0.0,1,0.0,1,0,0,0,1,0,0,0,0,1,0,0,1,0,0,0,0
0,-0.2941176470588235,0.881789243726158,0.0,0.0,0.0,1.776863060710845,0,0.5,1,0,0,0,1,0,0,0,0,1,0,0,1,0,0,0,0
0,-1.1764705882352942,0.0,0.0,0.0,0.0,0.0,1,1.0,0,0,0,0,0,0,0,0,0,0,1,0,1,0,0,0,0
1,1.2941176470588236,0.0,0.0,0.0,0.0,0.0,1,0.0,0,0,0,0,0,0,0,0,0,0,1,0,0,0,1,0,0
0,1.7647058823529411,0.0,2.027274745437266,1.1053236472875188,1.629810897875105,2.3570447423432705,1,2.5,1,1,0,0,0,0,1,0,0,0,0,0,1,0,0,0,0
1,-0.8235294117647058,0.0,0.0,0.0,0.0,0.0,1,0.5,0,0,0,0,1,0,0,0,0,0,1,0,0,0,0,1,0
0,0.3529411764705882,0.814550976584631,0.0,1.898661877302696,1.5854560681506116,0.0,0,0.0,1,0,1,0,1,0,0,1,0,0,0,0,0,0,0,0,0
1,-0.7647058823529411,0.0,0.0,0.0,0.0,0.0,0,0.0,0,0,0,0,1,0,0,0,0,0,1,0,0,0,1,0,0
0,-0.2352941176470588,0.9272451170768444,0.0,2.273739658874392,0.0,1.042446717438683,1,3.0,1,0,1,0,1,0,0,0,0,1,0,0,1,0,0,0,0
1,0.9411764705882352,0.0,0.0,0.0,0.0,0.0,1,0.0,0,0,1,0,1,0,0,0,0,1,0,0,0,1,0,0,0
0,1.4705882352941178,0.2939297479087193,1.4295384649845928,0.0,1.923019681657811,2.0191653039391606,1,2.0,1,1,0,0,1,0,1,0,0,0,0,0,0,0,0,0,0
0,-0.2941176470588235,1.5007939085213395,0.9223500217400188,0.0,1.7474951007005,1.6258930246856849,1,0.0,1,0,0,0,1,0,0,0,0,0,1,0,1,0,0,0,0
1,0.8823529411764706,0.0,0.0,0.0,0.0,0.0,1,1.0,0,1,0,0,0,0,0,0,0,1,0,0,1,0,0,0,0
0,-1.4705882352941178,0.0,0.0,0.0,0.0,0.0,1,1.0,0,0,1,0,1,0,0,0,0,1,0,0,0,1,0,0,0
0,0.2352941176470588,0.7417960936614756,1.5802957184537847,1.4351197484179776,0.4878209905931642,0.0,1,0.0,1,0,0,0,0,0,0,0,1,0,0,0,0,1,0,0,0
1,-0.2941176470588235,0.0,0.0,0.0,0.0,0.0,1,0.0,0,1,0,0,0,0,1,0,0,0,0,0,0,0,0,0,0
0,0.0588235294117647,0.0,2.142518076522163,0.0,0.8526475267785586,1.030986157725736,0,2.0,1,1,0,0,1,0,0,0,0,0,0,0,0,0,0,0,0
0,1.0588235294117647,0.0,0.0,2.1048900252099743,0.34753068574288,0.4824894837218527,1,0.0,1,0,0,1,0,0,0,0,0,1,0,0,1,0,0,0,0
0,-0.2941176470588235,0.0,0.0,0.0,0.0,0.0,0,1.0,0,0,1,0,1,0,0,0,1,0,0,0,1,0,0,0,0
0,-0.1764705882352941,1.5539475350012342,0.5579137673194251,1.8745803299266728,0.0,0.0,0,0.0,1,0,0,0,1,0,0,0,0,1,0,0,0,0,0,1,0
0,-0.6470588235294118,0.0,0.0,2.087043188381585,0.0,1.2480514461492138,0,0.0,1,0,0,0,0,0,0,0,0,1,0,0,0,0,0,1,0
1,-0.2352941176470588,0.0,0.0,0.0,0.0,0.0,1,0.0,0,0,0,1,0,0,0,0,0,0,1,0,0,0,0,1,0
1,-0.5294117647058824,0.0,0.0,0.0,0.0,0.0,0,0.0,0,0,1,0,1,0,0,0,0,1,0,0,0,0,0,0,1
0,2.176470588235294,0.8014973444683071,1.3492035839536296,1.7038252613652811,0.0,1.4462188781202123,1,0.0,1,0,0,0,0,0,0,0,0,1,0,0,0,0,0,1,0
0,-1.5294117647058822,0.0,0.0,0.0,0.0,0.0,1,2.5,0,0,0,0,1,0,0,0,0,0,1,0,0,0,0,0,0
1,-0.7058823529411765,0.0,0.0,0.0,0.0,0.0,1,0.0,0,0,0,1,0,0,0,0,0,0,1,0,0,0,1,0,0
0,0.5882352941176471,0.0,0.0,0.7925087653372185,1.7388745241556791,0.55995723371683,0,3.0,1,0,0,0,1,0,0,0,0,1,0,0,0,0,0,0,1
0,1.7058823529411764,1.3002252474614595,0.0,2.190064089283285,0.0,1.0128254004860402,0,3.0,1,0,1,0,1,0,0,0,0,1,0,0,0,1,0,0,0
0,0.1764705882352941,1.4305992976375692,1.2266610584262947,2.503749852571417,1.2904274413549002,1.6585366536209325,1,0.5,1,1,0,0,1,0,0,0,1,0,0,0,1,0,0,0,0
1,-0.2352941176470588,0.0,0.0,0.0,0.0,0.0,0,0.0,0,0,1,0,1,0,0,0,1,0,0,0,1,0,0,0,0
0,-0.1764705882352941,0.0,1.1084473030682285,0.0,1.60281181356377,0.0,0,0.0,1,0,0,0,1,0,0,0,0,1,0,0,0,0,0,0,1
0,1.2941176470588236,1.4024104724020698,0.0,1.585017530674437,1.823815847475976,1.7020723391696797,0,0.5,1,0,0,0,1,0,0,0,0,0,1,0,0,0,0,1,0
0,-0.3529411764705882,0.0,1.177527056538668,1.7053475983316222,0.4034706315309319,1.6024039511555128,1,0.0,1,0,0,0,1,0,0,0,0,1,0,0,0,0,1,0,0
0,0.4705882352941176,0.0,1.742657589434095,0.5714440358797147,0.0,0.55995723371683,0,0.0,1,0,0,0,0,0,0,0,0,1,0,0,0,0,0,0,0
0,-0.2352941176470588,1.4814937735352105,0.0,2.2547878074664336,0.34753068574288,0.0,0,0.0,1,0,0,0,0,0,0,0,0,1,0,0,0,0,1,0,0
1,-0.8823529411764706,0.0,0.0,0.0,0.0,0.0,1,3.5,0,0,0,0,1,0,0,0,0,1,0,0,1,0,0,0,0
1,-1.1764705882352942,0.0,0.0,0.0,0.0,0.0,1,1.0,0,0,0,0,1,0,0,0,0,0,1,0,0,0,1,0,0
1,-1.1176470588235294,0.0,0.0,0.0,0.0,0.0,1,1.0,0,0,1,0,1,0,0,1,0,0,0,0,0,0,0,0,0
0,0.0588235294117647,1.5027468105236743,0.0,2.086583967295904,1.7175262792526562,0.0,0,0.5,1,0,1,0,1,0,0,0,0,1,0,0,0,1,0,0,0
1,-0.7647058823529411,0.0,0.0,0.0,0.0,0.0,0,1.0,0,1,0,0,1,0,0,0,1,0,0,0,1,0,0,0,0
0,-1.2352941176470589,0.0,0.0,0.0,0.0,0.0,1,3.5,0,0,0,0,1,0,0,0,0,0,1,0,0,0,0,1,0
1,0.2941176470588235,0.0,0.0,0.0,0.0,0.0,0,0.0,0,0,1,0,1,0,0,0,0,1,0,0,0,0,1,0,0
1,0.3529411764705882,0.0,0.0,0.0,0.0,0.0,0,0.0,0,1,0,0,1,0,0,0,1,0,0,0,0,0,0,0,0
1,-0.2352941176470588,0.0,0.0,0.0,0.0,0.0,1,0.0,0,0,0,1,0,0,0,0,0,0,1,0,0,0,1,0,0
0,-0.1176470588235294,0.0,0.8876768489547547,0.0,1.6903754332132688,1.2730028484159095,0,0.0,1,0,0,0,1,0,0,0,1,0,0,0,0,0,0,0,0
0,1.3529411764705883,0.0,1.3218181446006143,0.0,0.0,0.0,1,0.5,1,0,0,0,1,0,0,0,0,0,1,0,0,0,0,0,0
0,-0.9411764705882352,0.0,0.0,0.0,0.0,0.0,1,2.5,0,0,0,1,0,0,0,0,0,0,1,0,1,0,0,0,0
0,1.0,0.7877740089073892,1.7641047070739362,0.0,1.412587650738416,1.124089473669563,1,0.5,1,1,0,0,1,0,0,0,0,0,0,0,0,0,0,0,0
0,-0.8235294117647058,0.0,0.0,0.0,0.0,0.0,0,0.5,0,0,0,0,0,0,0,0,0,0,1,0,0,1,0,0,0
1,-0.5294117647058824,0.0,0.0,0.0,0.0,0.0,0,1.5,0,0,0,1,0,0,0,0,0,0,1,0,1,0,0,0,0
1,0.7647058823529411,0.0,0.0,0.0,0.0,0.0,1,0.0,0,0,0,0,1,0,0,0,0,0,1,0,0,0,0,0,0
1,-1.411764705882353,0.0,0.0,0.0,0.0,0.0,1,0.0,0,0,0,1,0,0,0,0,0,0,1,0,0,0,0,0,0
0,0.5882352941176471,0.0,2.0475771222195847,0.0,1.1916794190241615,1.4572616216002845,0,0.0,1,1,0,0,0,0,1,0,0,0,0,0,0,0,0,0,0
0,-0.1176470588235294,0.0,2.3663199037403078,0.0,1.3760239855770613,2.060312830415287,0,1.5,1,1,0,0,0,0,1,0,0,0,0,0,0,0,0,0,0
0,-1.411764705882353,0.0,0.0,0.0,0.0,0.0,0,3.0,0,0,0,0,1,0,0,0,0,0,1,0,0,0,0,1,0
0,-1.588235294117647,0.0,0.0,0.0,0.0,0.0,1,2.5,0,1,0,0,1,0,1,0,0,0,0,0,0,0,0,0,0
0,-0.4117647058823529,0.0,0.1679487789570419,0.0,0.763232542969351,1.0128254004860402,1,0.0,1,0,0,0,1,0,0,0,0,1,0,0,0,1,0,0,0
0,-0.3529411764705882,0.0,0.0,0.0,0.0,0.0,1,2.0,0,0,1,0,1,0,0,0,1,0,0,0,0,0,0,0,0
0,-0.8235294117647058,1.8196586988861,0.0,0.0,0.0,0.8667869552683445,1,0.0,1,0,0,0,1,0,0,0,0,1,0,0,0,0,0,1,0
0,0.7058823529411765,0.6160483210529383,1.7761489033181344,0.0,0.0,1.3438362032940447,0,1.0,1,1,0,0,1,0,0,0,0,0,0,0,0,0,0,0,0
1,-1.588235294117647,0.0,0.0,0.0,0.0,0.0,0,1.0,0,0,0,0,0,0,0,0,0,0,1,0,0,1,0,0,0
1,0.7647058823529411,0.0,0.0,0.0,0.0,0.0,1,0.5,0,1,0,0,1,1,0,0,0,0,0,0,1,0,0,0,0
0,2.0588235294117645,1.7576410146789587,0.2661925166888179,1.8426608136830984,0.0,1.6830090085759832,0,0.0,1,0,0,0,1,0,0,0,0,1,0,0,0,0,0,0,0
1,0.0,0.0,0.0,0.0,0.0,0.0,1,0.5,0,0,1,1,0,0,0,0,0,1,0,0,1,0,0,0,0
1,0.4117647058823529,0.0,0.0,0.0,0.0,0.0,0,0.0,0,0,1,0,1,0,0,0,0,1,0,0,0,0,0,0,1
1,0.1764705882352941,0.0,0.0,0.0,0.0,0.0,1,3.5,0,0,0,0,1,0,0,0,0,0,1,0,0,0,0,0,0
1,-1.0588235294117647,0.0,0.0,0.0,0.0,0.0,0,3.0,0,0,0,0,1,0,0,0,0,0,1,0,0,1,0,0,0
1,1.5294117647058822,0.0,0.0,0.0,0.0,0.0,1,2.5,0,0,0,0,0,1,0,0,0,0,0,0,0,0,0,0,0
0,0.0,0.0,1.9389626795894304,0.350379306422211,2.0131465727588216,1.136239617646845,1,0.5,1,1,0,0,1,1,0,0,0,0,0,0,0,0,0,0,0
1,0.0,0.0,0.0,0.0,0.0,0.0,1,0.5,0,1,0,0,1,1,0,0,0,0,0,0,0,0,0,0,0
1,-0.9411764705882352,0.0,0.0,0.0,0.0,0.0,0,1.0,0,0,1,0,1,0,0,0,0,1,0,0,0,0,0,0,0
0,0.0,1.994947471735289,0.0,1.894492811545552,0.4491768952476266,0.0,0,0.0,1,0,1,0,1,0,0,0,1,0,0,0,1,0,0,0,0
1,1.0,0.0,0.0,0.0,0.0,0.0,1,0.0,0,1,0,0,0,1,0,0,0,0,0,0,0,0,0,0,0
0,-0.5294117647058824,0.0,0.0,0.0,1.0425920572286398,1.6871360243448812,0,0.0,1,0,0,0,0,0,0,0,0,1,0,0,0,0,0,1,0
0,-0.4117647058823529,0.0,0.7376843479474341,0.2210647294575037,1.6412162431181676,0.0,0,0.0,1,0,0,0,1,0,0,0,0,1,0,0,0,0,0,1,0
0,-0.2941176470588235,1.775774402001001,0.6394406102156581,0.7647583148507885,0.0,0.0,1,0.0,1,0,0,0,1,0,0,0,0,0,1,0,0,0,0,0,0
0,0.1176470588235294,0.0,1.966309118008927,0.0,1.1980803726773,1.8527670820973603,1,2.0,1,1,0,0,0,0,1,0,0,0,0,0,0,0,0,0,0
0,0.7058823529411765,0.0,0.9169048741496012,2.1568304838756847,0.0,1.1994778117249834,0,0.5,1,0,0,0,1,0,0,0,1,0,0,0,0,0,0,0,0
1,2.0,0.0,0.0,0.0,0.0,0.0,0,0.5,0,0,1,0,1,0,0,0,0,1,0,0,0,0,0,0,1
0,-1.411764705882353,0.0,0.0,0.0,0.0,0.0,0,0.0,0,0,0,0,1,0,0,0,0,0,1,0,0,0,1,0,0
1,-1.411764705882353,0.0,0.0,0.0,0.0,0.0,1,3.0,0,0,0,0,1,0,0,0,0,0,1,0,0,0,0,1,0
0,0.9411764705882352,1.6777802942193778,0.6394406102156581,2.3497758455252256,0.6229422381190667,0.0,0,1.0,1,0,1,0,0,0,0,0,1,0,0,0,1,0,0,0,0
1,-1.411764705882353,0.0,0.0,0.0,0.0,0.0,1,2.5,0,0,0,0,0,0,0,0,0,0,1,0,0,1,0,0,0
1,0.2352941176470588,0.0,0.0,0.0,0.0,0.0,1,3.0,0,0,1,0,1,0,0,0,1,0,0,0,0,0,0,0,0
1,-0.7058823529411765,0.0,0.0,0.0,0.0,0.0,0,0.0,0,0,0,1,0,0,0,0,0,0,1,0,0,1,0,0,0
0,1.588235294117647,1.814247463918594,0.2661925166888179,2.001803561765356,0.2754115523761867,0.0,0,0.0,1,0,0,0,1,0,0,0,0,1,0,0,0,1,0,0,0
1,1.3529411764705883,0.0,0.0,0.0,0.0,0.0,0,0.0,0,0,0,0,1,0,0,0,0,0,1,0,0,0,1,0,0
1,0.5882352941176471,0.0,0.0,0.0,0.0,0.0,1,1.0,0,0,1,0,1,0,0,0,0,1,0,0,0,0,0,1,0
0,1.0,0.0,2.0279496730896147,0.0,1.5903499136804862,0.55995723371683,0,2.0,1,1,0,0,1,1,0,0,0,0,0,0,0,0,0,0,0
1,0.0,0.0,0.0,0.0,0.0,0.0,1,2.0,0,0,1,0,1,0,0,0,0,1,0,0,0,1,0,0,0
1,0.4705882352941176,0.0,0.0,0.0,0.0,0.0,1,0.0,0,0,1,0,1,0,0,0,1,0,0,0,1,0,0,0,0
1,-1.411764705882353,0.0,0.0,0.0,0.0,0.0,0,3.0,0,0,0,0,0,0,0,0,0,0,1,0,0,0,1,0,0
0,0.1176470588235294,0.4305992976375693,1.9730946440404007,0.0,0.0,0.0,0,0.5,1,1,0,0,1,0,0,1,0,0,0,0,0,0,0,0,0
1,-0.5294117647058824,0.0,0.0,0.0,0.0,0.0,0,0.0,0,0,0,0,1,0,0,0,0,0,1,0,0,0,0,0,0
1,0.3529411764705882,0.0,0.0,0.0,0.0,0.0,1,0.0,0,1,0,0,1,1,0,0,0,0,0,0,1,0,0,0,0
1,-1.411764705882353,0.0,0.0,0.0,0.0,0.0,0,0.5,0,0,0,0,0,0,0,0,0,0,1,0,0,1,0,0,0
1,-0.7647058823529411,0.0,0.0,0.0,0.0,0.0,0,1.5,0,1,0,0,1,1,0,0,0,0,0,0,0,0,0,0,0
0,0.0588235294117647,0.0,0.0,0.0,0.0,0.0,0,1.0,0,0,1,0,1,0,0,0,0,1,0,0,0,0,1,0,0
0,1.1176470588235294,0.9587575426481764,2.0068362769437837,0.0,1.9187765834940265,0.0,0,0.5,1,1,0,0,0,0,0,0,0,0,0,0,0,0,0,0,0
1,-1.0,0.0,0.0,0.0,0.0,0.0,1,2.5,0,0,0,1,0,0,0,0,0,0,1,0,0,0,0,0,0
0,0.0588235294117647,0.0,0.5579137673194251,0.0,1.7589966773463657,0.4824894837218527,1,0.0,1,0,0,0,0,0,0,0,0,1,0,0,0,0,1,0,0
1,1.1176470588235294,0.0,0.0,0.0,0.0,0.0,0,0.0,0,1,0,0,1,1,0,0,0,0,0,0,0,0,0,0,0
0,0.0588235294117647,0.4793787713240882,0.0,0.0,1.735440355405378,0.0,0,0.0,1,0,0,0,1,0,0,0,0,0,1,0,0,1,0,0,0
0,1.7058823529411764,0.0,1.5523797842117797,0.0,1.3018244220261852,0.0,0,0.0,1,0,0,0,1,0,0,0,0,0,1,0,0,0,1,0,0
0,0.4117647058823529,0.5206212286759118,1.6424919242388842,0.0,0.6011293213528106,2.072944602123904,1,0.5,1,0,0,0,1,0,0,1,0,0,0,0,0,0,0,0,0
0,-0.4705882352941176,1.2694894447472582,0.3358975579140839,2.052163415291355,0.0,0.0,1,0.0,1,0,0,0,1,0,0,0,0,1,0,0,0,0,0,1,0
0,0.2941176470588235,1.4093964146255231,0.0,2.238371789497758,0.0,0.0,1,0.0,1,0,1,0,1,0,0,0,0,1,0,0,0,0,0,1,0
0,0.0,1.3351722052605428,1.996380214261372,1.9762256604764012,0.0,0.7928859131524942,1,0.0,1,1,0,0,0,0,0,0,0,1,0,0,1,0,0,0,0
0,-0.4117647058823529,1.9980209849889616,0.0,1.9462828423063063,0.0,1.16971081854046,1,0.0,1,0,0,0,1,0,0,0,0,1,0,0,1,0,0,0,0
0,-0.5294117647058824,0.0,1.6613129946626817,0.0,0.0,0.0,0,0.0,1,0,0,0,1,0,0,0,0,1,0,0,0,0,0,0,1
1,1.0,0.0,0.0,0.0,0.0,0.0,0,0.0,0,0,0,0,1,0,0,0,0,0,1,0,0,0,1,0,0
0,0.2352941176470588,0.0,1.7824183053516869,0.0,1.149407324057769,1.9996794255477768,1,3.0,1,1,0,0,1,0,1,0,0,0,0,0,0,0,0,0,0
0,0.2352941176470588,1.9587575426481765,0.0,1.8305863499985264,0.0,0.0,0,0.0,1,0,1,0,1,0,0,0,0,1,0,0,1,0,0,0,0
0,0.5294117647058824,1.2896489144000076,0.3358975579140839,0.0,0.5212960286143199,0.0,1,1.0,1,0,0,0,1,0,0,0,0,1,0,0,1,0,0,0,0
0,0.3529411764705882,0.0,1.371286148633076,2.389836093715016,1.6469059148212468,2.3857480992896654,0,0.0,1,1,0,0,0,1,0,0,0,0,0,0,0,0,0,0,0
0,0.8823529411764706,0.6415482152485357,1.3852293548090413,0.818036705164662,0.0,1.6619310158933116,1,0.0,1,0,0,0,1,0,0,0,0,1,0,0,1,0,0,0,0
1,1.8235294117647056,0.0,0.0,0.0,0.0,0.0,1,0.0,0,0,1,0,1,0,0,0,0,1,0,0,1,0,0,0,0
0,-0.0588235294117647,0.0,1.3144592618885929,0.0,1.5241808751609969,2.236920602631734,1,2.0,1,1,0,0,1,0,1,0,0,0,0,0,1,0,0,0,0
0,0.5882352941176471,1.4640862442477651,0.2661925166888179,2.0934038063875176,0.0,0.0,0,0.0,1,0,1,0,1,0,0,0,1,0,0,0,0,0,0,0,0
0,-0.3529411764705882,0.0,0.0,2.170188828763696,0.34753068574288,0.0,0,0.0,1,0,0,0,1,0,0,0,0,1,0,0,0,0,0,1,0
1,-0.8235294117647058,0.0,0.0,0.0,0.0,0.0,1,0.0,0,0,0,1,0,0,0,0,0,0,1,0,0,0,0,1,0
0,-0.4705882352941176,2.041372428880451,0.0,1.7273514250765256,1.4290464706923305,0.806698300112059,1,0.5,1,0,1,0,1,0,0,0,0,1,0,0,0,0,0,0,0
1,0.1176470588235294,0.0,0.0,0.0,0.0,0.0,1,1.5,0,0,1,0,1,0,0,0,0,1,0,0,0,1,0,0,0
0,-0.4705882352941176,0.4305992976375693,0.5810073162355173,0.0,1.772988264174401,1.6322443216531923,0,0.5,1,0,0,0,1,0,0,0,1,0,0,0,0,0,0,0,0
1,0.5294117647058824,0.0,0.0,0.0,0.0,0.0,1,0.0,0,0,0,1,0,0,0,0,0,0,1,0,1,0,0,0,0
1,1.9411764705882355,0.0,0.0,0.0,0.0,0.0,1,0.5,0,1,0,0,1,0,1,0,0,0,0,0,0,0,0,0,0
1,-1.2941176470588236,0.0,0.0,0.0,0.0,0.0,0,0.0,0,0,0,1,0,0,0,0,0,0,1,0,0,0,0,0,0
0,0.8235294117647058,0.4305992976375693,1.6001281297091372,0.0,0.9905388621407616,0.0,1,0.0,1,0,0,0,0,0,0,0,1,0,0,0,1,0,0,0,0
0,1.7058823529411764,0.0,1.6135393952312218,0.818036705164662,0.34753068574288,0.9649789674437054,0,1.0,1,0,0,0,1,0,0,0,0,1,0,0,0,1,0,0,0
1,-1.4705882352941178,0.0,0.0,0.0,0.0,0.0,1,1.5,0,0,0,1,0,0,0,0,0,0,1,0,0,0,0,1,0
0,0.4117647058823529,1.291797892912708,0.0,0.0,1.6350260422293874,0.0,0,0.5,1,0,0,0,1,0,0,0,0,1,0,0,0,0,0,1,0
0,2.0,0.0,0.1679487789570419,1.7936622168256042,1.508803530984304,1.0791047307690649,0,0.0,1,0,0,1,0,0,0,0,0,1,0,0,0,1,0,0,0
0,-0.2352941176470588,0.0,0.9223500217400188,0.0,2.042374349530686,1.1931414603663637,1,0.5,1,1,0,0,0,0,0,1,0,0,0,0,0,0,0,0,0
0,1.9411764705882355,1.627275690880854,0.2661925166888179,0.0,0.0,1.5894759082027965,0,0.0,1,0,0,0,1,0,0,0,0,1,0,0,0,0,0,0,0
0,-0.2941176470588235,1.2097881939404267,0.4714918312586162,0.0,0.7245884476238132,1.7617732584662258,0,0.0,1,0,0,0,1,0,0,0,0,0,1,0,1,0,0,0,0
0,0.0,2.110395016727753,0.6717951158281678,0.0,1.178365295755183,0.2958370724829093,1,1.0,1,1,0,0,1,0,0,0,0,0,0,0,0,0,0,0,0
0,-0.4117647058823529,0.0,0.0,0.0,0.0,0.0,0,0.0,0,0,1,0,1,0,0,0,1,0,0,0,1,0,0,0,0
1,-1.588235294117647,0.0,0.0,0.0,0.0,0.0,1,1.0,0,0,1,0,1,0,0,0,0,1,0,0,0,1,0,0,0
0,1.1176470588235294,0.0,0.0,2.037497429620513,1.2643382520577304,0.0,0,0.0,1,0,0,0,1,0,0,0,0,1,0,0,0,0,0,0,1
1,0.0,0.0,0.0,0.0,0.0,0.0,0,0.5,0,1,0,0,1,1,0,0,0,0,0,0,0,0,0,0,0
1,-0.2352941176470588,0.0,0.0,0.0,0.0,0.0,0,1.0,0,0,0,1,0,0,0,0,0,0,1,0,0,1,0,0,0
0,-0.1764705882352941,1.908487555990098,0.4714918312586162,0.0,1.2083983062696784,1.7667707932000107,1,0.0,1,0,0,0,1,0,0,0,0,1,0,0,1,0,0,0,0
1,0.5294117647058824,0.0,0.0,0.0,0.0,0.0,1,1.5,0,0,0,0,1,0,0,0,0,0,1,0,0,0,1,0,0
0,-0.8235294117647058,0.0,0.0,0.0,0.0,0.0,0,0.0,0,0,1,0,1,0,0,0,1,0,0,0,1,0,0,0,0
0,-0.0588235294117647,0.7733085192328075,0.0,2.1100549800160486,1.4988492546243088,0.0,0,0.0,1,0,1,0,1,0,0,0,0,1,0,0,0,0,1,0,0
0,-0.0588235294117647,2.423436428507192,1.0556256279117966,1.513296406116052,0.8526475267785586,0.4333934776341722,0,0.0,1,1,0,0,1,0,1,0,0,0,0,0,1,0,0,0,0
0,1.5294117647058822,0.0,0.0,2.0969822898082464,0.0,0.0,1,0.0,1,0,0,0,1,0,0,0,0,1,0,0,0,0,0,0,1
1,0.8823529411764706,0.0,0.0,0.0,0.0,0.0,1,1.0,0,0,0,0,1,0,0,0,1,0,0,0,0,0,0,0,0
0,-1.2941176470588236,0.0,0.0,0.0,0.0,0.0,1,2.0,0,0,0,0,1,0,0,0,0,0,1,0,1,0,0,0,0
0,0.4117647058823529,0.0,0.0,2.086583967295904,0.34753068574288,1.1731854797572434,1,1.0,1,0,0,1,0,0,0,0,0,0,1,0,0,1,0,0,0
0,-0.3529411764705882,0.9009078313168304,0.0,0.0,1.6286791108582035,0.0,1,0.5,1,0,0,0,1,0,0,0,0,1,0,0,1,0,0,0,0
1,-0.4117647058823529,0.0,0.0,0.0,0.0,0.0,1,0.0,0,0,0,0,1,0,0,0,0,0,1,0,0,1,0,0,0
0,-0.4117647058823529,0.6160483210529383,0.0,2.3409983657536357,0.0,0.0,1,0.0,1,0,0,0,1,0,0,0,0,1,0,0,0,0,0,1,0
0,-0.1764705882352941,1.9311971296485435,0.0,1.2539731735908168,0.0,0.0,0,3.0,1,0,1,0,0,0,0,0,0,1,0,0,0,1,0,0,0
0,-0.4705882352941176,1.6664156117821365,0.0,1.9076463866102176,1.272297345888132,1.4643796353599083,0,0.0,1,0,1,0,1,0,0,0,0,1,0,0,0,1,0,0,0
0,-0.0588235294117647,0.0,1.1938680027021635,0.0,0.0,2.407343378207916,0,0.0,1,1,0,0,1,1,0,0,0,0,0,0,0,0,0,0,0
0,-0.1764705882352941,1.4618284554360992,0.0,2.3614392526771533,1.742262283797978,1.4643796353599083,0,0.0,1,0,1,0,1,0,0,1,0,0,0,0,0,0,0,0,0
1,-0.2941176470588235,0.0,0.0,0.0,0.0,0.0,1,0.5,0,1,0,0,0,1,0,0,0,0,0,0,0,0,0,0,0
0,0.5882352941176471,0.8388901471096889,0.4341412956458598,0.0,1.6589193891798262,0.0,0,0.0,1,0,0,0,1,0,0,0,0,0,1,0,0,0,0,0,0
0,0.2941176470588235,1.6600070087035437,1.5880106612894325,1.3639528012169333,0.0,0.0,1,0.0,1,0,1,1,0,0,0,0,0,1,0,0,0,0,0,0,0
0,-0.1176470588235294,0.0,0.0,0.0,0.0,0.0,0,0.5,0,1,0,0,1,1,0,0,0,0,0,0,0,0,0,0,0
0,-0.4705882352941176,0.0,0.0,2.153494763867974,0.6229422381190667,1.0128254004860402,1,0.0,1,0,0,0,1,0,0,0,0,0,1,0,0,0,0,1,0
1,0.5294117647058824,0.0,0.0,0.0,0.0,0.0,0,0.0,0,0,1,0,1,0,0,0,0,1,0,0,0,0,0,1,0
1,0.7647058823529411,0.0,0.0,0.0,0.0,0.0,0,0.0,0,0,1,0,1,0,0,0,0,1,0,0,0,0,0,0,1
1,-0.3529411764705882,0.0,0.0,0.0,0.0,0.0,1,0.0,0,0,0,0,1,0,0,0,0,0,1,0,0,0,1,0,0
0,0.0588235294117647,0.0,0.0,0.0,1.7757373218191337,1.265757142008008,0,0.5,1,0,0,0,1,0,0,0,0,1,0,0,0,0,1,0,0
0,-0.4117647058823529,0.0,1.5682421968021734,0.0,0.0,1.955698844810523,0,0.5,1,1,0,0,0,1,0,0,0,0,0,0,0,0,0,0,0
1,0.2352941176470588,0.0,0.0,0.0,0.0,0.0,1,1.0,0,1,0,0,1,0,1,0,0,0,0,0,0,0,0,0,0
1,0.3529411764705882,0.0,0.0,0.0,0.0,0.0,0,0.0,0,0,0,0,1,0,0,0,0,0,1,0,0,1,0,0,0
0,-0.3529411764705882,1.1126941404922133,0.6717951158281678,1.917167361963328,1.5007460384406874,0.0,1,0.0,1,0,0,0,1,0,0,0,0,0,1,0,1,0,0,0,0
0,1.9411764705882355,0.0,2.153936160646208,2.7720193292009534,1.8396258456801895,0.0,0,0.0,1,1,0,0,1,0,1,0,0,0,0,0,0,0,0,0,0
0,0.5882352941176471,0.2939297479087193,2.154503175950591,0.0,0.9856709344603222,1.9272431599711048,0,1.5,1,1,0,0,1,1,0,0,0,0,0,0,0,0,0,0,0
0,-0.4117647058823529,1.884838906753065,0.0,0.0,0.0,0.3733048224778867,0,0.0,1,0,1,0,1,0,0,0,0,1,0,0,1,0,0,0,0
0,-0.3529411764705882,1.6658873857735934,0.0,2.416563836215316,0.0,0.0,1,1.0,1,0,1,0,1,0,0,0,0,1,0,0,0,0,0,0,0
0,0.1764705882352941,0.0,1.2751438886929745,0.0,1.589024675007822,0.0,0,0.0,1,0,0,0,1,0,0,0,0,0,1,0,0,0,0,0,0
0,0.6470588235294118,0.0,0.2661925166888179,1.914813631804896,1.204321949813506,0.0,0,0.0,1,0,0,0,1,0,0,0,0,0,1,0,0,1,0,0,0
1,1.2352941176470589,0.0,0.0,0.0,0.0,0.0,0,1.0,0,0,1,0,1,0,0,0,0,1,0,0,0,0,0,0,0
0,1.0,0.0,1.5105906772285187,1.5523978407382175,1.38115075726443,0.0,1,0.0,1,0,0,0,1,0,0,0,0,0,1,0,0,0,1,0,0
1,-0.7058823529411765,0.0,0.0,0.0,0.0,0.0,1,0.0,0,0,0,0,1,0,0,0,0,0,1,0,0,1,0,0,0
1,-0.7058823529411765,0.0,0.0,0.0,0.0,0.0,0,0.0,0,0,0,0,1,0,0,0,0,0,1,0,0,0,0,1,0
0,0.2941176470588235,0.0,0.0,0.0,1.3760239855770613,2.280171904238188,1,1.0,1,1,0,0,1,1,0,0,0,0,0,0,0,0,0,0,0
0,-0.7058823529411765,0.0,0.0,2.1601316759719964,0.0,0.4824894837218527,0,0.0,1,0,0,1,0,0,0,0,0,1,0,0,0,1,0,0,0
1,-0.4705882352941176,0.0,0.0,0.0,0.0,0.0,1,0.0,0,0,0,0,1,0,0,0,0,0,1,0,0,1,0,0,0
0,-0.4117647058823529,0.0,1.425522369663279,1.8060822601319408,0.0,0.0,0,0.0,1,0,0,0,1,0,0,0,0,1,0,0,0,0,1,0,0
0,0.4705882352941176,1.7270650492391184,0.3358975579140839,0.0,0.0,0.8773484072743342,1,0.0,1,0,0,1,0,0,0,0,0,1,0,0,0,0,0,0,1
1,-0.2941176470588235,0.0,0.0,0.0,0.0,0.0,0,0.0,0,0,1,0,1,0,0,0,1,0,0,0,1,0,0,0,0
0,0.9411764705882352,0.4305992976375693,0.0,2.396687489427177,0.17376534287144,1.132250174189433,0,0.5,1,0,1,0,0,0,0,0,0,1,0,0,0,1,0,0,0
1,0.1176470588235294,0.0,0.0,0.0,0.0,0.0,1,0.5,0,0,0,1,0,0,0,0,0,0,1,0,0,1,0,0,0
1,-0.5294117647058824,0.0,0.0,0.0,0.0,0.0,1,0.0,0,0,0,1,0,0,0,0,0,0,1,0,0,0,0,1,0
0,0.7647058823529411,1.7445686198860664,0.0,1.7343611355735558,0.0,0.0,1,0.0,1,0,0,0,1,0,0,0,0,0,1,0,0,0,1,0,0
0,-0.7058823529411765,1.1917445229681092,0.0,2.242344265984445,0.0,1.4857535540871551,1,0.0,1,0,1,0,1,0,0,0,0,1,0,0,1,0,0,0,0
1,-0.5294117647058824,0.0,0.0,0.0,0.0,0.0,0,0.5,0,0,1,0,1,0,0,0,0,1,0,0,0,0,0,1,0
0,-0.2352941176470588,1.8692306096907532,0.0,0.0,0.0,0.55995723371683,0,0.0,1,0,0,0,1,0,0,0,0,1,0,0,0,0,0,0,0
1,0.1764705882352941,0.0,0.0,0.0,0.0,0.0,1,0.0,0,0,0,1,0,0,0,0,0,0,1,0,0,0,0,0,0
0,1.8235294117647056,1.8049781862934844,0.0,1.0,1.8323493602307612,0.0,1,0.0,1,0,1,0,1,0,0,0,0,1,0,0,0,1,0,0,0
0,-0.0588235294117647,0.0,1.6474035560110585,0.0,1.63904887747019,0.1866524112389433,0,0.0,1,1,0,0,1,0,0,1,0,0,0,0,0,0,0,0,0
1,-0.3529411764705882,0.0,0.0,0.0,0.0,0.0,0,0.5,0,0,1,0,1,0,0,0,0,1,0,0,0,0,0,0,1
1,-0.2941176470588235,0.0,0.0,0.0,0.0,0.0,0,0.0,0,0,0,1,0,0,0,0,0,0,1,0,0,0,0,1,0
1,0.7647058823529411,0.0,0.0,0.0,0.0,0.0,1,0.0,0,1,0,0,0,1,0,0,0,0,0,0,0,0,0,0,0
0,-1.588235294117647,0.0,0.0,0.0,0.0,0.0,1,1.5,0,0,1,0,1,0,0,0,0,1,0,0,0,0,0,0,0
0,0.4705882352941176,0.6862429319367085,1.5831296556780177,1.2279236817437833,0.2754115523761867,0.0,1,0.0,1,0,0,0,1,0,0,0,0,1,0,0,0,0,0,0,0
0,0.1176470588235294,1.0300930780175133,1.0259192237451216,2.034806029775796,1.1252580399759224,0.0,1,0.0,1,0,0,0,0,0,0,0,1,0,0,0,1,0,0,0,0
1,-0.2941176470588235,0.0,0.0,0.0,0.0,0.0,0,0.0,0,0,0,1,0,0,0,0,0,0,1,0,0,0,0,1,0
0,-1.4705882352941178,0.0,0.0,0.0,0.0,0.0,1,1.5,0,0,0,1,0,0,0,0,0,0,1,0,1,0,0,0,0
0,-1.3529411764705883,0.0,0.0,0.0,0.0,0.0,0,1.0,0,0,0,0,1,0,0,0,0,0,1,0,0,0,0,1,0
0,0.4705882352941176,2.256958761538393,0.0,2.178908042903636,1.4911152613667904,0.0,1,0.0,1,0,1,0,1,0,0,0,0,1,0,0,0,0,1,0,0
0,0.4705882352941176,1.70101772382657,0.0,1.9554258650310596,0.7860382942944486,0.0,0,0.5,1,0,1,0,1,0,0,1,0,0,0,0,0,0,0,0,0
0,0.0,1.6484087548981357,0.0,2.0271469895894447,0.0,0.0,1,1.0,1,0,1,0,1,0,0,0,1,0,0,0,1,0,0,0,0
0,-0.4705882352941176,0.0,0.0,1.883391083311126,1.402540424903575,0.0,0,0.0,1,0,0,0,1,0,0,0,0,1,0,0,1,0,0,0,0
1,1.1176470588235294,0.0,0.0,0.0,0.0,0.0,0,0.0,0,0,0,0,1,0,0,0,0,0,1,0,0,1,0,0,0
0,0.1176470588235294,0.0,0.0,0.0,0.0,0.0,0,0.0,0,1,0,0,1,1,0,0,0,0,0,0,0,0,0,0,0
0,-0.1764705882352941,0.0,0.0,0.0,0.0,0.0,0,0.0,0,0,1,0,1,0,0,0,1,0,0,0,0,0,0,0,0
1,0.0,0.0,0.0,0.0,0.0,0.0,1,0.0,0,1,0,0,1,0,1,0,0,0,0,0,0,0,0,0,0
0,0.1176470588235294,0.0,2.0712444492761275,0.2210647294575037,1.2333919786081171,0.9415483256178016,1,0.0,1,1,0,0,1,0,0,0,0,0,0,0,0,0,0,0,0
0,-1.0,0.0,0.0,0.0,0.0,0.0,0,2.5,0,0,0,0,1,0,0,0,0,0,1,0,0,0,1,0,0
0,0.5294117647058824,0.8269972386639046,0.0,2.149369816445376,0.0,0.0,1,0.0,1,0,0,0,1,0,0,0,0,1,0,0,0,0,0,1,0
1,0.0,0.0,0.0,0.0,0.0,0.0,1,0.0,0,0,0,1,0,0,0,0,0,0,1,0,0,1,0,0,0
0,0.0,1.4772469163280768,0.0,1.336202350730503,1.679808951685122,1.083956799122398,0,0.0,1,0,1,0,1,0,0,1,0,0,0,0,0,0,0,0,0
1,-0.3529411764705882,0.0,0.0,0.0,0.0,0.0,1,0.5,0,0,1,0,1,0,0,0,0,1,0,0,1,0,0,0,0
0,-0.2352941176470588,0.1854490234153689,1.5876652601325458,0.0,0.5212960286143199,1.324864803335962,0,1.5,1,0,0,0,1,0,0,0,0,0,1,0,0,0,0,1,0
0,0.7058823529411765,1.4188800642296389,0.0,2.2288075501771245,1.050306216600437,0.0,0,0.0,1,0,1,0,1,0,0,0,0,1,0,0,0,0,0,0,1
0,-0.4117647058823529,0.0,0.8876768489547547,0.0,0.0,2.0154095595425727,0,0.0,1,0,0,0,1,0,0,0,0,0,1,0,0,0,0,1,0
0,2.0,1.8355457737324687,1.4612282270511463,2.1950088238189767,0.0,1.3189025854283765,1,0.5,1,0,1,0,1,0,0,0,0,1,0,0,1,0,0,0,0
0,0.1764705882352941,0.0,1.691714886352097,0.0,2.061449846670635,0.6200458888731157,0,0.0,1,1,0,0,1,0,0,0,1,0,0,0,0,0,0,0,0
0,-0.3529411764705882,1.5899744980285608,1.2555403015391442,1.6225819551463476,0.0,1.1994778117249834,1,0.0,1,0,0,0,1,0,0,0,0,1,0,0,0,0,0,0,1
1,-1.1176470588235294,0.0,0.0,0.0,0.0,0.0,1,2.0,0,0,0,0,1,0,0,0,0,0,1,0,1,0,0,0,0
0,-1.588235294117647,0.0,0.0,0.0,0.0,0.0,0,0.0,0,0,0,0,1,0,0,0,0,0,1,0,0,0,0,1,0
1,-0.8235294117647058,0.0,0.0,0.0,0.0,0.0,1,2.0,0,0,0,0,0,0,0,0,0,1,0,0,1,0,0,0,0
0,0.3529411764705882,0.0,0.0,0.0,0.0,0.0,0,0.0,0,1,0,0,1,0,1,0,0,0,0,0,0,0,0,0,0
0,-0.3529411764705882,0.935477963157255,0.0,2.20594092797711,0.0,0.0,1,0.0,1,0,1,0,1,0,0,0,0,1,0,0,0,0,0,0,1
1,-0.5294117647058824,0.0,0.0,0.0,0.0,0.0,0,1.5,0,1,0,0,1,1,0,0,0,0,0,0,0,0,0,0,0
0,-0.5882352941176471,1.2425900021828151,1.8630150170844968,0.0,0.7102593820841355,0.0,0,0.0,1,0,0,0,1,0,0,0,0,1,0,0,0,1,0,0,0
0,0.4117647058823529,1.4584056404828112,1.4845334831633414,0.2210647294575037,1.3509885391640326,0.0,1,0.0,1,0,0,0,0,0,0,0,0,0,1,0,0,1,0,0,0
0,-0.0588235294117647,1.925247001841888,0.0,1.2539731735908168,0.0,0.0,1,0.0,1,0,1,0,1,0,0,0,0,1,0,0,0,0,0,1,0
1,-0.6470588235294118,0.0,0.0,0.0,0.0,0.0,1,0.5,0,1,0,0,1,1,0,0,0,0,0,0,0,0,0,0,0
0,-0.4117647058823529,0.0,1.092976163524553,2.0192994832291404,0.2754115523761867,0.0,0,1.0,1,0,0,1,0,0,0,0,0,1,0,0,0,0,0,1,0
1,-0.4705882352941176,0.0,0.0,0.0,0.0,0.0,0,0.0,0,0,1,0,1,0,0,0,0,1,0,0,0,0,1,0,0
0,1.0,2.143053920362434,0.7985775500664537,0.0,1.0386440953455376,1.8332577963787249,1,1.0,1,1,0,0,0,0,1,0,0,0,0,0,0,0,0,0,0
0,-1.5294117647058822,0.0,0.0,0.0,0.0,0.0,1,1.0,0,1,0,0,1,0,0,0,0,0,0,0,0,0,0,0,0
0,-0.2941176470588235,1.4418266674654852,0.9526769099090936,2.7045542422287263,1.251053533562515,1.4942691255807163,1,0.0,1,0,1,0,0,0,0,1,0,0,0,0,0,0,0,0,0
1,-0.7647058823529411,0.0,0.0,0.0,0.0,0.0,1,2.0,0,1,0,0,0,1,0,0,0,0,0,0,0,0,0,0,0
0,0.7058823529411765,1.5539475350012342,0.0,2.102275838533266,0.2754115523761867,1.2025909389764322,0,0.0,1,0,1,0,1,0,0,0,0,1,0,0,0,0,0,0,1
0,0.5882352941176471,0.1854490234153689,2.0361770857474646,0.2210647294575037,2.2882315990081685,0.3733048224778867,0,1.0,1,1,0,0,0,1,0,0,0,0,0,0,0,0,0,0,0
1,0.4705882352941176,0.0,0.0,0.0,0.0,0.0,0,0.0,0,0,1,0,1,0,0,0,0,1,0,0,0,0,0,1,0
0,0.0588235294117647,1.7069787296582992,0.9838407552852332,0.0,0.0,0.0,0,0.0,1,0,0,0,1,0,0,0,0,1,0,0,0,0,0,0,1
1,-0.7647058823529411,0.0,0.0,0.0,0.0,0.0,0,0.0,0,0,0,1,0,0,0,0,0,0,1,0,1,0,0,0,0
0,-1.3529411764705883,0.0,0.0,0.0,0.0,0.0,0,1.5,0,0,0,0,0,0,0,0,0,0,1,0,1,0,0,0,0
1,-0.5294117647058824,0.0,0.0,0.0,0.0,0.0,1,0.5,0,1,0,0,1,1,0,0,0,0,0,0,0,0,0,0,0
0,-0.4705882352941176,1.883201101284416,0.7134342389808734,0.0,0.0,1.753098694083194,1,0.0,1,0,0,0,1,0,0,0,0,1,0,0,1,0,0,0,0
0,-0.0588235294117647,0.1854490234153689,1.7316548269785874,2.7027619422260205,1.4043973993089356,2.2997597610605665,0,0.5,1,1,0,0,0,0,1,0,0,0,0,0,0,0,0,0,0
0,0.4705882352941176,1.4846352544781076,0.0,1.8608902888164185,0.8983537904952533,0.0,1,0.0,1,0,0,0,0,0,0,0,0,1,0,0,0,1,0,0,0
0,0.6470588235294118,0.0,1.5463068129138162,2.5128137287800265,2.189226184670931,1.2400917777462317,0,0.0,1,1,0,0,1,0,1,0,0,0,0,0,0,0,0,0,0
0,-0.3529411764705882,1.840271391201877,0.0,1.7113653049529662,0.5508231047523734,1.2025909389764322,0,0.0,1,0,0,1,0,0,0,0,0,1,0,0,1,0,0,0,0
0,-0.1764705882352941,0.3708980468307378,1.8481453906922316,1.8552453805880815,0.0,0.4333934776341722,1,0.5,1,0,0,0,1,0,0,0,1,0,0,0,0,0,0,0,0
0,-0.5882352941176471,1.6925384314894487,0.0,0.4421294589150075,0.0,1.9152253724869557,1,0.0,1,0,0,0,0,0,0,0,0,0,1,0,0,1,0,0,0
1,0.4117647058823529,0.0,0.0,0.0,0.0,0.0,1,0.0,0,0,1,0,1,0,0,0,1,0,0,0,1,0,0,0,0
0,0.0588235294117647,0.8014973444683071,0.7597267070563035,2.5507938357365654,2.0531041295545243,1.364967236711995,1,0.5,1,1,0,0,0,1,0,0,0,0,0,0,0,0,0,0,0
0,1.8235294117647056,0.0,0.0,0.0,1.9042166699716196,0.7928859131524942,0,0.0,1,0,0,0,1,0,0,0,0,1,0,0,0,0,0,1,0
1,0.6470588235294118,0.0,0.0,0.0,0.0,0.0,0,0.0,0,1,0,0,0,0,1,0,0,0,0,0,0,0,0,0,0
0,1.0,1.7258000521476635,0.0,1.4750379030483205,0.4491768952476266,0.0,1,0.0,1,0,0,0,0,0,0,0,0,1,0,0,0,1,0,0,0
0,-0.5294117647058824,1.0466476186905076,0.0,2.541107139938623,0.17376534287144,0.0,1,0.5,1,0,1,0,1,0,0,0,0,1,0,0,0,0,0,1,0
0,-1.588235294117647,0.0,0.0,0.0,0.0,0.0,0,0.0,0,0,0,0,1,0,0,0,0,0,1,0,0,0,1,0,0
0,-0.0588235294117647,1.594154995370179,0.0,1.376972118654315,0.0,1.937133759404677,0,0.0,1,0,0,0,0,0,0,0,0,0,1,0,0,0,0,0,0
1,1.1176470588235294,0.0,0.0,0.0,0.0,0.0,0,0.0,0,0,0,0,1,0,0,0,0,0,1,0,1,0,0,0,0
0,0.0,0.0,1.3416898386162044,0.0,1.0985320030166918,1.6278141922261888,0,0.0,1,0,0,0,1,0,0,0,0,0,1,0,0,1,0,0,0
1,-0.0588235294117647,0.0,0.0,0.0,0.0,0.0,1,0.5,0,1,0,0,1,1,0,0,0,0,0,0,0,0,0,0,0
0,0.5882352941176471,0.0,1.8795247303165443,0.0,1.334427492564964,1.16971081854046,1,0.5,1,1,0,0,0,1,0,0,0,0,0,0,0,0,0,0,0
1,0.2941176470588235,0.0,0.0,0.0,0.0,0.0,1,1.5,0,1,0,0,1,0,0,0,0,0,0,0,0,0,0,0,0
1,-1.4705882352941178,0.0,0.0,0.0,0.0,0.0,1,1.0,0,0,0,0,0,0,0,0,0,0,1,0,0,0,1,0,0
0,-0.2352941176470588,1.7833795917050084,1.6651088770553577,0.0,1.7193764012916195,0.0,0,0.0,1,0,1,0,0,0,0,1,0,0,0,0,0,0,0,0,0
0,-0.0588235294117647,0.0,0.7894331112229788,0.8416718857933595,0.6229422381190667,1.8598682493802003,1,0.0,1,0,1,0,1,0,0,0,1,0,0,0,1,0,0,0,0
1,-0.3529411764705882,0.0,0.0,0.0,0.0,0.0,0,0.5,0,1,0,0,1,1,0,0,0,0,0,0,0,0,0,0,0
1,-0.6470588235294118,0.0,0.0,0.0,0.0,0.0,1,0.0,0,0,0,1,0,0,0,0,0,0,1,0,1,0,0,0,0
1,0.7647058823529411,0.0,0.0,0.0,0.0,0.0,0,2.5,0,1,0,0,1,0,1,0,0,0,0,0,0,0,0,0,0
0,0.1764705882352941,0.0,0.1679487789570419,0.0,1.6970842444665124,0.0,1,0.0,1,0,0,0,1,0,0,0,0,1,0,0,0,0,1,0,0
0,-0.1764705882352941,1.3878663273141862,0.0,1.742574353117248,0.0,1.6113693697609504,1,0.0,1,0,0,0,1,0,0,0,0,0,1,0,0,0,1,0,0
0,-1.588235294117647,0.0,0.0,0.0,0.0,0.0,1,2.5,0,0,0,0,0,0,0,0,0,1,0,0,1,0,0,0,0
0,-0.4117647058823529,1.7708196976909545,0.0,0.0,0.0,1.666943658197774,1,0.5,1,0,0,0,0,0,0,0,0,1,0,0,0,0,0,1,0
0,0.2941176470588235,2.026408371762616,0.0,2.067650872555044,0.0,0.0,0,0.0,1,0,1,0,1,0,0,0,0,1,0,0,0,0,0,1,0
0,1.411764705882353,0.0,0.0,0.5132964061160518,0.0,0.0,0,0.5,1,0,0,0,1,0,0,0,0,0,1,0,0,0,0,0,0
0,-0.4705882352941176,1.4584056404828112,0.0,1.9689993598257816,0.0,0.4824894837218527,0,0.0,1,0,0,0,1,0,0,0,0,1,0,0,1,0,0,0,0
1,-0.1176470588235294,0.0,0.0,0.0,0.0,0.0,1,3.0,0,1,0,0,1,1,0,0,0,0,0,0,0,0,0,0,0
0,0.5882352941176471,2.1203472541975388,0.0,2.243470230045053,0.0,0.0,1,0.5,1,0,1,0,1,0,0,1,0,0,0,0,0,0,0,0,0
0,1.1764705882352942,0.0,0.8471998329243351,0.0,2.080987328336937,1.958516615635304,0,1.5,1,1,0,0,1,1,0,0,0,0,0,0,0,0,0,0,0
1,1.8823529411764703,0.0,0.0,0.0,0.0,0.0,0,0.0,0,0,0,0,0,0,0,0,0,0,1,0,0,1,0,0,0
0,-1.1176470588235294,0.0,0.0,0.0,0.0,0.0,0,0.5,0,0,0,0,0,0,0,0,0,0,1,0,0,1,0,0,0
1,-0.2941176470588235,0.0,0.0,0.0,0.0,0.0,1,0.0,0,0,0,0,1,0,0,0,0,0,1,0,0,0,0,0,0
1,-0.1764705882352941,0.0,0.0,0.0,0.0,0.0,1,1.5,0,0,1,0,1,0,0,0,0,1,0,0,0,1,0,0,0
0,-0.5294117647058824,1.759137781583652,0.0,0.0,0.0,0.0,0,0.0,1,0,0,0,1,0,0,0,0,1,0,0,0,1,0,0,0
1,-0.1764705882352941,0.0,0.0,0.0,0.0,0.0,0,0.0,0,0,0,0,1,0,0,0,0,0,1,0,1,0,0,0,0
1,0.8235294117647058,0.0,0.0,0.0,0.0,0.0,0,0.0,0,0,0,0,1,0,0,0,0,0,1,0,0,0,1,0,0
0,0.3529411764705882,0.0,1.6085174772165771,0.700758612844422,0.2754115523761867,0.9247126870847868,1,0.0,1,0,0,0,1,0,0,0,0,1,0,0,1,0,0,0,0
0,-0.4705882352941176,0.0,0.7799299767247662,2.0485596595591558,0.5772359744023721,0.0,0,0.0,1,0,0,0,1,0,0,0,0,1,0,0,0,0,0,0,0
0,0.3529411764705882,0.0,1.8370421054371535,0.0,1.359982881394056,1.880362795184971,0,0.5,1,1,0,0,0,0,1,0,0,0,0,0,1,0,0,0,0
0,-0.0588235294117647,0.7245290455462887,0.0,0.0,1.693314392998319,0.0,0,0.5,1,0,0,0,1,0,0,0,0,1,0,0,1,0,0,0,0
1,-1.2941176470588236,0.0,0.0,0.0,0.0,0.0,0,3.0,0,0,0,0,1,0,0,0,0,0,1,0,0,1,0,0,0
0,-0.1176470588235294,1.9323714390089248,1.3907453396665983,0.4421294589150075,2.108932756336112,1.598163194093239,0,1.0,1,1,0,0,0,0,1,0,0,0,0,0,0,0,0,0,0
0,0.0,0.0,1.0902988006970609,2.160496374684011,0.8912916221240962,0.0,1,0.0,1,0,0,0,1,0,0,0,0,1,0,0,1,0,0,0,0
0,0.5294117647058824,1.874615988679884,0.3358975579140839,0.0,0.0,1.7482466257298606,0,0.5,1,0,1,0,1,0,0,1,0,0,0,0,0,0,0,0,0
0,0.5882352941176471,0.0,1.7160935187909852,0.5132964061160518,1.534850161857055,1.1516313786826486,1,0.5,1,0,0,0,1,0,0,0,0,0,1,0,0,0,1,0,0
0,0.2352941176470588,2.101307469447076,0.1679487789570419,0.350379306422211,0.0,0.0,0,0.5,1,0,1,0,1,0,0,1,0,0,0,0,0,0,0,0,0
0,0.1176470588235294,1.4988266468165354,0.0,0.0,0.8167735192693216,1.57278263420287,1,0.0,1,0,0,0,0,0,0,0,0,1,0,0,1,0,0,0,0
0,-0.2352941176470588,0.0,1.3678854069060211,0.0,0.0,1.1516313786826486,0,0.0,1,0,0,0,1,0,0,0,0,1,0,0,0,0,1,0,0
1,0.1764705882352941,0.0,0.0,0.0,0.0,0.0,1,0.0,0,1,0,0,1,1,0,0,0,0,0,0,0,0,0,0,0
1,0.2352941176470588,0.0,0.0,0.0,0.0,0.0,0,0.0,0,0,0,0,1,0,0,0,0,0,1,0,1,0,0,0,0
0,-0.7647058823529411,0.1854490234153689,0.0,2.1428880717594296,0.0,0.3733048224778867,1,0.5,1,0,0,0,0,0,0,0,0,1,0,0,0,1,0,0,0
0,-0.5294117647058824,1.6915794828412638,0.0,0.0,1.6918492199296733,0.5239995654055677,1,1.0,1,0,1,0,1,0,0,0,0,1,0,0,0,0,0,0,0
0,-0.5294117647058824,0.5206212286759118,0.0,0.0,0.6430081763978817,1.7660079527236665,0,0.0,1,0,0,0,0,0,0,0,1,0,0,0,0,0,0,0,0
1,0.2352941176470588,0.0,0.0,0.0,0.0,0.0,0,0.0,0,0,1,0,0,0,0,0,1,0,0,0,0,0,0,0,0
1,0.0588235294117647,0.0,0.0,0.0,0.0,0.0,0,1.0,0,0,1,0,1,0,0,0,0,1,0,0,1,0,0,0,0
0,-0.2352941176470588,1.5906757995740617,0.0,1.5714440358797148,1.1667031745002827,0.5916741449658187,0,0.0,1,0,0,1,0,0,0,0,0,1,0,0,0,1,0,0,0
1,-0.8235294117647058,0.0,0.0,0.0,0.0,0.0,0,0.0,0,0,0,0,1,0,0,0,0,0,1,0,0,0,0,0,0
1,0.0,0.0,0.0,0.0,0.0,0.0,1,0.5,0,1,0,0,0,0,1,0,0,0,0,0,1,0,0,0,0
0,-0.1176470588235294,1.7381886720019122,0.8614568196209993,0.0,1.0985320030166918,1.3474752114845376,0,0.0,1,0,0,0,1,0,0,0,0,1,0,0,0,0,1,0,0
1,1.3529411764705883,0.0,0.0,0.0,0.0,0.0,1,0.5,0,0,0,0,1,0,0,0,0,0,1,0,0,0,0,0,0
1,-1.411764705882353,0.0,0.0,0.0,0.0,0.0,0,1.0,0,0,0,0,1,0,0,0,0,0,1,0,0,0,0,1,0
0,0.0,1.7864295518751006,0.0,0.350379306422211,1.3881565336887876,0.0,1,0.0,1,0,1,0,1,0,0,0,1,0,0,0,0,0,0,0,0
1,-1.411764705882353,0.0,0.0,0.0,0.0,0.0,0,1.0,0,0,1,0,1,0,0,0,0,1,0,0,0,0,0,0,0
0,1.7058823529411764,0.0,1.8054274442789355,0.0,1.1468361179442663,0.0,1,0.0,1,0,0,0,1,0,0,0,0,0,1,0,1,0,0,0,0
0,0.0588235294117647,2.0842619001412417,2.2041530084753886,1.1920511922155703,0.17376534287144,1.6527825349390073,1,0.0,1,1,0,0,1,0,1,0,0,0,0,0,0,0,0,0,0
0,-0.7647058823529411,0.0,1.760066299081794,1.5959035358840954,0.0,0.55995723371683,1,3.5,1,0,0,0,1,0,0,0,0,1,0,0,0,0,0,0,1
1,-0.8823529411764706,0.0,0.0,0.0,0.0,0.0,0,2.0,0,0,0,0,1,0,0,0,0,0,1,0,0,0,0,1,0
0,0.6470588235294118,1.4418266674654852,0.0,2.033180220024411,1.666511647066878,0.0,1,0.0,1,0,1,0,1,0,0,0,0,1,0,0,0,0,1,0,0
1,1.0,0.0,0.0,0.0,0.0,0.0,1,1.0,0,0,0,0,1,0,0,0,0,0,1,0,1,0,0,0,0
0,0.0,0.0,2.0390911830128493,0.0,2.1878076756811984,2.3096788263478243,0,1.5,1,1,0,0,1,0,1,0,0,0,0,0,0,0,0,0,0
1,-0.7058823529411765,0.0,0.0,0.0,0.0,0.0,0,0.0,0,0,0,0,0,0,0,0,0,0,1,0,0,0,0,0,0
0,0.4705882352941176,1.2400049928324772,1.6138498358509146,0.6206071563358557,0.0,0.0,1,0.0,1,0,0,0,1,0,0,0,0,0,1,0,0,0,1,0,0
1,-1.4705882352941178,0.0,0.0,0.0,0.0,0.0,1,1.0,0,1,0,0,1,0,0,0,0,0,0,0,0,0,0,0,0
0,-0.6470588235294118,0.0,0.987982717180451,0.818036705164662,1.0614498466706352,1.7457874076510858,0,0.0,1,0,0,0,1,0,0,0,1,0,0,0,0,0,0,0,0
0,-0.7647058823529411,0.0,2.0406418155246167,1.787852784998621,1.3282372916761838,1.94647857150342,0,0.5,1,1,0,0,1,0,0,1,0,0,0,0,0,0,0,0,0
0,-0.4117647058823529,0.6648277947394572,1.5487542970624075,0.0,2.051709076436124,1.5045483319134232,1,1.0,1,1,0,0,0,0,0,0,1,0,0,0,0,0,0,0,0
0,0.5882352941176471,1.431870304238945,0.3358975579140839,2.041227635756367,0.17376534287144,1.140170818969702,1,0.0,1,0,0,0,1,0,0,0,0,0,1,0,0,0,0,1,0
1,0.0,0.0,0.0,0.0,0.0,0.0,1,0.0,0,1,0,0,0,1,0,0,0,0,0,0,0,0,0,0,0
1,-0.7058823529411765,0.0,0.0,0.0,0.0,0.0,0,0.0,0,0,0,0,1,0,0,0,0,0,1,0,0,0,0,1,0
1,0.0,0.0,0.0,0.0,0.0,0.0,0,1.5,0,0,0,0,1,0,0,0,0,0,1,0,0,0,0,1,0
1,-1.1764705882352942,0.0,0.0,0.0,0.0,0.0,1,3.0,0,0,0,1,0,0,0,0,0,0,1,0,0,0,1,0,0
0,1.2352941176470589,0.0,0.0,2.128308173513928,1.9479203510105048,1.9293338731757392,0,0.0,1,0,0,0,1,0,0,0,0,0,1,0,0,0,1,0,0
0,-0.7058823529411765,0.0,1.5795820246519958,0.0,1.3018244220261852,2.1722576456087004,1,1.0,1,0,0,0,1,0,1,0,0,0,0,0,0,0,0,0,0
1,-1.4705882352941178,0.0,0.0,0.0,0.0,0.0,1,2.5,0,0,0,0,1,0,0,0,0,0,1,0,0,0,1,0,0
0,-0.3529411764705882,0.986946367883676,1.4268684779617469,0.0,0.0,0.0,1,0.0,1,0,0,0,1,0,0,0,1,0,0,0,1,0,0,0,0
0,0.4117647058823529,0.0,1.712816391972423,0.0,1.2221651594220275,1.8958932972759663,0,0.0,1,1,0,0,0,0,0,0,0,0,0,0,0,0,0,0,0
0,-0.4705882352941176,2.034528764018708,0.0,0.0,0.0,0.0,0,0.0,1,0,1,0,1,0,0,1,0,0,0,0,0,0,0,0,0
1,-0.5882352941176471,0.0,0.0,0.0,0.0,0.0,0,0.0,0,0,0,1,0,0,0,0,0,0,1,0,0,0,0,1,0
0,0.0,1.4629597314827667,1.5873193658974665,1.852385011738668,0.8688267143571999,0.0,1,0.0,1,0,1,0,1,0,0,0,1,0,0,0,1,0,0,0,0
0,-0.4705882352941176,1.3493501652068391,1.2458192723585093,2.43588917940373,0.0,0.0,0,3.0,1,0,1,0,1,0,0,1,0,0,0,0,0,0,0,0,0
1,-0.1764705882352941,0.0,0.0,0.0,0.0,0.0,1,0.0,0,1,0,0,0,0,1,0,0,0,0,0,0,0,0,0,0
0,-0.1176470588235294,1.1621694439244474,1.5503723255828266,0.0,0.0,0.8773484072743342,0,0.0,1,0,0,0,0,0,0,0,0,1,0,0,0,0,0,1,0
0,-0.1764705882352941,0.4305992976375693,0.5038463368711258,0.0,1.6472572679249264,1.1800031225899457,1,0.0,1,0,0,0,1,0,0,0,0,1,0,0,0,0,0,0,0
0,0.9411764705882352,0.0,0.0,0.0,0.0,1.977281996266295,0,2.0,1,0,0,0,1,0,0,0,0,1,0,0,0,0,1,0,0
0,-0.0588235294117647,1.5755480178147785,0.5323850333776358,0.2210647294575037,1.453776848131369,1.4072021708066398,1,0.0,1,0,0,0,1,0,0,0,0,0,1,0,0,0,1,0,0
1,-1.5294117647058822,0.0,0.0,0.0,0.0,0.0,0,1.5,0,0,0,0,0,0,0,0,0,0,1,0,0,1,0,0,0
1,-1.5294117647058822,0.0,0.0,0.0,0.0,0.0,1,1.5,0,0,1,0,0,0,0,0,0,1,0,0,0,1,0,0,0
1,1.0588235294117647,0.0,0.0,0.0,0.0,0.0,0,0.5,0,1,0,0,0,1,0,0,0,0,0,0,0,0,0,0,0
0,-0.7058823529411765,1.8594089806665928,0.0,1.151626398894246,0.0,0.0,1,0.0,1,0,0,0,1,0,0,0,0,1,0,0,0,0,1,0,0
1,-0.9411764705882352,0.0,0.0,0.0,0.0,0.0,0,2.5,0,0,0,0,1,0,0,0,0,0,1,0,1,0,0,0,0
0,1.1764705882352942,1.400991124848251,1.3555922481891058,2.1959886371515487,2.0415744665075244,1.472452949051796,1,0.0,1,1,0,0,1,0,0,0,1,0,0,0,1,0,0,0,0
1,0.6470588235294118,0.0,0.0,0.0,0.0,0.0,1,0.0,0,0,0,1,0,0,0,0,0,0,1,0,0,0,1,0,0
0,-1.588235294117647,0.0,0.0,0.0,0.0,0.0,0,1.0,0,0,0,0,1,0,0,0,0,0,1,0,0,0,0,0,0
0,0.0588235294117647,1.7771733405420695,0.0,0.2210647294575037,1.3930434408444556,0.887511217448728,0,0.0,1,0,0,0,1,0,0,0,0,1,0,0,0,1,0,0,0
1,0.0588235294117647,0.0,0.0,0.0,0.0,0.0,0,0.0,0,0,1,0,1,0,0,0,0,1,0,0,0,0,0,0,0
0,-0.4705882352941176,0.0,0.0,1.9800993395412212,0.6615863334646042,0.0,1,0.0,1,0,0,0,0,0,0,0,0,0,1,0,0,0,0,0,0
0,0.6470588235294118,0.0,1.474818641469026,0.0,1.5230309171884004,2.4821956383885224,0,0.5,1,1,0,0,0,0,1,0,0,0,0,0,0,0,0,0,0
0,-0.2941176470588235,0.0,0.0,0.0,0.0,0.0,0,0.0,0,0,1,0,1,0,0,0,1,0,0,0,0,0,0,0,0
0,1.4705882352941178,0.0,0.0,0.0,0.0,0.0,0,0.0,0,1,0,0,1,1,0,0,0,0,0,0,0,0,0,0,0
0,0.3529411764705882,1.8005401112954278,0.0,1.6105454705018805,0.8688267143571999,0.0,1,0.5,1,0,1,0,1,0,0,0,1,0,0,0,1,0,0,0,0
1,-0.9411764705882352,0.0,0.0,0.0,0.0,0.0,1,2.5,0,0,0,0,0,0,0,0,0,0,1,0,0,0,1,0,0
1,-0.2941176470588235,0.0,0.0,0.0,0.0,0.0,1,0.0,0,0,0,0,1,0,0,0,0,0,1,0,0,1,0,0,0
0,-0.2941176470588235,1.8910638772921569,0.0,0.0,0.5772359744023721,0.0,0,0.0,1,0,1,0,1,0,0,1,0,0,0,0,0,0,0,0,0
1,-0.2941176470588235,0.0,0.0,0.0,0.0,0.0,1,0.5,0,0,0,0,0,0,0,0,0,0,1,0,0,0,0,0,0
0,1.7647058823529411,1.5814122829709143,0.0,2.059251017836373,1.751696714109283,1.6803971306012222,0,0.5,1,0,1,0,1,0,0,0,0,1,0,0,0,0,0,1,0
1,-0.4705882352941176,0.0,0.0,0.0,0.0,0.0,0,1.0,0,0,0,1,0,0,0,0,0,0,1,0,1,0,0,0,0
1,0.5294117647058824,0.0,0.0,0.0,0.0,0.0,1,0.0,0,1,0,0,0,1,0,0,0,0,0,0,0,0,0,0,0
0,-1.588235294117647,0.0,0.0,0.0,0.0,0.0,0,0.0,0,0,0,0,1,0,0,0,0,0,1,0,0,1,0,0,0
0,-0.8823529411764706,0.0,0.0,0.0,0.0,0.0,1,1.5,0,0,1,0,1,0,0,0,0,1,0,0,1,0,0,0,0
0,-0.7647058823529411,0.0,0.0,1.8456093307293375,1.3821636491411184,1.54126135137372,1,0.5,1,0,0,0,1,0,0,0,0,1,0,0,0,0,1,0,0
1,0.0,0.0,0.0,0.0,0.0,0.0,0,1.0,0,0,1,0,1,0,0,0,1,0,0,0,0,0,0,0,0
1,0.2352941176470588,0.0,0.0,0.0,0.0,0.0,0,0.0,0,0,1,0,1,0,0,0,0,1,0,0,0,0,0,0,1
0,0.5882352941176471,0.0,0.0,0.0,0.0,0.0,0,0.0,0,0,0,0,1,0,0,0,0,0,1,0,0,0,0,1,0
0,-1.1764705882352942,0.0,0.0,0.0,0.0,0.0,0,0.0,0,0,1,0,1,0,0,0,0,1,0,0,0,0,0,0,1
0,-0.8235294117647058,0.4305992976375693,0.0,2.419974873959354,0.0,0.9933507113510024,0,0.0,1,0,1,0,0,0,0,0,0,1,0,0,0,0,0,0,0
0,0.8823529411764706,0.9272451170768444,0.0,0.0,1.6182562998465757,0.0,1,1.0,1,0,0,0,0,0,0,0,1,0,0,0,1,0,0,0,0
0,-0.1176470588235294,0.1854490234153689,0.0,1.168416011586873,0.5212960286143199,1.7794189816707944,0,0.0,1,0,0,0,1,0,0,0,0,0,1,0,0,0,0,0,0
1,1.8235294117647056,0.0,0.0,0.0,0.0,0.0,0,1.0,0,1,0,0,0,0,1,0,0,0,0,0,0,0,0,0,0
1,0.5882352941176471,0.0,0.0,0.0,0.0,0.0,1,0.5,0,1,0,0,1,1,0,0,0,0,0,0,0,0,0,0,0
0,-0.2941176470588235,0.0,0.0,0.0,0.6011293213528106,1.792885913152494,1,0.0,1,0,0,0,1,0,0,0,1,0,0,0,0,0,0,0,0
0,-1.0,0.0,0.0,0.0,0.0,0.0,1,3.0,0,0,0,1,0,0,0,0,0,0,1,0,0,0,0,1,0
1,-1.5294117647058822,0.0,0.0,0.0,0.0,0.0,0,1.5,0,0,0,0,1,0,0,0,0,0,1,0,0,1,0,0,0
1,-0.8235294117647058,0.0,0.0,0.0,0.0,0.0,1,2.5,0,1,0,0,0,0,1,0,0,0,0,0,0,0,0,0,0
0,-0.7647058823529411,1.6706042904700464,0.0,1.9052210594172716,0.0,0.0,1,0.0,1,0,0,0,1,0,0,0,1,0,0,0,0,0,0,0,0
0,-0.4705882352941176,0.9587575426481764,0.2661925166888179,1.9703254697983463,1.204321949813506,0.0,0,0.0,1,0,0,0,1,0,0,0,0,1,0,0,0,0,1,0,0
0,0.0,0.8388901471096889,1.3144592618885929,0.0,0.0,1.7374239246050878,1,0.0,1,0,0,0,1,0,0,0,0,0,1,0,0,0,0,1,0
0,1.0,0.0,1.6492870658772618,0.0,0.0,0.0,0,0.0,1,0,0,0,1,0,0,0,0,1,0,0,0,0,0,0,1
0,-1.588235294117647,0.0,0.0,0.0,0.0,0.0,1,0.5,0,0,0,0,1,0,0,0,0,0,1,0,1,0,0,0,0
1,1.2941176470588236,0.0,0.0,0.0,0.0,0.0,1,0.0,0,1,0,0,0,1,0,0,0,0,0,0,0,0,0,0,0
0,0.3529411764705882,0.0,1.767748367774453,2.2305679722488847,2.1680700589616237,1.9633319744925588,0,2.0,1,1,0,0,0,1,0,0,0,0,0,0,0,0,0,0,0
1,-1.0588235294117647,0.0,0.0,0.0,0.0,0.0,0,2.5,0,0,0,0,1,0,0,0,0,0,1,0,0,0,1,0,0
0,2.823529411764706,0.0,0.0,2.267807124903815,0.0,2.013892470977423,0,0.5,1,0,0,0,1,0,0,0,0,1,0,0,1,0,0,0,0
0,1.3529411764705883,1.740198797057918,0.0,0.0,0.6229422381190667,1.384560058118313,0,0.0,1,0,0,0,1,0,0,0,0,0,1,0,0,1,0,0,0
0,-1.411764705882353,0.0,0.0,0.0,0.0,0.0,0,1.0,0,0,0,0,1,0,0,0,0,0,1,0,0,0,0,0,0
1,0.5882352941176471,0.0,0.0,0.0,0.0,0.0,0,0.0,0,0,0,0,1,0,0,0,0,0,1,0,0,0,1,0,0
0,-0.2352941176470588,0.0,0.0,1.972304353017254,1.3140556477217242,0.0,0,0.0,1,0,0,0,1,0,0,0,0,1,0,0,0,0,0,0,0
0,-0.5294117647058824,1.90112740160935,0.0,1.1339035624519076,1.7546880072224371,0.0,0,0.0,1,0,1,0,1,0,0,0,1,0,0,0,0,0,0,0,0
0,-0.6470588235294118,0.3708980468307378,1.548348096010819,0.0,0.5772359744023721,1.5549857231313038,0,0.0,1,0,0,0,1,0,0,0,0,0,1,0,0,1,0,0,0
0,0.0,0.0,0.0,2.1564615665541518,0.8840247249555756,0.2958370724829093,0,0.0,1,0,0,0,1,0,0,0,0,1,0,0,0,0,0,0,0
1,-0.5294117647058824,0.0,0.0,0.0,0.0,0.0,0,0.0,0,0,0,1,0,0,0,0,0,0,1,0,1,0,0,0,0
1,-0.5882352941176471,0.0,0.0,0.0,0.0,0.0,1,2.5,0,1,0,0,0,0,0,1,0,0,0,0,0,0,0,0,0
1,-1.2352941176470589,0.0,0.0,0.0,0.0,0.0,0,1.0,0,0,1,0,1,0,0,0,0,1,0,0,0,0,0,0,1
1,-0.0588235294117647,0.0,0.0,0.0,0.0,0.0,0,1.0,0,1,0,0,0,1,0,0,0,0,0,0,0,0,0,0,0
0,-0.7647058823529411,0.2939297479087193,1.6433174748519102,0.0,1.5947174526937522,1.4462188781202123,1,0.5,1,1,0,0,1,0,0,1,0,0,0,0,0,0,0,0,0
1,-0.0588235294117647,0.0,0.0,0.0,0.0,0.0,0,0.0,0,0,0,0,1,0,0,0,0,0,1,0,0,0,0,0,0
1,-0.5882352941176471,0.0,0.0,0.0,0.0,0.0,0,0.5,0,0,1,0,0,0,0,0,0,1,0,0,1,0,0,0,0
0,0.8823529411764706,1.778565002386827,0.0,2.287249259250608,0.0,0.0,0,0.0,1,0,1,0,1,0,0,0,1,0,0,0,1,0,0,0,0
0,0.0,0.0,0.0,1.6784244608613887,0.9184197287740684,1.722581261468084,0,0.0,1,0,0,0,1,0,0,0,0,1,0,0,0,0,0,1,0
1,-0.1176470588235294,0.0,0.0,0.0,0.0,0.0,1,0.5,0,0,0,1,0,0,0,0,0,0,1,0,0,0,0,0,0
0,-0.0588235294117647,0.0,1.228189762995772,0.0,0.0,1.835627734739138,1,0.0,1,0,0,0,0,0,0,0,0,1,0,0,0,0,0,1,0
1,-0.7647058823529411,0.0,0.0,0.0,0.0,0.0,1,1.0,0,0,0,0,1,0,0,0,0,0,1,0,1,0,0,0,0
0,-0.0588235294117647,0.0,1.5446613134111564,0.2210647294575037,0.0,1.0980095096213982,1,0.0,1,0,0,0,1,0,0,0,0,1,0,0,0,1,0,0,0
0,-0.0588235294117647,0.0,0.0,0.0,1.1335689800373283,1.832064959398044,0,0.0,1,0,0,0,1,0,0,0,1,0,0,0,0,0,0,0,0
0,0.3529411764705882,2.17255459772232,0.0,0.8416718857933595,0.69506137148576,0.0,0,0.5,1,0,1,0,1,0,0,1,0,0,0,0,0,0,0,0,0
0,0.6470588235294118,0.0,1.8639009371592967,2.1564615665541518,1.3380695478836415,2.354179325321149,1,2.0,1,1,0,1,0,0,1,0,0,0,0,0,1,0,0,0,0
0,0.7058823529411765,1.7550013530906814,0.3358975579140839,0.0,0.0,0.0,0,0.0,1,0,0,0,1,0,0,0,0,0,1,0,0,0,0,0,0
1,0.2941176470588235,0.0,0.0,0.0,0.0,0.0,0,1.0,0,0,0,0,1,0,0,0,0,0,1,0,1,0,0,0,0
0,0.1764705882352941,0.0,1.9562519384794996,0.0,0.2754115523761867,1.5624089882080252,0,1.0,1,1,0,0,1,0,0,0,0,0,0,0,0,0,0,0,0
0,-0.4705882352941176,0.0,1.5948172569187888,0.0,0.8167735192693216,0.1866524112389433,0,0.5,1,0,0,0,1,0,0,0,0,1,0,0,0,0,0,0,1
1,-0.2352941176470588,0.0,0.0,0.0,0.0,0.0,1,0.5,0,0,0,1,0,0,0,0,0,0,1,0,0,1,0,0,0
0,0.6470588235294118,0.0,1.7177156093379933,1.2412143126717117,1.4116907252791715,1.9191470317213275,1,1.5,1,1,0,0,0,1,0,0,0,0,0,0,0,0,0,0,0
0,-0.1176470588235294,1.2501984690150425,0.0,0.0,0.0,1.839434946177951,1,0.0,1,0,0,0,1,0,0,0,0,1,0,0,0,0,0,1,0
0,-0.1176470588235294,0.0,0.6020900746029018,0.0,0.6615863334646042,1.939951389829745,1,0.0,1,0,0,1,0,0,0,0,0,1,0,0,1,0,0,0,0
0,0.2941176470588235,0.0,1.4462111002765794,1.3110768450118555,2.1359794832098653,1.4424349867069723,0,0.0,1,1,0,0,1,0,1,0,0,0,0,0,0,0,0,0,0
1,-1.4705882352941178,0.0,0.0,0.0,0.0,0.0,1,1.0,0,0,0,0,1,0,0,0,0,0,1,0,0,1,0,0,0
0,1.588235294117647,0.0,1.3953753952730474,0.2210647294575037,1.910314677026039,1.6058876026905695,0,0.0,1,1,0,0,0,1,0,0,0,0,0,0,0,0,0,0,0
1,-1.588235294117647,0.0,0.0,0.0,0.0,0.0,0,1.5,0,0,1,0,1,0,0,0,0,1,0,0,0,0,1,0,0
0,0.8235294117647058,0.0,0.0,0.0,0.0,1.7352918271004307,1,0.0,1,0,0,1,0,0,0,0,0,1,0,0,0,0,0,1,0
1,-1.3529411764705883,0.0,0.0,0.0,0.0,0.0,1,0.0,0,0,0,0,1,0,0,0,0,0,1,0,0,0,0,1,0
1,-1.588235294117647,0.0,0.0,0.0,0.0,0.0,1,3.5,0,0,0,0,0,0,0,0,0,0,1,0,0,0,0,1,0
0,-0.3529411764705882,1.7180818326997642,0.9169048741496012,0.0,0.17376534287144,0.0,0,0.0,1,0,0,0,0,0,0,0,0,1,0,0,0,0,0,0,0
0,0.7058823529411765,0.3708980468307378,1.073581905861518,0.0,1.67764113979612,2.1545347222584894,1,0.5,1,1,0,0,0,0,0,1,0,0,0,0,0,0,0,0,0
1,-0.8235294117647058,0.0,0.0,0.0,0.0,0.0,1,0.5,0,1,0,0,1,1,0,0,0,0,0,0,1,0,0,0,0
1,-0.6470588235294118,0.0,0.0,0.0,0.0,0.0,1,0.5,0,0,1,0,1,0,0,0,0,1,0,0,0,0,0,1,0
1,-0.3529411764705882,0.0,0.0,0.0,0.0,0.0,1,0.0,0,0,1,0,1,0,0,0,0,1,0,0,1,0,0,0,0
1,0.5882352941176471,0.0,0.0,0.0,0.0,0.0,1,0.0,0,1,0,0,1,0,0,1,0,0,0,0,0,0,0,0,0
0,-0.0588235294117647,1.9983264032714652,0.7597267070563035,0.0,0.4034706315309319,0.0,1,0.0,1,0,1,0,1,0,0,1,0,0,0,0,0,0,0,0,0
0,-0.2352941176470588,1.615410546289857,0.3899649883623831,2.0547128212638284,0.0,0.0,0,0.0,1,0,1,0,1,0,0,0,1,0,0,0,0,0,0,0,0
0,-0.1764705882352941,0.8716919553520774,1.9624392632197925,0.0,2.1840402874560065,1.3983724450778776,1,0.5,1,1,0,0,0,0,1,0,0,0,0,0,0,0,0,0,0
0,-0.5294117647058824,1.9978681450039888,0.9526769099090936,1.7982347537716366,0.2754115523761867,0.0,0,0.0,1,0,1,0,1,0,0,0,1,0,0,0,0,0,0,0,0
0,-0.5294117647058824,0.0,0.0,0.9554258650310592,1.660256407807403,0.4333934776341722,1,0.0,1,0,0,1,0,0,0,0,0,0,1,0,0,0,0,1,0
1,-0.7058823529411765,0.0,0.0,0.0,0.0,0.0,1,1.0,0,0,0,1,0,0,0,0,0,0,1,0,1,0,0,0,0
0,0.2941176470588235,0.1854490234153689,0.0,0.0,0.5772359744023721,1.749873715321076,0,0.0,1,0,0,0,0,0,0,0,0,1,0,0,0,0,0,0,1
0,1.3529411764705883,1.320200669688133,1.589730319824536,0.0,0.738142580866548,1.0,1,0.0,1,0,0,0,1,0,0,0,0,1,0,0,0,0,1,0,0
0,1.4705882352941178,0.0,1.5332519354491672,0.0,0.0,0.0,1,0.0,1,0,0,0,1,0,0,0,0,1,0,0,0,1,0,0,0
0,1.0,0.0,1.3661669679971282,1.5077010171780725,0.0,2.4590442786062527,1,0.0,1,1,0,0,0,1,0,0,0,0,0,0,0,0,0,0,0
1,1.0,0.0,0.0,0.0,0.0,0.0,1,0.5,0,0,0,0,1,0,0,0,0,0,1,0,0,0,0,1,0
1,-0.0588235294117647,0.0,0.0,0.0,0.0,0.0,1,1.5,0,1,0,0,0,0,1,0,0,0,0,0,0,0,0,0,0
0,1.6470588235294117,0.0,0.0,0.0,1.5619218765602276,1.8347414503140744,1,3.5,1,0,0,0,1,0,0,0,0,1,0,0,0,0,1,0,0
1,0.2352941176470588,0.0,0.0,0.0,0.0,0.0,1,1.5,0,1,0,0,0,0,1,0,0,0,0,0,0,0,0,0,0
1,-1.588235294117647,0.0,0.0,0.0,0.0,0.0,0,1.5,0,0,0,0,0,0,0,0,0,0,1,0,0,1,0,0,0
1,-0.1176470588235294,0.0,0.0,0.0,0.0,0.0,0,0.5,0,1,0,0,1,1,0,0,0,0,0,0,0,0,0,0,0
1,-0.3529411764705882,0.0,0.0,0.0,0.0,0.0,1,2.0,0,0,0,0,1,0,0,0,0,0,1,0,0,1,0,0,0
0,1.6470588235294117,0.2939297479087193,0.0,0.0,0.0,1.8341489693092408,0,0.0,1,0,0,0,1,0,0,0,0,0,1,0,1,0,0,0,0
1,-1.588235294117647,0.0,0.0,0.0,0.0,0.0,0,1.0,0,0,0,0,1,0,0,0,0,0,1,0,1,0,0,0,0
0,0.4705882352941176,2.018600314953372,0.0,1.9807404030513407,0.17376534287144,0.0,0,0.5,1,0,1,0,1,0,0,1,0,0,0,0,0,0,0,0,0
0,-0.1176470588235294,0.0,0.0,1.7634952280952851,0.0,1.7006154419744544,0,0.0,1,0,0,0,1,0,0,0,0,1,0,0,0,0,0,0,0
1,0.6470588235294118,0.0,0.0,0.0,0.0,0.0,0,1.0,0,0,0,0,0,0,0,0,0,0,1,0,0,0,1,0,0
0,0.2941176470588235,0.0,1.2582475796541028,0.0,0.0,2.301647630582741,1,0.0,1,1,0,0,1,1,0,0,0,0,0,0,0,0,0,0,0
1,1.8823529411764703,0.0,0.0,0.0,0.0,0.0,0,0.0,0,1,0,0,1,0,1,0,0,0,0,0,0,0,0,0,0
0,0.5294117647058824,1.7979706184469424,2.089167171078812,1.5548417529950602,0.9704729238619468,1.902875948872658,1,1.5,1,1,0,0,0,0,1,0,0,0,0,0,0,0,0,0,0
1,2.176470588235294,0.0,0.0,0.0,0.0,0.0,0,0.0,0,0,0,1,0,0,0,0,0,0,1,0,1,0,0,0,0
1,-0.9411764705882352,0.0,0.0,0.0,0.0,0.0,1,2.5,0,0,0,0,1,0,0,0,0,0,1,0,0,1,0,0,0
0,0.1176470588235294,2.1817070549154445,2.258117276413251,0.884258917830015,1.333201620203202,0.7466096449557734,1,0.0,1,1,0,0,1,0,1,0,0,0,0,0,0,0,0,0,0
1,-0.1764705882352941,0.0,0.0,0.0,0.0,0.0,0,0.5,0,0,0,0,1,0,0,0,0,0,1,0,0,0,0,0,0
0,1.1764705882352942,1.0954270923770264,0.1679487789570419,1.8475599728279148,1.5854560681506116,0.0,0,0.0,1,0,0,0,1,0,0,0,0,1,0,0,0,1,0,0,0
0,0.0,1.5075675965595876,1.5523797842117797,2.5910271376147884,1.4187778516271965,0.3733048224778867,1,1.0,1,1,0,0,1,0,0,0,0,0,0,0,0,0,0,0,0
1,1.2941176470588236,0.0,0.0,0.0,0.0,0.0,0,0.0,0,0,0,0,1,0,0,0,0,0,1,0,0,0,0,0,0
0,-0.4705882352941176,0.0,0.0,0.0,0.0,0.0,0,0.0,0,0,1,0,1,0,0,0,1,0,0,0,0,0,0,0,0
0,2.647058823529412,1.534799188622208,0.0,0.0,0.0,1.6533635114492964,0,0.5,1,0,0,1,0,0,0,0,0,0,1,0,0,0,0,1,0
0,-0.2352941176470588,1.1442065660635454,0.0,2.30511109285745,0.0,1.8290595430665293,1,0.0,1,0,1,0,0,0,0,0,1,0,0,0,1,0,0,0,0
0,-0.5882352941176471,0.0,0.0,0.0,0.0,0.0,0,0.0,0,1,0,0,1,0,1,0,0,0,0,0,0,0,0,0,0
0,0.7647058823529411,1.808724521293656,0.0,0.0,0.0,1.1025353725949685,1,0.0,1,0,0,0,1,0,0,0,0,1,0,0,0,0,0,1,0
1,0.3529411764705882,0.0,0.0,0.0,0.0,0.0,1,1.0,0,1,0,0,0,0,0,1,0,0,0,0,0,0,0,0,0
1,-0.2941176470588235,0.0,0.0,0.0,0.0,0.0,1,1.0,0,0,0,0,0,0,0,0,0,0,1,0,1,0,0,0,0
1,0.4705882352941176,0.0,0.0,0.0,0.0,0.0,1,0.0,0,0,0,0,1,0,0,0,0,0,1,0,1,0,0,0,0
0,0.7647058823529411,1.8500112634070505,0.0,0.0,1.417024764773667,1.5615942144909172,1,1.5,1,1,0,0,1,1,0,0,0,0,0,0,0,0,0,0,0
0,0.0588235294117647,0.0,0.0,0.0,1.700514497280695,0.0,0,1.0,1,0,0,0,1,0,0,0,0,0,1,0,0,1,0,0,0
1,-0.2352941176470588,0.0,0.0,0.0,0.0,0.0,0,0.0,0,0,1,0,1,0,0,0,0,1,0,0,1,0,0,0,0
1,-0.7058823529411765,0.0,0.0,0.0,0.0,0.0,1,0.5,0,0,0,1,0,0,0,0,0,0,1,0,0,0,0,1,0
0,-0.7647058823529411,0.9187508675692698,0.9920550629652848,0.0,1.5921060707637522,0.0,0,0.0,1,0,0,0,1,0,0,0,0,1,0,0,0,1,0,0,0
1,-0.4117647058823529,0.0,0.0,0.0,0.0,0.0,1,0.0,0,0,0,1,0,0,0,0,0,0,1,0,1,0,0,0,0
0,-1.3529411764705883,0.0,0.0,0.0,0.0,0.0,0,2.5,0,0,0,0,1,0,0,0,1,0,0,0,0,0,0,0,0
0,0.5294117647058824,0.0,1.788680395890927,1.9895825651175336,1.1280590791547451,2.0750136756422326,0,0.0,1,1,0,0,1,1,0,0,0,0,0,0,0,0,0,0,0
1,-0.2352941176470588,0.0,0.0,0.0,0.0,0.0,1,0.5,0,0,0,1,0,0,0,0,0,0,1,0,1,0,0,0,0
0,0.1176470588235294,0.0,1.0,2.1843657844554034,0.2754115523761867,0.0,1,0.0,1,0,0,0,1,0,0,0,0,1,0,0,0,0,1,0,0
0,-0.1764705882352941,1.711920952894158,1.547533645259013,2.3115311598876884,0.0,0.1866524112389433,0,0.0,1,0,1,0,1,0,0,0,0,1,0,0,1,0,0,0,0
0,0.0,0.0,0.8544331721773178,0.7343611355735556,1.8856578929364816,2.0515940557555505,1,1.0,1,1,0,0,0,0,0,0,1,0,0,0,1,0,0,0,0
0,1.1764705882352942,0.0,1.3938418529986352,0.0,1.7024940143782945,1.8835907477192992,0,0.0,1,1,0,0,1,0,0,0,1,0,0,0,1,0,0,0,0
0,-1.588235294117647,0.0,0.0,0.0,0.0,0.0,1,1.0,0,1,0,0,1,0,0,0,0,0,0,0,0,0,0,0,0
0,-0.7058823529411765,0.0,1.313389507963178,0.0,1.7314571073798517,0.0,1,0.0,1,0,0,0,1,0,0,0,0,1,0,0,0,0,0,0,0
1,0.0,0.0,0.0,0.0,0.0,0.0,0,0.0,0,0,0,0,0,0,0,0,0,0,1,0,0,1,0,0,0
0,1.1176470588235294,0.0,0.0,0.2210647294575037,0.0,2.0152582347237185,1,0.0,1,0,0,0,1,0,0,0,0,0,1,0,0,0,0,1,0
1,-0.5882352941176471,0.0,0.0,0.0,0.0,0.0,0,0.5,0,1,0,0,1,1,0,0,0,0,0,0,0,0,0,0,0
1,0.1176470588235294,0.0,0.0,0.0,0.0,0.0,1,1.0,0,1,0,0,0,0,0,0,0,0,0,0,0,0,0,0,0
0,0.2352941176470588,1.833857778313504,1.073581905861518,0.9554258650310592,0.0,0.0,0,0.0,1,0,1,0,1,0,0,0,1,0,0,0,1,0,0,0,0
1,-0.7647058823529411,0.0,0.0,0.0,0.0,0.0,0,0.5,0,1,0,0,1,0,0,0,1,0,0,0,0,0,0,0,0
1,-1.5294117647058822,0.0,0.0,0.0,0.0,0.0,1,0.0,0,0,1,0,1,0,0,0,0,1,0,0,0,0,0,0,0
1,-0.6470588235294118,0.0,0.0,0.0,0.0,0.0,0,0.0,0,0,0,0,1,0,0,0,0,0,1,0,0,0,0,0,0
0,0.7058823529411765,0.0,1.8802490922028927,0.0,1.050306216600437,2.3802235674372123,0,0.5,1,0,0,0,1,0,0,0,0,0,0,0,0,0,0,0,0
1,1.1764705882352942,0.0,0.0,0.0,0.0,0.0,0,0.0,0,1,0,0,1,1,0,0,0,0,0,0,0,0,0,0,0
0,-0.0588235294117647,0.0,0.6394406102156581,0.0,2.066643618383408,2.201910645962662,1,1.0,1,1,0,0,1,0,1,0,0,0,0,0,1,0,0,0,0
0,-0.5294117647058824,0.0,0.0,2.121379092264933,0.0,0.4333934776341722,0,0.0,1,0,0,0,1,0,0,0,0,1,0,0,0,0,0,1,0
1,-0.3529411764705882,0.0,0.0,0.0,0.0,0.0,0,1.5,0,0,1,0,1,0,0,0,0,1,0,0,0,0,1,0,0
1,0.0,0.0,0.0,0.0,0.0,0.0,0,0.0,0,0,1,0,1,0,0,0,0,1,0,0,0,0,0,1,0
0,0.1764705882352941,1.763578487452316,1.9007456294348344,0.0,0.9756419811863284,2.0191653039391606,0,0.5,1,1,0,0,0,1,0,0,0,0,0,0,0,0,0,0,0
1,-0.8823529411764706,0.0,0.0,0.0,0.0,0.0,0,1.0,0,0,0,0,1,0,0,0,0,0,1,0,0,1,0,0,0
0,-0.2352941176470588,0.0,0.8876768489547547,1.431556258955499,0.4034706315309319,1.7049626979537045,0,0.0,1,0,0,0,0,0,0,0,0,1,0,0,0,0,0,0,0
0,1.2941176470588236,1.7337125063779175,0.7894331112229788,0.0,1.6909659880174397,0.2958370724829093,1,0.0,1,0,0,0,1,0,0,0,0,1,0,0,1,0,0,0,0
0,0.0,1.1126941404922133,0.0,2.4194898107648566,0.0,0.0,1,0.0,1,0,1,0,0,0,0,0,0,1,0,0,0,0,0,0,1
0,-0.2941176470588235,0.0,0.0,2.241779789750533,0.0,1.030986157725736,1,1.0,1,0,1,0,1,0,0,0,1,0,0,0,1,0,0,0,0
0,0.8235294117647058,0.2939297479087193,0.0,2.013573494794722,2.162602173257008,1.140170818969702,0,0.5,1,0,0,0,1,0,0,0,0,0,1,0,1,0,0,0,0
0,1.588235294117647,0.0,0.0,0.0,0.0,1.8344453727602612,0,0.0,1,0,0,0,1,0,0,0,0,0,1,0,0,0,0,0,0
0,0.0588235294117647,0.3708980468307378,1.8567211860676576,0.0,1.6412162431181676,0.6457112531348923,0,1.0,1,1,0,0,1,0,1,0,0,0,0,0,0,0,0,0,0
0,-0.2941176470588235,0.0,1.5667395633319006,0.0,0.9953140617275088,0.0,0,0.0,1,0,0,0,0,0,0,0,0,1,0,0,0,0,0,0,1
0,0.2352941176470588,1.0300930780175133,1.8338097482992024,0.0,1.7307031507260149,1.92130130327534,0,0.0,1,1,0,0,1,1,0,0,0,0,0,0,0,0,0,0,0
1,-0.1176470588235294,0.0,0.0,0.0,0.0,0.0,0,0.5,0,1,0,0,0,0,0,0,0,0,0,0,0,0,0,0,0
0,0.4705882352941176,0.0,2.044501759139693,0.0,1.4499494394597456,2.530667272697156,0,2.0,1,1,0,0,0,1,0,0,0,0,0,0,0,0,0,0,0
0,0.7058823529411765,0.0,1.2541752338692689,1.206887773765796,1.627921737477185,0.0,1,0.0,1,0,0,0,1,0,0,0,0,1,0,0,0,0,1,0,0
0,-1.4705882352941178,0.0,0.0,0.0,0.0,0.0,1,2.5,0,0,0,0,1,0,0,0,0,0,1,0,0,0,1,0,0
0,-1.588235294117647,0.0,0.0,0.0,0.0,0.0,0,1.5,0,0,0,0,0,0,0,0,0,0,1,0,0,0,1,0,0
1,0.1764705882352941,0.0,0.0,0.0,0.0,0.0,0,0.0,0,0,0,0,0,0,0,0,0,0,1,0,0,0,0,0,0
0,-0.5882352941176471,0.0,1.5686164036263972,1.2476575416896074,1.0823528154380506,0.0,0,0.0,1,0,0,0,1,0,0,0,0,0,1,0,0,0,1,0,0
1,-0.7647058823529411,0.0,0.0,0.0,0.0,0.0,0,0.0,0,0,0,0,1,0,0,0,0,0,1,0,0,0,1,0,0
1,-0.7058823529411765,0.0,0.0,0.0,0.0,0.0,1,0.0,0,0,0,0,0,0,0,0,0,0,1,0,0,0,1,0,0
0,-1.5294117647058822,0.0,0.0,0.0,0.0,0.0,1,2.0,0,0,0,0,1,0,0,0,0,0,1,0,0,0,1,0,0
0,0.4117647058823529,2.133465363091237,0.7700388535599437,0.6631941883725112,0.0,1.1866524112389434,0,0.5,1,0,1,0,1,0,0,1,0,0,0,0,0,0,0,0,0
0,0.8235294117647058,0.3708980468307378,1.741194648413129,0.0,0.0,2.537957230066414,1,0.0,1,1,0,0,0,1,0,0,0,0,0,0,1,0,0,0,0
0,-0.1176470588235294,1.1168422295742777,0.0,0.0,1.627921737477185,0.0,1,0.0,1,0,0,0,1,0,0,0,0,1,0,0,1,0,0,0,0
1,0.1176470588235294,0.0,0.0,0.0,0.0,0.0,0,0.5,0,1,0,0,0,1,0,0,0,0,0,0,0,0,0,0,0
0,0.9411764705882352,1.9315891390760649,1.948425265368525,0.0,0.9856709344603222,2.086059666704848,0,0.0,1,1,0,0,0,0,1,0,0,0,0,0,0,0,0,0,0
0,0.1764705882352941,0.0,0.4714918312586162,0.0,0.0,1.957580631001394,1,0.5,1,0,0,0,1,0,0,0,0,1,0,0,0,0,0,1,0
0,0.7647058823529411,1.7266440477574108,0.9960600941586246,1.564434325382685,0.0,0.0,0,1.0,1,0,0,0,1,0,0,0,0,1,0,0,0,0,0,0,1
0,0.7647058823529411,0.0,1.3165847042062997,0.5714440358797147,1.5342997985219775,0.1866524112389433,0,0.0,1,0,0,1,0,0,0,0,0,1,0,0,1,0,0,0,0
1,0.2941176470588235,0.0,0.0,0.0,0.0,0.0,1,0.0,0,0,1,0,1,0,0,0,0,1,0,0,0,0,0,0,0
0,0.8823529411764706,1.866995870500625,0.0,0.7647583148507885,0.0,1.16971081854046,0,0.0,1,0,1,0,1,0,0,0,0,1,0,0,0,0,0,0,0
0,-0.5882352941176471,1.4368947971903097,1.530204110727869,0.0,1.3760239855770613,0.0,1,0.0,1,0,0,0,1,0,0,0,0,0,1,0,0,0,0,1,0
0,-0.4117647058823529,0.0,0.0,0.0,1.6437213785814504,0.0,1,1.0,1,0,0,0,1,0,0,0,0,1,0,0,0,0,1,0,0
1,1.0588235294117647,0.0,0.0,0.0,0.0,0.0,1,0.5,0,1,0,0,0,0,0,0,0,1,0,0,1,0,0,0,0
0,0.4117647058823529,1.2294077110659742,1.5927952796450615,1.0847404419957667,2.169473262336584,2.033402538488399,0,0.5,1,1,0,0,1,1,0,0,0,0,0,0,0,0,0,0,0
0,-1.2352941176470589,0.0,0.0,0.0,0.0,0.0,1,1.0,0,0,0,0,0,0,0,0,0,0,1,0,1,0,0,0,0
0,0.6470588235294118,1.0769682989220186,1.7295470338716288,0.0,1.6241001634961492,2.5005834860817937,1,0.5,1,1,0,0,0,0,1,0,0,0,0,0,0,0,0,0,0
0,-0.1764705882352941,0.1854490234153689,1.277641837317138,0.0,0.0,1.7369988534701546,0,0.0,1,0,0,0,1,0,0,0,1,0,0,0,1,0,0,0,0
1,0.1764705882352941,0.0,0.0,0.0,0.0,0.0,0,0.0,0,0,0,0,1,0,0,0,0,0,1,0,0,1,0,0,0
1,-0.4117647058823529,0.0,0.0,0.0,0.0,0.0,0,0.0,0,0,0,0,0,0,0,0,0,0,1,0,0,0,0,1,0
0,1.2352941176470589,1.7287424615451517,1.4594745484390674,1.502005705316457,0.0,0.0,1,0.0,1,0,1,0,1,0,0,0,0,1,0,0,1,0,0,0,0
1,0.1764705882352941,0.0,0.0,0.0,0.0,0.0,1,0.0,0,0,1,0,1,0,0,0,1,0,0,0,1,0,0,0,0
1,-1.1176470588235294,0.0,0.0,0.0,0.0,0.0,0,1.5,0,0,1,0,1,0,0,0,0,1,0,0,0,0,0,1,0
0,-0.3529411764705882,0.0,1.3938418529986352,1.8436466846038515,1.7383867994912583,0.5239995654055677,0,0.0,1,0,0,0,1,0,0,0,1,0,0,0,0,0,0,0,0
0,0.5294117647058824,0.0,2.024954453575081,0.0,0.0,1.9996794255477768,0,0.0,1,1,0,0,0,0,0,1,0,0,0,0,0,0,0,0,0
0,-0.0588235294117647,0.0,1.2458192723585093,0.0,2.0609784340967785,0.0,0,1.0,1,1,0,0,1,0,1,0,0,0,0,0,0,0,0,0,0
0,-0.5882352941176471,0.0,0.0,1.168416011586873,0.0,0.2958370724829093,0,1.5,1,0,1,0,1,0,0,1,0,0,0,0,0,0,0,0,0
1,-0.0588235294117647,0.0,0.0,0.0,0.0,0.0,1,0.5,0,1,0,0,1,0,1,0,0,0,0,0,0,0,0,0,0
0,-0.0588235294117647,0.0,1.864783629831409,0.0,1.4530160269148071,1.5615942144909172,0,1.5,1,1,0,0,1,1,0,0,0,0,0,0,0,0,0,0,0
1,0.3529411764705882,0.0,0.0,0.0,0.0,0.0,0,0.0,0,1,0,0,0,1,0,0,0,0,0,0,0,0,0,0,0
1,1.411764705882353,0.0,0.0,0.0,0.0,0.0,0,1.5,0,1,0,0,1,1,0,0,0,0,0,0,0,0,0,0,0
1,1.0588235294117647,0.0,0.0,0.0,0.0,0.0,0,0.0,0,0,0,0,1,0,0,0,0,0,1,0,0,0,0,1,0
0,0.9411764705882352,0.9434650155718534,1.700767651072829,1.30580517145327,0.0,0.7629347951689582,1,0.5,1,0,1,0,1,0,0,0,0,1,0,0,1,0,0,0,0
1,0.7647058823529411,0.0,0.0,0.0,0.0,0.0,0,0.5,0,1,0,0,1,0,0,0,0,0,0,0,0,0,0,0,0
0,1.5294117647058822,1.8105781988225829,0.0,2.0833507710001005,1.5682564705019229,0.8667869552683445,1,0.5,1,0,1,0,1,0,0,0,1,0,0,0,1,0,0,0,0
0,0.8823529411764706,1.296044750119841,0.0,1.7819355653777105,1.5292913886868738,0.6906959960353908,1,0.0,1,0,0,0,1,0,0,0,0,0,1,0,0,0,0,0,0
0,-0.4705882352941176,0.850276818154826,0.0,0.0,0.0,1.7764959406702547,1,0.0,1,0,0,1,0,0,0,0,0,0,1,0,1,0,0,0,0
0,-0.5294117647058824,1.538229317482808,0.1679487789570419,2.085663536674641,1.4161436025362617,0.0,1,0.0,1,0,0,0,1,0,0,0,0,1,0,0,0,0,0,0,0
0,-0.2352941176470588,0.9187508675692698,1.8689330584488824,0.2210647294575037,0.980706605933304,1.0691301642290858,0,0.5,1,1,0,0,1,0,0,1,0,0,0,0,0,0,0,0,0
0,-0.9411764705882352,0.0,0.0,0.0,0.0,0.0,1,0.0,0,0,1,0,1,0,0,0,0,1,0,0,0,1,0,0,0
1,-0.5882352941176471,0.0,0.0,0.0,0.0,0.0,1,2.5,0,1,0,0,1,0,0,0,0,1,0,0,1,0,0,0,0
0,0.2941176470588235,0.0,1.737684347947434,0.0,1.14161321239748,1.5827714330574352,0,0.5,1,1,0,0,1,0,0,0,1,0,0,0,1,0,0,0,0
0,-0.2941176470588235,1.6949208727569705,1.516225788662869,1.8816482976142752,0.0,0.0,1,0.0,1,0,0,0,1,0,0,0,0,1,0,0,0,1,0,0,0
1,-0.7647058823529411,0.0,0.0,0.0,0.0,0.0,0,0.0,0,0,0,0,0,0,0,0,0,0,1,0,0,0,0,1,0
0,-0.2352941176470588,0.0,0.7799299767247662,0.0,1.0091170192074843,2.4033254884691355,1,0.5,1,1,0,0,1,0,1,0,0,0,0,0,0,0,0,0,0
0,0.2941176470588235,1.0357258415701949,0.0,2.502005705316457,0.0,0.0,1,0.0,1,0,1,0,1,0,0,0,0,1,0,0,0,0,0,0,0
0,-0.4705882352941176,0.0,1.7435674623415367,0.4421294589150075,1.6138825261237275,1.4921653452860395,0,0.0,1,0,0,0,1,0,0,0,0,1,0,0,1,0,0,0,0
0,-0.1764705882352941,0.0,0.0,1.272202648724137,1.624869153051398,0.0,1,0.5,1,0,0,0,1,0,0,0,0,0,1,0,0,0,1,0,0
0,-0.2941176470588235,0.0,0.0,2.0542045677874925,0.0,0.7292305501170816,0,0.0,1,0,0,0,0,0,0,0,0,1,0,0,0,0,0,0,1
0,0.1176470588235294,1.6386369091945427,1.3186916641829514,1.8807733204155253,0.0,0.0,1,0.5,1,0,1,0,1,0,0,0,1,0,0,0,1,0,0,0,0
1,0.1176470588235294,0.0,0.0,0.0,0.0,0.0,1,0.5,0,0,1,0,1,0,0,0,0,1,0,0,1,0,0,0,0
0,0.4705882352941176,1.4750979378153766,1.473160946037177,1.9554258650310596,0.17376534287144,2.0447628473951225,0,0.0,1,1,0,0,1,0,0,0,0,0,0,0,0,0,0,0,0
0,0.6470588235294118,1.271805878147568,1.171825643593294,0.0,1.331969723874446,0.0,1,0.5,1,0,0,0,1,0,0,0,0,0,1,0,0,0,1,0,0
0,0.3529411764705882,1.2068641606126205,2.470797474244216,0.0,0.8353516763360442,1.7656257205685524,0,0.0,1,1,0,0,0,1,0,0,0,0,0,0,0,0,0,0,0
0,-0.4117647058823529,0.9187508675692698,0.3899649883623831,0.0,1.447624627759053,1.6463076708937965,1,0.0,1,0,0,1,0,0,0,0,0,1,0,0,1,0,0,0,0
1,-1.1764705882352942,0.0,0.0,0.0,0.0,0.0,0,1.0,0,0,0,0,1,0,0,0,0,0,1,0,0,0,0,0,0
1,-0.3529411764705882,0.0,0.0,0.0,0.0,0.0,1,1.0,0,0,0,0,1,0,0,0,0,0,1,0,1,0,0,0,0
1,-1.5294117647058822,0.0,0.0,0.0,0.0,0.0,1,1.5,0,0,1,0,1,0,0,0,0,1,0,0,0,0,1,0,0
1,-1.3529411764705883,0.0,0.0,0.0,0.0,0.0,1,1.0,0,0,1,0,1,0,0,0,0,1,0,0,0,0,0,0,1
0,-1.0,0.0,0.0,0.0,0.0,0.0,1,1.0,0,0,1,0,1,0,0,0,1,0,0,0,1,0,0,0,0
0,-0.1764705882352941,0.7580159921564845,0.0,2.244031724888861,0.0,1.0,0,0.0,1,0,0,1,0,0,0,0,0,1,0,0,0,1,0,0,0
1,-0.8235294117647058,0.0,0.0,0.0,0.0,0.0,1,0.0,0,0,0,1,0,0,0,0,0,0,1,0,0,1,0,0,0
0,1.2352941176470589,0.0,1.5446613134111564,2.1258797684648725,0.4034706315309319,0.8323636643738357,0,3.5,1,0,0,0,1,0,0,0,0,1,0,0,0,0,0,0,1
0,-0.8823529411764706,0.0,0.0,0.0,0.0,0.0,0,1.0,0,0,0,0,1,0,0,0,0,0,1,0,0,0,1,0,0
1,1.3529411764705883,0.0,0.0,0.0,0.0,0.0,1,0.0,0,0,1,0,1,0,0,0,0,1,0,0,1,0,0,0,0
1,0.1176470588235294,0.0,0.0,0.0,0.0,0.0,0,0.5,0,1,0,0,1,0,1,0,0,0,0,0,0,0,0,0,0
1,-0.2941176470588235,0.0,0.0,0.0,0.0,0.0,0,0.5,0,0,0,1,0,0,0,0,0,0,1,0,0,0,0,1,0
0,0.8235294117647058,1.752717870781788,0.0,0.0,0.2754115523761867,0.9332620561947168,1,0.0,1,0,0,0,1,0,0,0,0,1,0,0,0,0,0,1,0
0,0.0588235294117647,0.0,1.9442564106598403,0.0,1.687999203114603,2.06676529224536,1,2.0,1,1,0,0,0,0,1,0,0,0,0,0,0,0,0,0,0
1,0.1176470588235294,0.0,0.0,0.0,0.0,0.0,1,0.0,0,0,0,0,1,0,0,0,0,0,1,0,0,0,0,0,0
1,-0.3529411764705882,0.0,0.0,0.0,0.0,0.0,1,0.0,0,0,0,0,1,0,0,0,0,0,1,0,1,0,0,0,0
0,-0.4117647058823529,1.0,1.3101516129577258,0.0,0.9486600070956904,1.7234773771305512,1,1.0,1,0,0,0,1,0,0,0,0,0,1,0,0,1,0,0,0
0,-0.5882352941176471,0.0,1.5719585099998452,1.814820587266757,0.0,0.9649789674437054,0,0.0,1,0,0,0,1,0,0,0,1,0,0,0,0,0,0,0,0
0,-0.4705882352941176,1.4729315584775635,0.905633126904476,2.0129952009120644,0.0,0.0,0,0.5,1,0,0,0,1,0,0,0,0,0,1,0,0,0,0,0,0
0,-0.7647058823529411,0.0,0.0,0.0,0.0,0.0,1,0.0,0,0,1,0,1,0,0,0,1,0,0,0,0,0,0,0,0
1,-0.0588235294117647,0.0,0.0,0.0,0.0,0.0,1,1.0,0,0,0,0,1,0,0,0,0,0,1,0,0,0,0,0,0
1,0.8235294117647058,0.0,0.0,0.0,0.0,0.0,0,0.0,0,1,0,0,1,1,0,0,0,0,0,0,0,0,0,0,0
0,-0.6470588235294118,0.8611985952751386,0.0,0.8416718857933595,1.6486577765866373,0.0,0,0.0,1,0,0,0,1,0,0,0,0,0,1,0,1,0,0,0,0
1,0.2352941176470588,0.0,0.0,0.0,0.0,0.0,1,0.0,0,0,1,0,0,0,0,0,1,0,0,0,0,0,0,0,0
0,1.2941176470588236,0.0,0.9573818901800208,1.4750379030483205,0.9856709344603222,0.0,1,0.0,1,0,0,1,0,0,0,0,0,0,1,0,0,1,0,0,0
0,0.8235294117647058,1.8005401112954278,0.0,0.0,0.0,1.053439366507288,0,1.0,1,0,0,0,1,0,0,0,0,0,1,0,0,0,0,1,0
1,-0.7058823529411765,0.0,0.0,0.0,0.0,0.0,1,0.0,0,0,0,0,1,0,0,0,0,0,1,0,1,0,0,0,0
1,-0.0588235294117647,0.0,0.0,0.0,0.0,0.0,1,0.0,0,1,0,0,0,0,0,0,0,1,0,0,1,0,0,0,0
1,-1.411764705882353,0.0,0.0,0.0,0.0,0.0,1,1.5,0,0,1,0,1,0,0,0,0,1,0,0,1,0,0,0,0
1,-0.7058823529411765,0.0,0.0,0.0,0.0,0.0,1,0.5,0,1,0,0,0,1,0,0,0,0,0,0,0,0,0,0,0
1,2.176470588235294,0.0,0.0,0.0,0.0,0.0,1,0.0,0,0,0,0,1,0,0,0,0,0,1,0,0,0,0,1,0
1,1.2352941176470589,0.0,0.0,0.0,0.0,0.0,0,1.0,0,0,1,0,1,0,0,0,0,1,0,0,0,0,0,0,1
0,0.8823529411764706,0.0,1.6388816737036138,0.0,0.0,1.0250676225999908,1,0.0,1,0,0,0,1,0,0,0,0,0,1,0,0,0,0,0,0
0,-0.2352941176470588,2.014609138744566,0.9920550629652848,0.9390669465144929,1.3193059003175651,0.0,0,0.0,1,0,1,0,1,0,0,1,0,0,0,0,0,0,0,0,0
0,0.2352941176470588,0.0,1.5802957184537847,0.0,0.0,1.4449634795384505,1,0.5,1,0,0,0,1,0,0,0,0,0,1,0,0,1,0,0,0
1,0.4705882352941176,0.0,0.0,0.0,0.0,0.0,0,0.0,0,0,0,0,1,0,0,0,0,0,1,0,0,1,0,0,0
1,-0.1764705882352941,0.0,0.0,0.0,0.0,0.0,1,0.0,0,0,0,1,0,0,0,0,0,0,1,0,0,1,0,0,0
0,1.0,0.0,0.0,0.0,0.0,0.0,1,1.0,0,0,0,0,0,0,0,0,0,0,1,0,0,0,1,0,0
0,2.0,0.0,1.5712197933589709,2.170542212721074,0.0,1.140170818969702,1,0.0,1,0,0,0,0,0,0,0,1,0,0,0,0,0,0,0,0
0,1.6470588235294117,0.0,1.3407340232918208,0.2210647294575037,0.0,1.7011019507031115,1,0.0,1,0,0,0,1,0,0,0,0,1,0,0,0,1,0,0,0
0,1.2941176470588236,2.1889148938415093,1.7389835407144094,1.836680719938987,1.6206102175961152,0.8773484072743342,0,0.5,1,1,0,0,1,1,0,0,0,0,0,0,0,0,0,0,0
0,0.7058823529411765,1.4867092678597071,1.778676163471491,0.0,0.0,1.7322782424007823,1,0.5,1,1,0,0,0,1,0,0,0,0,0,0,1,0,0,0,0
0,-0.2941176470588235,1.8399957122630928,0.9379876325169856,1.0135734947947224,1.229705288659492,0.0,0,0.5,1,0,0,0,1,0,0,0,1,0,0,0,1,0,0,0,0
0,-0.7647058823529411,1.1442065660635454,0.0,0.0,0.0,0.0,0,0.0,1,0,0,0,1,0,0,0,0,1,0,0,0,0,0,1,0
0,2.0,0.0,1.2400841201008863,2.2279236817437837,0.0,0.7629347951689582,1,0.0,1,0,0,0,1,0,0,0,0,1,0,0,0,0,1,0,0
0,0.0588235294117647,2.0039146483671244,0.6864843932202759,0.4421294589150075,0.6011293213528106,0.1866524112389433,0,0.5,1,0,1,0,1,0,0,0,0,1,0,0,0,0,0,0,1
0,0.4117647058823529,0.1854490234153689,1.0902988006970609,0.0,1.673880713310481,0.0,1,0.0,1,0,0,0,1,0,0,0,0,0,1,0,0,0,0,0,0
0,-0.4705882352941176,1.729160176519026,0.0,0.0,0.9184197287740684,0.6906959960353908,1,0.0,1,0,0,0,1,0,0,0,0,1,0,0,0,0,0,0,1
0,-0.2941176470588235,0.0,0.0,0.9858230443082924,0.0,0.0,1,0.0,1,0,0,0,0,0,0,0,0,1,0,0,0,0,0,0,0
0,-0.2941176470588235,0.5878594958174387,1.5910973128468884,0.0,0.8353516763360442,0.0,0,0.0,1,0,0,0,1,0,0,0,0,1,0,0,1,0,0,0,0
0,-0.7647058823529411,1.7917673126878155,0.0,1.30580517145327,0.0,0.0,0,0.5,1,0,1,0,1,0,0,1,0,0,0,0,0,0,0,0,0
1,0.5882352941176471,0.0,0.0,0.0,0.0,0.0,0,0.0,0,0,0,0,1,0,0,0,0,0,1,0,1,0,0,0,0
1,-0.1176470588235294,0.0,0.0,0.0,0.0,0.0,1,1.5,0,0,1,0,1,0,0,0,0,1,0,0,0,1,0,0,0
1,-0.7058823529411765,0.0,0.0,0.0,0.0,0.0,1,1.5,0,1,0,0,0,0,0,0,1,0,0,0,0,0,0,0,0
0,-0.2941176470588235,1.2896489144000076,0.1679487789570419,2.0710463463340734,0.0,0.0,1,0.0,1,0,0,0,1,0,0,0,0,0,1,0,0,1,0,0,0
0,-0.5294117647058824,1.2600177870925149,1.1253306691370626,1.9636390825747516,0.6229422381190667,0.1866524112389433,1,0.0,1,0,0,0,1,0,0,0,0,1,0,0,0,0,0,1,0
0,-0.3529411764705882,0.6862429319367085,1.823584650070443,0.0,1.81281422034163,1.5842758085235071,1,1.0,1,1,0,0,1,1,0,0,0,0,0,0,0,0,0,0,0
1,0.4705882352941176,0.0,0.0,0.0,0.0,0.0,0,1.0,0,0,0,1,0,0,0,0,0,0,1,0,1,0,0,0,0
0,-0.1764705882352941,1.7740153793174749,0.0,0.0,0.8765408737289972,0.0,0,0.5,1,0,0,0,1,0,0,0,1,0,0,0,0,0,0,0,0
0,-0.2941176470588235,1.4897904503176815,0.0,0.0,1.17376534287144,1.893762699284106,1,1.0,1,0,0,0,1,0,0,0,0,1,0,0,0,0,1,0,0
1,1.2352941176470589,0.0,0.0,0.0,0.0,0.0,1,0.5,0,0,0,0,1,0,0,0,0,0,1,0,0,0,0,1,0
0,0.2352941176470588,0.0,1.5166895187001606,0.0,1.0045999528837426,1.564031176897291,1,3.0,1,0,0,0,1,0,0,0,0,0,1,0,0,0,0,1,0
0,-0.3529411764705882,1.8011786471269673,0.9276754860133456,1.952640441309215,0.0,0.0,0,0.0,1,0,1,0,1,0,0,0,0,1,0,0,0,0,0,0,1
0,0.1176470588235294,0.8014973444683071,2.0588606408600647,0.6206071563358557,2.194108878709123,2.054357301438743,1,0.5,1,1,0,0,1,1,0,0,0,0,0,0,0,0,0,0,0
0,1.1176470588235294,1.4526018036468464,0.0,2.342237728669124,0.34753068574288,0.2958370724829093,1,0.0,1,0,1,0,1,0,0,1,0,0,0,0,0,0,0,0,0
0,-0.5294117647058824,0.0,0.0,0.0,1.5990102013933465,0.0,0,0.0,1,0,0,0,0,0,0,0,0,1,0,0,0,1,0,0,0
1,0.4117647058823529,0.0,0.0,0.0,0.0,0.0,0,0.0,0,0,1,0,1,0,0,0,0,1,0,0,0,0,0,1,0
0,0.5294117647058824,1.308395237583301,1.975895818250518,0.0,2.065520777150853,0.0,1,0.5,1,1,0,0,0,0,0,0,0,1,0,0,1,0,0,0,0
0,1.0,2.067238267141527,0.0,1.4932673781816406,0.0,0.0,1,0.5,1,0,1,0,0,0,0,0,0,1,0,0,1,0,0,0,0
0,-0.3529411764705882,2.063675679396843,0.0,1.526869900910774,0.0,0.0,1,3.0,1,0,1,0,0,0,0,0,1,0,0,0,0,0,0,0,0
0,1.0588235294117647,2.0471567461256286,0.4714918312586162,0.0,0.0,0.0,1,0.5,1,0,1,0,1,0,0,0,1,0,0,0,0,0,0,0,0
0,-0.4117647058823529,1.774720376791065,0.0,1.4903005754954626,1.331969723874446,0.0,0,0.0,1,0,0,0,1,0,0,0,0,1,0,0,0,0,0,0,0
1,0.7058823529411765,0.0,0.0,0.0,0.0,0.0,1,0.0,0,0,1,0,1,0,0,0,0,1,0,0,1,0,0,0,0
0,0.2352941176470588,1.3578444147144135,1.1411138484798524,2.0902393538887987,0.0,0.6457112531348923,1,0.0,1,0,0,0,1,0,0,0,1,0,0,0,0,0,0,0,0
1,1.0588235294117647,0.0,0.0,0.0,0.0,0.0,0,0.5,0,0,0,0,1,0,0,0,0,0,1,0,0,0,0,0,0
0,-0.7058823529411765,1.5665033350089237,1.7918262059406358,0.0,0.0,0.0,0,0.0,1,0,0,0,1,0,0,0,0,1,0,0,0,0,1,0,0
1,0.0,0.0,0.0,0.0,0.0,0.0,0,0.5,0,0,1,0,1,0,0,0,0,1,0,0,0,0,0,0,1
0,-0.2352941176470588,0.0,0.3358975579140839,0.0,0.0,1.6976777854797374,1,0.0,1,0,0,1,0,0,0,0,0,1,0,0,0,0,0,1,0
1,0.7647058823529411,0.0,0.0,0.0,0.0,0.0,1,0.0,0,0,0,0,1,0,0,0,0,0,1,0,0,1,0,0,0
0,0.1764705882352941,1.0571409787674464,0.0,2.304415500457604,0.0,0.4824894837218527,0,0.0,1,0,1,1,0,0,0,0,0,1,0,0,0,0,0,1,0
1,-0.7647058823529411,0.0,0.0,0.0,0.0,0.0,1,1.5,0,1,0,0,1,0,1,0,0,0,0,0,0,0,0,0,0
0,-0.0588235294117647,0.4305992976375693,1.610727384514449,0.0,0.0,0.0,1,0.0,1,0,0,1,0,0,0,0,0,0,1,0,0,0,0,0,0
1,-0.2941176470588235,0.0,0.0,0.0,0.0,0.0,1,0.0,0,0,0,0,1,0,0,0,0,0,1,0,0,0,1,0,0
0,-1.2941176470588236,0.0,0.0,0.0,0.0,0.0,1,2.0,0,0,0,0,1,0,0,0,0,0,1,0,0,0,1,0,0
0,-0.2352941176470588,0.6160483210529383,0.2661925166888179,0.2210647294575037,0.0,1.7746527951577886,1,0.0,1,0,0,0,1,0,0,0,0,1,0,0,0,0,0,0,1
0,-1.3529411764705883,0.0,0.0,0.0,0.0,0.0,1,2.5,0,1,0,0,1,0,1,0,0,0,0,0,1,0,0,0,0
0,1.7647058823529411,0.0,0.0,0.0,0.0,0.0,1,0.0,0,1,0,0,1,1,0,0,0,0,0,0,0,0,0,0,0
0,-0.2941176470588235,1.0998494473841025,0.9429836625172324,0.0,0.0,1.6740232825485275,0,0.0,1,0,0,0,1,0,0,0,0,1,0,0,0,0,0,0,1
1,0.3529411764705882,0.0,0.0,0.0,0.0,0.0,0,0.0,0,0,1,0,1,0,0,0,0,1,0,0,0,0,0,0,0
0,0.5294117647058824,1.8049781862934844,0.0,1.9519402676165696,0.0,0.0,1,0.0,1,0,1,0,1,0,0,0,0,1,0,0,0,1,0,0,0
0,0.9411764705882352,0.0,1.6163191450750376,0.0,0.0,1.907432445201368,1,0.0,1,0,0,0,1,0,0,0,0,1,0,0,0,1,0,0,0
1,1.2352941176470589,0.0,0.0,0.0,0.0,0.0,1,0.5,0,1,0,0,0,1,0,0,0,0,0,0,0,0,0,0,0
0,0.0588235294117647,0.0,1.7512544599755473,0.5132964061160518,0.0,0.0,0,0.0,1,0,0,0,1,0,0,0,0,1,0,0,0,1,0,0,0
0,-0.1176470588235294,1.3787445442715656,1.179398099585362,1.1920511922155703,0.0,1.5712124693572562,1,0.5,1,0,0,1,0,0,0,0,0,1,0,0,1,0,0,0,0
0,2.0,0.1854490234153689,1.5535763242756253,0.0,2.0687436549441616,0.1866524112389433,0,0.5,1,1,0,0,0,1,0,0,0,0,0,0,0,0,0,0,0
0,-0.1764705882352941,0.0,0.5810073162355173,2.1151376212729995,0.0,0.819836637888477,0,0.0,1,0,0,0,1,0,0,0,1,0,0,0,1,0,0,0,0
0,0.0588235294117647,0.2939297479087193,0.0,0.0,1.6719791335346004,0.3733048224778867,1,0.0,1,0,0,0,1,0,0,0,1,0,0,0,0,0,0,0,0
0,-0.3529411764705882,0.0,0.0,0.0,0.0,0.0,0,0.0,0,0,0,0,1,0,0,0,0,0,1,0,1,0,0,0,0
1,1.8823529411764703,0.0,0.0,0.0,0.0,0.0,0,1.5,0,1,0,0,0,1,0,0,0,0,0,0,0,0,0,0,0
0,-0.7647058823529411,1.7345319446491771,0.0,0.5132964061160518,0.0,0.0,0,0.0,1,0,0,0,0,0,0,0,0,1,0,0,0,0,0,0,1
0,-0.2941176470588235,1.6517741626231333,0.8614568196209993,0.0,0.8526475267785586,0.4333934776341722,0,0.0,1,0,0,1,0,0,0,0,0,1,0,0,0,0,1,0,0
0,0.2941176470588235,1.5913752676493784,0.0,1.9676677128435396,0.7860382942944486,0.2958370724829093,0,0.0,1,0,1,0,1,0,0,1,0,0,0,0,0,0,0,0,0
0,0.9411764705882352,0.0,0.0,0.0,1.7776230085922275,0.778326556204762,0,0.0,1,0,0,0,1,0,0,0,0,1,0,0,1,0,0,0,0
0,0.2352941176470588,0.0,0.0,0.0,1.6335470385386432,1.4449634795384505,0,0.0,1,0,0,0,1,0,0,0,0,0,1,0,0,0,0,0,0
0,-0.3529411764705882,1.9580488100842768,0.0,0.4421294589150075,0.2754115523761867,1.9085596235238804,0,0.0,1,0,1,0,1,0,0,1,0,0,0,0,0,0,0,0,0
1,-0.3529411764705882,0.0,0.0,0.0,0.0,0.0,0,0.0,0,0,0,0,1,0,0,0,0,0,1,0,1,0,0,0,0
0,-0.1764705882352941,0.0,1.092976163524553,0.0,1.6745113813121275,0.0,0,0.0,1,0,0,0,1,0,0,0,0,1,0,0,0,0,0,0,1
0,0.5882352941176471,0.0,0.0,2.126285788874775,0.34753068574288,0.0,0,0.5,1,0,0,0,1,0,0,0,1,0,0,0,0,0,0,0,0
0,-1.0588235294117647,0.0,0.0,0.0,0.0,0.0,0,3.5,0,0,0,0,1,0,0,0,0,0,1,0,0,0,0,1,0
0,1.0588235294117647,0.0,0.0,2.058749950979334,0.2754115523761867,0.0,1,0.0,1,0,0,0,1,0,0,0,1,0,0,0,1,0,0,0,0
0,0.3529411764705882,0.0,1.8544331721773175,0.0,2.4202133675626603,1.6591053602907395,0,0.0,1,1,0,0,1,0,0,0,1,0,0,0,1,0,0,0,0
1,0.0,0.0,0.0,0.0,0.0,0.0,1,0.5,0,1,0,0,0,0,0,0,0,0,0,0,0,0,0,0,0
1,-0.1176470588235294,0.0,0.0,0.0,0.0,0.0,0,0.5,0,1,0,0,1,0,0,0,1,0,0,0,0,0,0,0,0
0,-0.5294117647058824,1.7768242910647474,0.0,0.8416718857933595,0.0,0.0,1,0.0,1,0,0,0,1,0,0,0,0,1,0,0,0,0,0,0,0
0,0.7058823529411765,1.647843714801276,0.0,0.0,1.2933256285289083,0.0,0,0.0,1,0,0,0,1,0,0,0,0,1,0,0,0,0,0,0,1
0,0.0,0.0,0.0,0.0,1.8882221777821184,1.7550948671090494,0,0.0,1,1,0,0,1,0,1,0,0,0,0,0,0,0,0,0,0
0,1.4705882352941178,0.0,1.6291770060081885,2.3401694400396877,0.0,2.4185420572000385,0,1.5,1,1,0,0,0,0,1,0,0,0,0,0,0,0,0,0,0
1,-1.5294117647058822,0.0,0.0,0.0,0.0,0.0,0,1.0,0,0,0,0,0,0,0,0,0,0,1,0,1,0,0,0,0
1,-0.4705882352941176,0.0,0.0,0.0,0.0,0.0,0,2.5,0,1,0,0,1,0,1,0,0,0,0,0,0,0,0,0,0
0,-1.588235294117647,0.0,0.0,0.0,0.0,0.0,1,1.0,0,0,1,0,1,0,0,0,0,1,0,0,0,0,0,0,1
1,-1.588235294117647,0.0,0.0,0.0,0.0,0.0,0,3.0,0,0,0,0,1,0,0,0,0,1,0,0,0,0,0,0,1
0,-0.2352941176470588,0.7060702520912806,0.6214843322659369,0.0,1.6638968604051323,0.0,1,0.0,1,0,0,0,1,0,0,0,0,1,0,0,0,0,0,0,0
1,-0.8235294117647058,0.0,0.0,0.0,0.0,0.0,1,0.0,0,0,0,0,1,0,0,0,0,0,1,0,0,0,0,0,0
1,0.2352941176470588,0.0,0.0,0.0,0.0,0.0,1,0.0,0,1,0,0,0,1,0,0,0,0,0,0,0,0,0,0,0
0,0.1176470588235294,2.166355713011774,1.076449381582659,0.0,0.0,0.2958370724829093,0,0.5,1,0,1,0,1,0,0,1,0,0,0,0,0,0,0,0,0
0,-0.0588235294117647,0.0,0.0,2.079145053057786,0.17376534287144,1.263297923929233,0,0.0,1,0,0,0,1,0,0,0,0,0,1,0,0,0,1,0,0
0,1.588235294117647,1.772244715101969,0.0,1.2140550189604735,0.6788821839071186,0.0,0,0.5,1,0,0,0,0,0,0,0,0,0,1,0,0,0,1,0,0
0,-0.8235294117647058,1.440602196740458,0.5038463368711258,2.179595390128528,0.0,1.775022434897456,1,0.0,1,0,1,0,1,0,0,0,0,1,0,0,0,0,0,0,1
0,0.0,0.0,1.0223819511343597,2.071528476416675,0.0,0.0,0,0.5,1,0,0,1,0,0,0,0,0,1,0,0,0,0,0,1,0
0,-0.2941176470588235,1.7725997866689076,0.0,0.0,0.0,0.0,1,3.5,1,0,0,0,1,0,0,0,0,0,1,0,0,0,0,1,0
0,-1.411764705882353,0.0,0.0,0.0,0.0,0.0,0,0.0,0,0,0,0,1,0,0,0,0,0,1,0,0,0,1,0,0
0,-0.1764705882352941,1.739797978426519,1.658491059562016,0.2210647294575037,0.0,0.0,1,0.0,1,0,0,0,1,0,0,0,1,0,0,0,1,0,0,0,0
1,0.1176470588235294,0.0,0.0,0.0,0.0,0.0,1,0.0,0,0,0,0,1,0,0,0,0,0,1,0,0,1,0,0,0
0,-0.5294117647058824,1.8347031072518656,0.1679487789570419,1.7439228920774028,1.6612545129020104,0.0,1,0.0,1,0,1,0,1,0,0,1,0,0,0,0,0,0,0,0,0
1,-0.0588235294117647,0.0,0.0,0.0,0.0,0.0,1,0.0,0,0,1,0,1,0,0,0,1,0,0,0,1,0,0,0,0
0,-0.7647058823529411,1.611551637281273,0.0,0.2210647294575037,0.0,1.7562855065199603,0,0.5,1,0,0,0,0,0,0,0,0,1,0,0,0,0,0,0,0
0,0.7647058823529411,1.816966761723913,1.266192516688818,0.0,0.0,0.906753866493523,1,0.0,1,0,0,0,1,0,0,0,0,1,0,0,0,0,0,0,0
0,0.2941176470588235,2.139745869431139,1.9680413782595572,1.5398892183481556,1.0179140761527217,1.0128254004860402,1,1.5,1,1,0,0,1,0,1,0,0,0,0,0,0,0,0,0,0
1,0.8235294117647058,0.0,0.0,0.0,0.0,0.0,0,1.0,0,1,0,0,1,0,1,0,0,0,0,0,0,0,0,0,0
0,0.4705882352941176,1.9260480395253576,0.947878755681808,1.294992983855075,0.0,0.0,1,0.0,1,0,1,0,1,0,0,0,0,1,0,0,0,0,1,0,0
0,-0.8235294117647058,1.531324511389292,1.543004562542471,0.818036705164662,0.7510013172738119,0.0,0,0.0,1,0,0,0,1,0,0,0,0,1,0,0,0,0,0,0,1
0,-0.1764705882352941,0.1854490234153689,0.0,0.0,1.6394114088398617,0.0,0,0.0,1,0,0,0,0,0,0,0,0,1,0,0,0,0,0,1,0
0,0.5294117647058824,0.0,0.0,0.0,0.0,1.8341489693092408,0,0.0,1,0,0,0,1,0,0,0,0,0,1,0,0,0,1,0,0
0,2.411764705882353,0.0,0.0,2.065694246854269,0.0,1.475840195072855,1,0.5,1,0,0,0,1,0,0,0,0,0,1,0,0,0,1,0,0
0,-0.5294117647058824,0.0,1.8265688238138391,0.0,2.464152294781297,2.48096334461733,0,0.5,1,1,0,0,1,1,0,0,0,0,0,0,0,0,0,0,0
0,0.5294117647058824,0.9272451170768444,1.983166015582905,1.1053236472875188,1.8162372829184663,0.0,0,2.0,1,1,0,0,1,0,0,1,0,0,0,0,0,0,0,0,0
1,-0.0588235294117647,0.0,0.0,0.0,0.0,0.0,0,0.0,0,0,0,0,1,0,0,0,0,0,1,0,0,0,1,0,0
0,1.2352941176470589,0.0,0.0,0.0,0.0,0.0,0,0.0,0,1,0,0,1,1,0,0,0,0,0,0,0,0,0,0,0
0,-0.0588235294117647,2.316509043179882,0.0,1.700758612844422,0.0,0.0,1,0.0,1,0,1,0,1,0,0,0,0,1,0,0,0,0,0,0,1
1,-0.5294117647058824,0.0,0.0,0.0,0.0,0.0,0,0.5,0,1,0,0,0,1,0,0,0,0,0,0,0,0,0,0,0
0,-0.3529411764705882,1.7198163372280313,0.8544331721773178,0.2210647294575037,0.2754115523761867,0.0,0,0.0,1,0,0,0,0,0,0,0,0,1,0,0,0,0,0,0,1
0,0.0588235294117647,1.9653984862597773,0.0,0.5714440358797147,0.0,0.0,1,0.0,1,0,0,0,1,0,0,0,0,1,0,0,0,1,0,0,0
1,-1.588235294117647,0.0,0.0,0.0,0.0,0.0,0,3.0,0,0,0,0,0,0,0,0,0,0,1,0,0,0,0,0,0
1,-0.7058823529411765,0.0,0.0,0.0,0.0,0.0,0,0.5,0,1,0,0,1,1,0,0,0,0,0,0,0,0,0,0,0
0,0.8823529411764706,0.1854490234153689,2.1893517434241283,0.0,0.0,1.677229064553691,1,0.0,1,1,0,0,1,0,1,0,0,0,0,0,0,0,0,0,0
1,-0.4705882352941176,0.0,0.0,0.0,0.0,0.0,0,0.0,0,0,0,0,1,0,0,0,0,0,1,0,0,0,1,0,0
0,0.1764705882352941,0.4305992976375693,0.0,1.9434160455752625,1.9555286668517289,0.0,0,0.0,1,0,0,0,1,0,0,0,0,1,0,0,0,0,0,0,1
0,1.0,0.1854490234153689,0.0,2.436810052966235,0.6229422381190667,0.0,1,0.0,1,0,1,0,1,0,0,0,0,1,0,0,0,0,0,0,1
0,0.0588235294117647,1.7449623600401605,0.0,0.0,0.0,0.0,0,0.0,1,0,0,1,0,0,0,0,0,0,1,0,0,0,0,1,0
1,-0.1764705882352941,0.0,0.0,0.0,0.0,0.0,0,3.5,0,0,0,1,0,0,0,0,0,0,1,0,0,1,0,0,0
0,2.117647058823529,1.9638404634306084,0.0,0.0,0.0,0.1866524112389433,1,3.0,1,0,0,0,1,0,0,0,0,1,0,0,0,1,0,0,0
0,-0.0588235294117647,0.1854490234153689,1.3186916641829514,0.0,0.9428967556120202,2.235521383185316,1,0.5,1,1,0,0,1,0,1,0,0,0,0,0,0,0,0,0,0
0,-0.3529411764705882,0.0,0.0,0.0,0.2754115523761867,1.8027284615112729,0,1.0,1,0,0,0,1,0,0,0,0,0,1,0,0,0,0,0,0
1,-0.3529411764705882,0.0,0.0,0.0,0.0,0.0,0,0.0,0,0,0,0,1,0,0,0,0,0,1,0,0,0,1,0,0
1,1.0588235294117647,0.0,0.0,0.0,0.0,0.0,0,1.0,0,0,0,1,0,0,0,0,0,0,1,0,0,0,0,0,0
0,-0.2352941176470588,0.0,0.1679487789570419,1.8115717069928787,0.0,1.5704239402196791,0,0.0,1,0,0,0,1,0,0,0,0,1,0,0,0,0,1,0,0
1,0.1764705882352941,0.0,0.0,0.0,0.0,0.0,1,0.0,0,0,1,0,1,0,0,0,1,0,0,0,1,0,0,0,0
0,-0.4705882352941176,0.0,0.3899649883623831,1.499119450424344,0.0,1.753098694083194,0,0.0,1,0,0,0,1,0,0,0,0,1,0,0,0,0,0,0,0
0,0.4705882352941176,1.1978952854946423,1.805145865083359,2.525828215753127,0.0,1.1800031225899457,0,0.0,1,1,0,0,0,1,0,0,0,0,0,0,0,0,0,0,0
0,0.9411764705882352,1.5703091799294493,1.6474035560110585,0.0,0.0,0.2958370724829093,0,0.0,1,0,1,0,1,0,0,1,0,0,0,0,0,0,0,0,0
1,-0.8823529411764706,0.0,0.0,0.0,0.0,0.0,1,0.0,0,0,1,0,1,0,0,0,0,1,0,0,0,0,0,0,1
1,-0.7058823529411765,0.0,0.0,0.0,0.0,0.0,0,0.0,0,0,0,0,1,0,0,0,0,0,1,0,0,0,0,1,0
1,2.176470588235294,0.0,0.0,0.0,0.0,0.0,1,0.5,0,0,0,0,1,0,0,0,0,1,0,0,1,0,0,0,0
1,-0.6470588235294118,0.0,0.0,0.0,0.0,0.0,0,0.0,0,0,0,0,1,0,0,0,0,0,1,0,0,0,0,1,0
1,-0.2352941176470588,0.0,0.0,0.0,0.0,0.0,1,0.0,0,0,0,0,1,0,0,0,0,0,1,0,0,1,0,0,0
0,-0.4117647058823529,1.3405773665992269,0.7894331112229788,2.0181624802819225,0.7748946642242507,0.9495872064079016,0,0.0,1,0,0,0,1,0,0,0,1,0,0,0,1,0,0,0,0
0,0.1176470588235294,0.0,1.6455052899015274,0.0,2.131236959514377,1.5277267184440046,0,1.5,1,1,0,0,0,0,1,0,0,0,0,0,0,0,0,0,0
0,-0.0588235294117647,1.3878663273141862,0.0,0.4421294589150075,0.0,1.7660079527236665,1,0.5,1,0,0,0,1,0,0,0,0,0,1,0,0,0,1,0,0
0,0.3529411764705882,2.1500696323777797,0.0,2.1354843785206303,0.0,0.0,1,0.0,1,0,1,0,1,0,0,1,0,0,0,0,0,0,0,0,0
1,0.2352941176470588,0.0,0.0,0.0,0.0,0.0,0,0.0,0,0,0,1,0,0,0,0,0,0,1,0,1,0,0,0,0
0,-0.4117647058823529,0.0,0.0,0.0,0.0,0.0,0,0.0,0,0,1,0,0,0,0,0,1,0,0,0,1,0,0,0,0
0,-0.5882352941176471,0.0,0.0,2.4037349810044986,1.244137497750692,0.2958370724829093,1,0.0,1,0,0,0,1,0,0,0,0,1,0,0,0,0,1,0,0
0,-0.8823529411764706,0.0,0.0,0.0,0.0,0.0,1,1.0,0,0,0,0,1,0,0,0,0,1,0,0,1,0,0,0,0
1,0.0,0.0,0.0,0.0,0.0,0.0,0,0.0,0,0,0,0,1,0,0,0,0,0,1,0,1,0,0,0,0
0,0.4117647058823529,0.0,1.5575226471852248,0.0,0.0,2.503117811470282,1,0.5,1,1,0,0,0,0,0,0,0,0,0,0,0,0,0,0,0
0,-0.0588235294117647,0.0,1.986720913988987,0.0,1.742502523776535,0.0,1,2.0,1,1,0,0,1,0,0,0,0,1,0,0,1,0,0,0,0
0,0.1176470588235294,0.0,1.4714918312586165,2.709936583818823,1.4982137906631603,1.4984280114593416,0,1.0,1,1,0,0,0,0,1,0,0,0,0,0,0,0,0,0,0
0,-0.5294117647058824,2.1902589756400026,0.0,1.6166204920643266,0.0,1.2914225062697846,0,0.5,1,0,1,0,1,0,0,0,1,0,0,0,1,0,0,0,0
0,0.3529411764705882,0.5206212286759118,0.0,0.0,0.0,1.8466085858490535,1,0.0,1,0,0,0,1,0,0,0,0,1,0,0,0,0,1,0,0
0,-0.7058823529411765,0.0,0.0,0.0,0.0,1.8109339259800936,1,0.0,1,0,0,0,0,0,0,0,0,0,1,0,0,0,0,0,0
0,-0.0588235294117647,0.1854490234153689,0.0,0.0,0.0,1.7713030041069635,0,0.0,1,0,0,0,0,0,0,0,1,0,0,0,1,0,0,0,0
0,-0.2941176470588235,0.0,0.0,0.0,0.0,0.0,1,0.0,0,0,1,0,0,0,0,0,0,1,0,0,0,0,1,0,0
0,0.0,0.1854490234153689,1.5866260925474636,1.1053236472875188,1.3140556477217242,0.0,1,0.5,1,0,0,0,1,0,0,0,0,1,0,0,0,0,0,0,0
0,-0.2941176470588235,0.0,0.8749213317910346,0.2210647294575037,2.063860349843172,2.2664726849659638,1,0.5,1,1,0,0,0,1,0,0,0,0,0,0,1,0,0,0,0
0,-0.4705882352941176,0.0,1.4449685392430685,1.9622848173173388,0.0,0.0,1,0.0,1,0,0,0,0,0,0,0,0,1,0,0,0,0,0,0,0
0,-0.3529411764705882,0.0,0.0,2.1358783612623995,0.0,0.0,1,0.0,1,0,0,0,1,0,0,0,0,0,1,0,0,0,0,0,0
0,0.7058823529411765,2.4114245299684893,0.7134342389808734,1.936134245491992,2.050095108884013,1.0791047307690649,1,1.5,1,1,0,0,1,0,1,0,0,0,0,0,0,0,0,0,0
0,-0.9411764705882352,0.0,0.0,0.0,0.0,0.0,1,1.5,0,1,0,0,1,1,0,0,0,0,0,0,0,0,0,0,0
0,0.7647058823529411,0.0,1.9779066087992256,2.116395725424803,0.6430081763978817,0.9415483256178016,0,0.0,1,1,0,0,1,0,1,0,0,0,0,0,0,0,0,0,0
0,0.5882352941176471,2.23851655290774,1.617238686484279,0.0,1.871854935456506,1.2176385689646794,1,2.5,1,1,0,0,0,0,0,1,0,0,0,0,0,0,0,0,0
0,0.1176470588235294,0.0,0.0,0.0,1.8818304842648577,0.1866524112389433,1,0.0,1,0,0,0,0,0,0,0,0,1,0,0,0,1,0,0,0
1,0.0,0.0,0.0,0.0,0.0,0.0,1,0.5,0,0,1,0,1,0,0,0,0,1,0,0,0,0,0,0,1
0,0.0,1.182244836777756,1.2266610584262947,1.9339168855365627,1.3728968298703546,0.1866524112389433,1,0.0,1,0,0,0,1,0,0,0,0,0,1,0,0,0,0,0,0
1,0.0588235294117647,0.0,0.0,0.0,0.0,0.0,1,0.0,0,1,0,0,1,0,1,0,0,0,0,0,0,0,0,0,0
0,0.1176470588235294,0.973223032322758,0.0,1.634180651130578,1.6073812762506328,0.0,0,0.5,1,0,0,0,1,0,0,0,0,0,1,0,0,1,0,0,0
1,1.6470588235294117,0.0,0.0,0.0,0.0,0.0,0,1.0,0,0,0,0,1,0,0,0,0,0,1,0,0,0,0,0,0
0,-0.1764705882352941,0.0,1.5834815785728908,0.0,0.0,0.1866524112389433,0,0.0,1,0,0,0,0,0,0,0,0,1,0,0,0,0,0,0,1
1,-0.4117647058823529,0.0,0.0,0.0,0.0,0.0,1,1.0,0,0,0,0,1,0,0,0,0,0,1,0,0,0,1,0,0
0,-0.7647058823529411,0.0,0.0,1.2662411856421156,0.0,0.0,1,0.5,1,0,0,0,0,0,0,0,1,0,0,0,1,0,0,0,0
0,0.0,0.0,1.5523797842117797,0.0,0.0,0.0,1,0.0,1,0,0,1,0,0,0,0,0,1,0,0,0,0,0,1,0
0,1.6470588235294117,1.5523358049077252,1.1496916954186869,0.0,0.2754115523761867,0.0,1,0.5,1,0,0,0,1,0,0,0,0,0,1,0,0,1,0,0,0
1,-0.3529411764705882,0.0,0.0,0.0,0.0,0.0,1,0.0,0,0,1,0,1,0,0,0,0,1,0,0,0,0,0,0,0
0,0.0,2.182014491187618,1.7248835596091936,2.249317193252219,0.0,0.0,1,0.0,1,0,1,0,1,0,0,0,0,1,0,0,1,0,0,0,0
1,2.647058823529412,0.0,0.0,0.0,0.0,0.0,1,0.0,0,1,0,0,1,1,0,0,0,0,0,0,0,0,0,0,0
1,0.5294117647058824,0.0,0.0,0.0,0.0,0.0,1,0.0,0,0,0,1,0,0,0,0,0,0,1,0,0,0,1,0,0
0,0.0588235294117647,1.4549384681626272,1.6078823553050223,0.0,0.0,0.5239995654055677,1,0.0,1,0,0,0,1,0,0,0,1,0,0,0,1,0,0,0,0
0,1.2941176470588236,0.0,2.167822680140496,0.0,2.3750437113496248,0.0,1,0.0,1,1,0,0,0,1,0,0,0,0,0,0,0,0,0,0,0
0,0.5294117647058824,1.7228249226740255,0.0,1.7746868672419935,0.0,0.0,1,0.5,1,0,0,0,1,0,0,0,0,0,1,0,1,0,0,0,0
0,-0.2352941176470588,0.6160483210529383,0.1679487789570419,0.0,1.5544081153654172,1.265757142008008,1,0.5,1,0,0,0,0,0,0,0,0,1,0,0,0,0,0,1,0
1,0.2352941176470588,0.0,0.0,0.0,0.0,0.0,1,0.0,0,1,0,0,0,0,1,0,0,0,0,0,1,0,0,0,0
0,0.0588235294117647,0.3708980468307378,1.7374981790020287,0.0,1.7878483411357504,1.8975388524242265,1,0.5,1,1,0,0,1,0,0,0,1,0,0,0,0,0,0,0,0
0,-0.3529411764705882,0.0,0.0,0.0,0.17376534287144,1.598874641027722,1,0.0,1,0,1,0,0,0,0,1,0,0,0,0,0,0,0,0,0
0,-0.1176470588235294,1.1723953912990448,1.5907562869348224,0.0,0.0,0.0,0,0.0,1,0,0,0,0,0,0,0,1,0,0,0,0,0,0,0,0
1,1.8823529411764703,0.0,0.0,0.0,0.0,0.0,1,0.5,0,0,1,0,1,0,0,0,0,1,0,0,1,0,0,0,0
1,0.2352941176470588,0.0,0.0,0.0,0.0,0.0,0,0.5,0,1,0,0,1,1,0,0,0,0,0,0,0,0,0,0,0
0,1.7058823529411764,0.0,0.5810073162355173,0.0,2.291289661975931,1.915005818860391,0,0.5,1,1,0,0,1,0,0,0,0,0,0,0,0,0,0,0,0
0,0.0,1.5075675965595876,0.6020900746029018,1.1843657844554036,1.6490066846435705,0.0,0,0.0,1,0,1,0,1,0,0,0,1,0,0,0,1,0,0,0,0
0,0.4117647058823529,2.0505682456810312,0.0,0.2210647294575037,0.17376534287144,0.0,0,1.5,1,0,1,0,1,0,0,0,0,1,0,0,0,0,1,0,0
1,-0.6470588235294118,0.0,0.0,0.0,0.0,0.0,1,0.5,0,0,1,0,1,0,0,0,0,1,0,0,1,0,0,0,0
0,0.1764705882352941,0.7245290455462887,2.276758413210963,0.0,1.9203171107619768,0.0,0,0.5,1,1,0,0,1,0,1,0,0,0,0,0,0,0,0,0,0
1,-0.3529411764705882,0.0,0.0,0.0,0.0,0.0,1,0.0,0,0,1,0,1,0,0,0,0,1,0,0,0,0,0,1,0
0,0.5882352941176471,0.0,1.644687172510235,0.0,1.0221994864626538,1.6402832024432925,1,0.0,1,0,0,0,1,0,0,0,0,1,0,0,0,1,0,0,0
1,-0.5294117647058824,0.0,0.0,0.0,0.0,0.0,1,1.5,0,0,1,0,1,0,0,0,0,1,0,0,0,1,0,0,0
1,-0.7647058823529411,0.0,0.0,0.0,0.0,0.0,0,1.5,0,1,0,0,1,0,1,0,0,0,0,0,0,0,0,0,0
0,-0.0588235294117647,0.5206212286759118,0.0,1.911648057539268,0.2754115523761867,1.595298459542794,1,0.5,1,0,0,1,0,0,0,0,0,0,1,0,1,0,0,0,0
0,0.5882352941176471,0.0,0.0,0.0,0.0,0.0,0,0.0,0,1,0,0,1,0,0,0,0,0,0,0,0,0,0,0,0
0,-0.0588235294117647,0.0,0.0,0.0,0.0,0.0,1,0.5,0,0,0,0,1,0,0,0,0,1,0,0,1,0,0,0,0
0,-0.6470588235294118,0.7733085192328075,0.0,0.0,1.576305767775015,1.3892433502153756,0,0.0,1,0,0,0,1,0,0,0,0,1,0,0,0,0,0,1,0
1,-0.3529411764705882,0.0,0.0,0.0,0.0,0.0,1,0.0,0,0,0,0,1,0,0,0,0,0,1,0,0,1,0,0,0
0,-1.1764705882352942,0.0,0.0,0.0,0.0,0.0,1,2.0,0,0,0,0,1,0,0,0,0,1,0,0,1,0,0,0,0
0,0.1764705882352941,0.0,1.1059364114740275,0.0,1.7780401308156488,2.3220697915811006,0,0.0,1,1,0,0,1,0,1,0,0,0,0,0,0,0,0,0,0
0,0.4117647058823529,0.0,2.066788034509522,0.0,1.013554133242735,1.55995723371683,0,0.0,1,1,0,0,1,0,0,1,0,0,0,0,0,0,0,0,0
1,-0.4117647058823529,0.0,0.0,0.0,0.0,0.0,0,0.5,0,0,1,0,0,0,0,0,0,1,0,0,0,0,0,0,1
1,1.411764705882353,0.0,0.0,0.0,0.0,0.0,1,0.0,0,1,0,0,1,0,0,0,1,0,0,0,1,0,0,0,0
0,-1.5294117647058822,0.0,0.0,0.0,0.0,0.0,1,1.5,0,0,0,0,1,0,0,0,0,0,1,0,1,0,0,0,0
0,1.5294117647058822,1.7236783408981768,0.8471998329243351,0.0,0.0,0.9795383243914376,0,1.5,1,0,0,0,1,0,0,0,0,1,0,0,0,0,0,1,0
0,-0.4705882352941176,1.1515370625991643,0.0,0.0,1.680117114475542,0.2958370724829093,1,0.0,1,0,0,0,1,0,0,0,0,0,1,0,0,0,0,0,0
0,1.1764705882352942,0.0,0.656157505051201,0.0,1.9438665455968287,0.0,1,0.0,1,0,0,0,1,0,0,0,0,0,1,0,0,0,0,1,0
1,0.4705882352941176,0.0,0.0,0.0,0.0,0.0,0,0.0,0,0,1,0,1,0,0,0,0,1,0,0,0,0,1,0,0
1,0.8235294117647058,0.0,0.0,0.0,0.0,0.0,0,0.0,0,1,0,0,1,0,0,1,0,0,0,0,0,0,0,0,0
1,-1.5294117647058822,0.0,0.0,0.0,0.0,0.0,1,1.0,0,0,0,0,1,0,0,0,0,1,0,0,1,0,0,0,0
1,0.3529411764705882,0.0,0.0,0.0,0.0,0.0,1,0.5,0,1,0,0,1,0,1,0,0,0,0,0,1,0,0,0,0
1,0.5294117647058824,0.0,0.0,0.0,0.0,0.0,1,0.0,0,0,0,0,1,0,0,0,0,0,1,0,1,0,0,0,0
1,-1.411764705882353,0.0,0.0,0.0,0.0,0.0,0,0.5,0,0,0,0,1,0,0,0,0,0,1,0,0,0,1,0,0
0,0.8823529411764706,1.1886152897940538,1.4006676246693552,0.0,1.788048653090826,1.2914225062697846,1,0.0,1,0,0,0,1,0,0,0,0,0,1,0,0,1,0,0,0
0,0.2352941176470588,0.0,0.0,2.1601316759719964,0.0,0.0,1,0.0,1,0,0,0,1,0,0,0,1,0,0,0,1,0,0,0,0
0,2.117647058823529,2.149809836545986,0.0,1.3110768450118555,0.2754115523761867,0.0,0,0.5,1,0,1,0,1,0,0,1,0,0,0,0,0,0,0,0,0
1,0.0,0.0,0.0,0.0,0.0,0.0,0,0.0,0,0,0,0,1,0,0,0,1,0,0,0,1,0,0,0,0
0,-0.1764705882352941,0.0,0.8544331721773178,0.0,1.1137300136150676,1.8765895082054,1,0.0,1,0,0,1,0,0,0,0,0,1,0,0,0,1,0,0,0
0,1.588235294117647,0.0,0.0,0.0,0.0,0.0,1,0.0,0,1,0,0,0,0,0,0,0,1,0,0,1,0,0,0,0
1,0.2941176470588235,0.0,0.0,0.0,0.0,0.0,1,0.0,0,0,0,0,0,0,0,1,0,0,0,0,0,0,0,0,0
0,-0.1764705882352941,0.0,0.8471998329243351,0.700758612844422,0.0,0.0,0,0.0,1,0,0,0,1,0,0,0,0,1,0,0,0,0,0,0,0
1,-0.8235294117647058,0.0,0.0,0.0,0.0,0.0,1,0.5,0,1,0,0,0,1,0,0,0,0,0,0,0,0,0,0,0
1,-0.4705882352941176,0.0,0.0,0.0,0.0,0.0,0,0.5,0,1,0,0,0,0,1,0,0,0,0,0,0,0,0,0,0
1,-0.1764705882352941,0.0,0.0,0.0,0.0,0.0,1,1.0,0,0,1,0,1,0,0,0,0,1,0,0,0,0,0,0,1
0,-0.2352941176470588,0.0,0.0,0.884258917830015,0.0,1.94510717708322,0,0.0,1,0,0,0,1,0,0,0,0,1,0,0,0,0,0,0,0
0,0.5294117647058824,0.0,1.6771099601777335,0.2210647294575037,0.7102593820841355,2.139885108059011,0,0.0,1,1,0,0,1,1,0,0,0,0,0,0,0,0,0,0,0
0,1.1176470588235294,2.065106412145516,1.2204479264511756,1.5714440358797148,0.0,1.4199265461524724,0,0.0,1,1,0,0,1,0,0,0,1,0,0,0,0,0,0,0,0
1,0.7058823529411765,0.0,0.0,0.0,0.0,0.0,0,0.5,0,0,1,0,1,0,0,0,1,0,0,0,1,0,0,0,0
0,-0.5294117647058824,0.9434650155718534,0.0,1.952640441309215,1.284528571583671,1.0479991308111354,1,0.0,1,0,0,0,1,0,0,0,0,1,0,0,0,0,1,0,0
0,-1.588235294117647,0.0,0.0,0.0,0.0,0.0,1,1.5,0,0,0,0,1,0,0,0,0,0,1,0,0,1,0,0,0
0,-0.2352941176470588,0.0,1.5018843919773612,0.0,1.0346329633982383,0.0,0,0.0,1,0,0,0,1,0,0,0,0,1,0,0,0,0,1,0,0
0,0.1176470588235294,2.211444833205072,0.0,0.0,0.6430081763978817,0.0,0,0.5,1,0,1,0,1,0,0,1,0,0,0,0,0,0,0,0,0
0,0.7058823529411765,0.0,1.903107696011345,0.0,1.3686656678525748,1.4735867718134694,0,1.5,1,1,0,0,1,1,0,0,0,0,0,0,0,0,0,0,0
0,-0.7058823529411765,2.0538127845325174,0.0,0.0,1.0264128696499986,0.2958370724829093,1,0.0,1,0,0,0,1,0,0,0,0,1,0,0,0,0,0,0,0
0,-0.1764705882352941,0.4305992976375693,1.3938418529986352,0.0,0.0,1.6322443216531923,0,0.0,1,0,0,0,1,0,0,0,0,1,0,0,0,1,0,0,0
1,1.1176470588235294,0.0,0.0,0.0,0.0,0.0,1,0.5,0,0,1,0,1,0,0,0,0,1,0,0,0,0,0,0,0
0,0.2941176470588235,0.0,1.0902988006970609,0.0,2.263167430752332,0.1866524112389433,1,2.5,1,1,0,0,1,0,1,0,0,0,0,0,0,0,0,0,0
0,-0.1176470588235294,0.0,0.9960600941586246,0.0,1.622555071403596,1.8896916545284923,1,2.5,1,0,0,0,1,0,0,0,0,0,1,0,0,0,0,0,0
1,0.0,0.0,0.0,0.0,0.0,0.0,1,0.0,0,0,0,1,0,0,0,0,0,0,1,0,0,0,0,0,0
1,0.1176470588235294,0.0,0.0,0.0,0.0,0.0,0,0.0,0,0,0,1,0,0,0,0,0,0,1,0,0,1,0,0,0
0,0.0588235294117647,0.0,1.964345406373729,1.3894807410443766,0.0,1.3128053625004117,0,1.5,1,1,0,0,1,1,0,0,0,0,0,0,0,0,0,0,0
0,0.0588235294117647,0.0,2.0294614213799296,0.0,1.3113887034369462,0.0,0,0.5,1,1,0,0,1,0,1,0,0,0,0,0,0,0,0,0,0
0,0.2352941176470588,1.7496425911023032,0.3358975579140839,1.3503793064222112,1.4187778516271965,0.0,1,0.5,1,0,1,0,1,0,0,0,1,0,0,0,0,0,0,0,0
0,0.6470588235294118,0.0,2.038446627889613,0.0,0.6615863334646042,1.538608300277352,1,0.0,1,1,0,0,1,0,0,0,1,0,0,0,1,0,0,0,0
0,2.7058823529411766,0.7580159921564845,0.0,2.099640046763054,0.2754115523761867,1.2117200338389342,1,0.0,1,0,0,0,1,0,0,0,0,1,0,0,0,0,0,0,1
0,-0.1764705882352941,1.812113179432447,0.6214843322659369,0.2210647294575037,0.0,0.3733048224778867,1,0.0,1,0,0,0,1,0,0,0,0,0,1,0,1,0,0,0,0
1,0.8235294117647058,0.0,0.0,0.0,0.0,0.0,0,1.0,0,0,1,0,1,0,0,0,0,1,0,0,0,0,0,0,0
0,-0.1764705882352941,0.0,0.0,0.0,0.0,1.7855270522666655,1,0.5,1,0,0,0,1,0,0,0,0,1,0,0,0,0,0,1,0
0,0.3529411764705882,0.0,1.042870110748077,1.1053236472875188,2.268024942006356,2.4537793444756537,1,0.5,1,1,0,0,0,0,1,0,0,0,0,0,0,0,0,0,0
0,0.7058823529411765,0.0,0.9960600941586246,0.0,1.4389109721115425,2.275433003572195,0,1.5,1,1,0,0,0,1,0,0,0,0,0,0,0,0,0,0,0
0,0.2352941176470588,1.7245290455462887,0.0,0.0,1.2577838813710784,0.0,0,0.0,1,0,1,1,0,0,0,1,0,0,0,0,0,0,0,0,0
1,1.588235294117647,0.0,0.0,0.0,0.0,0.0,1,0.0,0,1,0,0,0,0,1,0,0,0,0,0,0,0,0,0,0
0,-0.2352941176470588,0.5563470702461066,0.0,0.0,1.648308382246541,1.8003854043963323,1,0.0,1,0,0,0,1,0,0,0,1,0,0,0,1,0,0,0,0
1,2.117647058823529,0.0,0.0,0.0,0.0,0.0,1,0.0,0,0,0,1,0,0,0,0,0,0,1,0,0,0,1,0,0
1,-1.4705882352941178,0.0,0.0,0.0,0.0,0.0,1,1.0,0,0,0,1,0,0,0,0,0,0,1,0,0,1,0,0,0
0,0.5882352941176471,0.5878594958174387,0.7489560951925592,0.0,1.013554133242735,2.068509840278045,1,2.0,1,1,0,0,1,0,1,0,0,0,0,0,0,0,0,0,0
0,0.2352941176470588,0.0,1.9362718012761997,0.0,1.2889656856189216,1.7851715637555472,1,0.0,1,1,0,0,0,0,0,0,0,0,0,0,0,0,0,0,0
0,-0.1764705882352941,0.9512205263134812,0.5038463368711258,1.8406798819176733,0.0,1.6316158907773937,0,0.0,1,0,0,0,1,0,0,0,1,0,0,0,0,0,0,0,0
0,0.5294117647058824,0.0,1.9383130843732024,0.0,1.0614498466706352,1.575895761454319,0,0.5,1,1,0,0,1,1,0,0,0,0,0,0,0,0,0,0,0
1,0.1176470588235294,0.0,0.0,0.0,0.0,0.0,1,0.0,0,0,0,1,0,0,0,0,0,0,1,0,0,0,0,1,0
0,-0.4705882352941176,0.0,0.0,0.0,0.0,0.0,0,0.0,0,0,0,0,1,0,0,0,0,0,1,0,0,0,0,1,0
1,-0.4117647058823529,0.0,0.0,0.0,0.0,0.0,1,0.0,0,0,0,0,1,0,0,0,0,0,1,0,1,0,0,0,0
0,-0.0588235294117647,0.0,1.0328425196153972,0.0,0.9369978858407908,0.0,0,0.0,1,1,0,0,1,0,0,1,0,0,0,0,0,0,0,0,0
0,-1.588235294117647,0.0,0.0,0.0,0.0,0.0,0,0.5,0,0,0,0,0,0,0,0,0,0,1,0,0,0,1,0,0
0,0.5882352941176471,1.884371984494208,0.3899649883623831,1.1339035624519076,0.0,0.0,0,1.5,1,0,1,0,1,0,0,1,0,0,0,0,0,0,0,0,0
0,-1.588235294117647,0.0,0.0,0.0,0.0,0.0,0,1.0,0,0,0,0,1,0,0,0,0,0,1,0,0,0,1,0,0
1,1.4705882352941178,0.0,0.0,0.0,0.0,0.0,1,0.5,0,0,1,0,1,0,0,0,0,1,0,0,0,0,0,0,0
0,0.3529411764705882,1.7425911800903615,1.277641837317138,2.0118354578562774,1.0264128696499986,1.0,0,0.0,1,0,0,0,1,0,0,0,0,1,0,0,1,0,0,0,0
0,-0.0588235294117647,0.0,1.8886768457127003,0.884258917830015,0.4491768952476266,0.0,0,0.0,1,1,0,0,0,0,0,0,0,0,0,0,0,0,0,0,0
1,-0.5294117647058824,0.0,0.0,0.0,0.0,0.0,1,0.0,0,0,0,1,0,0,0,0,0,0,1,0,0,0,0,1,0
1,-0.5294117647058824,0.0,0.0,0.0,0.0,0.0,1,0.0,0,0,0,0,1,0,0,0,0,0,1,0,0,1,0,0,0
0,0.2352941176470588,1.8489464007618457,0.0,0.0,0.0,0.0,1,1.0,1,0,1,0,1,0,0,0,0,1,0,0,0,0,0,1,0
0,0.4705882352941176,1.3818198239510506,0.0,1.896166983310716,0.0,1.1156737103713863,1,0.0,1,0,1,0,1,0,0,0,0,1,0,0,1,0,0,0,0
0,0.8823529411764706,0.0,1.8201663781668675,0.350379306422211,2.018074108330796,2.1012185850905505,0,0.0,1,1,0,0,1,0,0,0,0,0,0,1,0,0,0,0,0
0,0.7058823529411765,0.0,0.0,0.0,0.0,0.0,1,0.0,0,0,1,0,1,0,0,0,1,0,0,0,0,0,0,0,0
0,-0.2352941176470588,0.0,1.3876087409071918,1.9052210594172716,0.5772359744023721,0.7106519766445111,0,0.0,1,0,0,0,0,0,0,0,0,1,0,0,0,0,1,0,0
0,-1.3529411764705883,0.0,0.0,0.0,0.0,0.0,0,1.5,0,0,1,0,1,0,0,0,0,1,0,0,0,0,1,0,0
0,-0.1764705882352941,0.3708980468307378,1.6783017917520628,2.083814667793022,0.9856709344603222,0.0,1,0.0,1,0,0,0,1,0,0,0,0,0,1,0,0,1,0,0,0
0,-0.9411764705882352,0.0,0.0,0.0,0.0,0.0,1,1.0,0,0,0,0,1,0,0,0,0,0,1,0,0,0,0,0,0
0,-0.2352941176470588,0.0,0.0,1.968334231349248,2.112141106196812,0.0,1,1.5,1,0,0,0,0,0,0,0,0,0,1,0,0,0,1,0,0
0,-0.0588235294117647,1.5474415272118471,0.0,1.6929604495628745,0.2754115523761867,1.4942691255807163,1,0.0,1,0,0,0,1,0,0,0,0,0,1,0,0,0,0,0,0
1,1.588235294117647,0.0,0.0,0.0,0.0,0.0,0,0.0,0,1,0,0,1,0,1,0,0,0,0,0,0,0,0,0,0
1,0.8823529411764706,0.0,0.0,0.0,0.0,0.0,0,0.0,0,0,1,0,1,0,0,0,1,0,0,0,0,0,0,0,0
1,-0.0588235294117647,0.0,0.0,0.0,0.0,0.0,1,1.5,0,0,0,0,0,1,0,0,0,0,0,0,0,0,0,0,0
0,-0.5294117647058824,1.8719368490867216,0.0,1.7038252613652811,1.2577838813710784,0.0,1,0.0,1,0,1,0,0,0,0,0,0,1,0,0,0,0,0,1,0
1,-0.4705882352941176,0.0,0.0,0.0,0.0,0.0,1,1.0,0,1,0,0,0,1,0,0,0,0,0,0,0,0,0,0,0
0,-0.4117647058823529,0.0,1.4641231105965942,1.7068627032661057,0.0,0.0,1,0.0,1,0,0,0,1,0,0,0,0,1,0,0,0,0,0,0,0
1,0.1176470588235294,0.0,0.0,0.0,0.0,0.0,0,0.5,0,1,0,0,0,1,0,0,0,0,0,0,0,0,0,0,0
0,-0.1764705882352941,0.0,0.0,2.1350899084778816,0.0,0.2958370724829093,1,0.0,1,0,0,0,1,0,0,0,0,0,1,0,0,0,0,1,0
0,-0.7647058823529411,0.1854490234153689,0.1679487789570419,2.081955018273922,1.5142338602431629,0.0,1,1.5,1,0,0,0,1,0,0,0,0,1,0,0,0,0,0,0,0
0,-0.2941176470588235,1.1041998909846389,0.0,1.712852156079059,1.5292913886868738,0.0,0,0.0,1,0,0,0,1,0,0,0,0,1,0,0,0,0,1,0,0
1,-1.0,0.0,0.0,0.0,0.0,0.0,1,0.0,0,0,0,0,0,0,0,0,0,0,1,0,0,0,1,0,0
0,0.9411764705882352,0.0,0.6864843932202759,1.1339035624519076,1.6609222525506036,0.1866524112389433,1,1.5,1,0,0,0,1,0,0,0,0,1,0,0,0,1,0,0,0
0,1.1176470588235294,1.7646772421235593,0.0,1.807187734337212,0.0,0.2958370724829093,0,0.0,1,0,1,0,1,0,0,0,1,0,0,0,0,0,0,0,0
0,0.0,1.7385919070238625,1.6994637975021731,0.0,0.0,0.2958370724829093,0,0.0,1,0,0,0,1,0,0,0,0,0,1,0,0,0,0,0,0
0,1.588235294117647,1.9009078313168304,0.0,0.2210647294575037,0.4034706315309319,0.0,1,0.5,1,0,1,0,1,0,0,0,0,1,0,0,0,1,0,0,0
1,0.7647058823529411,0.0,0.0,0.0,0.0,0.0,0,1.0,0,1,0,0,0,1,0,0,0,0,0,0,0,0,0,0,0
1,0.5882352941176471,0.0,0.0,0.0,0.0,0.0,0,0.0,0,0,0,0,1,0,0,0,0,0,1,0,1,0,0,0,0
0,0.7058823529411765,0.0,0.2661925166888179,0.0,1.7080651413934178,2.1809865047226134,1,1.5,1,1,0,0,1,1,0,0,0,0,0,0,0,0,0,0,0
0,0.0,0.0,1.7442929086035857,2.4127855964349445,0.0,0.0,1,0.5,1,1,0,0,0,0,0,0,0,0,0,0,0,0,0,0,0
0,0.5294117647058824,1.1690299835740472,0.5579137673194251,0.0,0.0,1.813827736005173,0,0.0,1,0,0,0,1,0,0,0,0,0,1,0,0,0,1,0,0
0,2.5294117647058822,0.0,1.8551218477821707,0.0,1.9020658938351964,1.0640008185132777,0,1.0,1,1,0,0,0,0,0,0,0,0,0,0,0,0,0,0,0
0,-0.1764705882352941,0.7060702520912806,1.2763960820252702,0.0,0.0,1.7189666768872458,0,0.0,1,0,0,0,1,0,0,0,0,1,0,0,1,0,0,0,0
1,-1.588235294117647,0.0,0.0,0.0,0.0,0.0,0,3.0,0,0,0,1,0,0,0,0,0,0,1,0,1,0,0,0,0
0,-0.1764705882352941,0.0,0.0,1.8191015775693224,1.6804248989198995,0.0,0,0.0,1,0,1,0,1,0,0,0,0,1,0,0,0,0,0,0,1
0,-0.5294117647058824,0.0,0.0,2.040166307026826,1.0264128696499986,1.3546089401347767,0,0.0,1,0,0,0,1,0,0,0,0,0,1,0,0,0,0,0,0
1,0.5882352941176471,0.0,0.0,0.0,0.0,0.0,1,0.0,0,0,0,0,1,0,0,0,0,0,1,0,0,0,0,0,0
1,-0.3529411764705882,0.0,0.0,0.0,0.0,0.0,1,0.0,0,0,0,1,0,0,0,0,0,1,0,0,1,0,0,0,0
1,0.7647058823529411,0.0,0.0,0.0,0.0,0.0,1,0.0,0,1,0,0,0,1,0,0,0,0,0,0,0,0,0,0,0
1,0.9411764705882352,0.0,0.0,0.0,0.0,0.0,0,0.5,0,1,0,0,1,1,0,0,0,0,0,0,0,0,0,0,0
1,-0.6470588235294118,0.0,0.0,0.0,0.0,0.0,0,0.5,0,0,0,0,1,0,0,0,0,0,1,0,0,0,0,0,0
1,-0.5294117647058824,0.0,0.0,0.0,0.0,0.0,0,0.0,0,1,0,0,0,0,1,0,0,0,0,0,0,0,0,0,0
0,0.7058823529411765,2.2957436286627098,0.0,1.809387253323413,0.0,0.0,1,1.0,1,0,1,0,1,0,0,0,0,1,0,0,0,0,0,0,1
0,-1.588235294117647,0.0,0.0,0.0,0.0,0.0,1,1.0,0,0,1,0,0,0,0,0,0,1,0,0,0,1,0,0,0
0,-0.5294117647058824,0.0,0.0,0.0,1.6585840173593216,0.1866524112389433,1,0.0,1,0,0,1,0,0,0,0,0,1,0,0,0,0,0,1,0
0,-0.1176470588235294,0.0,1.260924942481595,2.0763101100455854,0.0,0.0,0,1.0,1,0,0,0,1,0,0,0,0,0,1,0,0,1,0,0,0
0,1.4705882352941178,1.018458793455008,0.0,0.0,0.9428967556120202,2.00804830367552,1,0.0,1,0,0,0,1,0,0,0,0,0,1,0,0,1,0,0,0
1,1.1176470588235294,0.0,0.0,0.0,0.0,0.0,0,0.0,0,0,0,0,1,0,0,0,0,0,1,0,0,1,0,0,0
1,-0.1764705882352941,0.0,0.0,0.0,0.0,0.0,0,0.5,0,1,0,0,0,1,0,0,0,0,0,0,0,0,0,0,0
0,-0.1764705882352941,0.0,0.0,1.445577373457249,1.8321815059235604,0.0,0,0.5,1,0,0,1,0,0,0,0,1,0,0,0,1,0,0,0,0
0,-0.6470588235294118,0.0,1.7433857608928085,0.0,0.0,0.0,0,0.5,1,0,0,0,1,0,0,0,0,1,0,0,0,0,0,0,1
0,0.5294117647058824,0.1854490234153689,2.0748348186416226,1.8627499383355184,1.410790579254817,2.5441859275541896,1,0.5,1,1,0,0,1,0,1,0,0,0,0,0,0,0,0,0,0
0,1.8235294117647056,0.0,0.0,0.0,0.0,1.7709282197624503,0,0.0,1,0,0,0,1,0,0,0,0,1,0,0,1,0,0,0,0
1,0.1176470588235294,0.0,0.0,0.0,0.0,0.0,0,0.0,0,0,1,0,1,0,0,0,0,1,0,0,1,0,0,0,0
1,0.1176470588235294,0.0,0.0,0.0,0.0,0.0,1,0.0,0,0,0,0,1,0,0,0,0,0,1,0,0,1,0,0,0
1,0.0,0.0,0.0,0.0,0.0,0.0,1,0.0,0,0,0,1,0,0,0,0,0,0,1,0,0,1,0,0,0
0,0.3529411764705882,0.0,0.1679487789570419,0.0,2.27174545208197,1.876842712274892,1,0.0,1,1,0,0,1,0,1,0,0,0,0,0,0,0,0,0,0
1,-0.2941176470588235,0.0,0.0,0.0,0.0,0.0,0,0.0,0,0,0,0,1,0,0,0,0,0,1,0,1,0,0,0,0
0,0.6470588235294118,0.0,1.2486367328311447,2.0485596595591558,0.0,0.0,1,0.0,1,0,0,0,1,0,0,0,0,0,1,0,0,1,0,0,0
0,0.8235294117647058,0.0,1.958656164052489,0.0,1.0264128696499986,0.0,1,0.0,1,1,0,0,1,0,0,0,1,0,0,0,0,0,0,0,0
0,0.7058823529411765,1.7884437123519832,0.0,0.0,0.4034706315309319,0.0,1,0.0,1,0,0,0,1,0,0,0,0,1,0,0,0,0,0,0,1
0,0.3529411764705882,1.862469601876514,0.0,1.7245038259009502,0.7860382942944486,0.0,0,1.5,1,0,1,0,1,0,0,0,1,0,0,0,1,0,0,0,0
0,0.9411764705882352,0.2939297479087193,1.868065380277151,1.1246585966261096,0.4878209905931642,1.4253943991511528,1,1.5,1,1,0,0,1,0,0,0,0,0,0,0,0,0,0,0,0
1,1.6470588235294117,0.0,0.0,0.0,0.0,0.0,1,0.0,0,0,1,0,1,0,0,0,0,1,0,0,0,0,0,1,0
1,-0.1176470588235294,0.0,0.0,0.0,0.0,0.0,0,1.0,0,0,1,0,1,0,0,0,1,0,0,0,0,0,0,0,0
1,1.9411764705882355,0.0,0.0,0.0,0.0,0.0,1,1.0,0,1,0,0,1,1,0,0,0,0,0,0,0,0,0,0,0
0,-0.1764705882352941,1.0909304086053613,0.0,0.5132964061160518,1.672614597495749,1.0791047307690649,0,0.0,1,0,0,0,1,0,0,0,1,0,0,0,0,0,0,0,0
1,0.0588235294117647,0.0,0.0,0.0,0.0,0.0,1,0.0,0,1,0,0,0,0,0,0,0,0,0,0,0,0,0,0,0
0,1.0588235294117647,0.0,0.1679487789570419,1.7398600474665875,1.5337482242654958,0.778326556204762,0,0.0,1,0,0,0,1,0,0,0,0,1,0,0,0,0,0,0,1
1,0.2352941176470588,0.0,0.0,0.0,0.0,0.0,0,0.0,0,0,0,0,1,0,0,0,0,0,1,0,0,0,0,0,1
1,0.0588235294117647,0.0,0.0,0.0,0.0,0.0,0,0.0,0,0,0,1,0,0,0,0,0,0,1,0,0,0,0,1,0
0,-0.1764705882352941,1.3908390955253516,1.351962234669337,0.0,1.7827878059881754,0.0,1,0.0,1,0,0,0,1,0,0,0,1,0,0,0,0,0,0,0,0
0,1.4705882352941178,1.9020038852316248,0.2661925166888179,1.376972118654315,0.0,0.0,1,0.5,1,0,1,0,1,0,0,0,1,0,0,0,1,0,0,0,0
1,2.5294117647058822,0.0,0.0,0.0,0.0,0.0,1,0.5,0,1,0,0,1,1,0,0,0,0,0,0,0,0,0,0,0
0,1.8235294117647056,0.0,0.0,2.051137919266633,0.0,0.0,1,1.0,1,0,0,0,0,0,0,0,0,0,1,0,0,0,0,1,0
1,0.5294117647058824,0.0,0.0,0.0,0.0,0.0,0,0.5,0,0,0,0,1,0,0,0,1,0,0,0,0,0,0,0,0
1,1.6470588235294117,0.0,0.0,0.0,0.0,0.0,0,0.5,0,1,0,0,1,1,0,0,0,0,0,0,0,0,0,0,0
0,-0.4117647058823529,0.7245290455462887,0.0,1.30580517145327,1.875977524281952,0.0,0,0.0,1,0,1,1,0,0,0,0,0,1,0,0,0,0,1,0,0
0,0.2941176470588235,1.6772740568187303,1.8246267973566996,0.0,1.5130372450907987,2.147402204909249,0,1.5,1,1,0,0,1,0,0,0,0,0,0,0,0,0,0,0,0
0,-0.3529411764705882,0.0,0.0,1.0135734947947224,1.6822637120427253,0.8443337464867926,0,0.0,1,0,0,0,1,0,0,0,0,1,0,0,0,1,0,0,0
1,0.0,0.0,0.0,0.0,0.0,0.0,0,0.0,0,1,0,0,1,0,1,0,0,0,0,0,0,0,0,0,0
0,1.0,0.0,0.0,2.0449147171556383,0.0,1.2176385689646794,0,3.5,1,0,0,0,0,0,0,0,0,1,0,0,0,1,0,0,0
1,2.823529411764706,0.0,0.0,0.0,0.0,0.0,1,0.0,0,0,1,0,1,0,0,0,0,1,0,0,1,0,0,0,0
0,0.0,0.0,1.2058569646905744,1.3853654711866443,1.308693081782223,2.228893804605105,0,0.0,1,1,0,0,1,1,0,0,0,0,0,0,0,0,0,0,0
0,-1.2352941176470589,0.0,0.0,0.0,0.0,0.0,0,3.0,0,0,0,0,1,0,0,0,0,1,0,0,0,0,0,0,1
1,-0.4117647058823529,0.0,0.0,0.0,0.0,0.0,0,0.5,0,1,0,0,0,0,1,0,0,0,0,0,0,0,0,0,0
1,-0.4705882352941176,0.0,0.0,0.0,0.0,0.0,1,0.0,0,0,0,0,1,0,0,0,0,0,1,0,0,0,0,0,0
0,0.1764705882352941,0.0,0.0,0.0,0.0,0.0,1,0.0,0,0,1,0,1,0,0,0,1,0,0,0,1,0,0,0,0
0,0.2352941176470588,1.2830964304970711,0.0,2.0695955675371427,0.9953140617275088,0.0,1,0.0,1,0,1,0,0,0,0,1,0,0,0,0,0,0,0,0,0
1,-1.4705882352941178,0.0,0.0,0.0,0.0,0.0,0,3.0,0,0,0,0,1,0,0,0,0,0,1,0,0,0,0,0,0
0,-1.3529411764705883,0.0,0.0,0.0,0.0,0.0,0,2.0,0,0,0,0,1,0,0,0,0,0,1,0,0,0,0,1,0
0,1.3529411764705883,2.1965891166525844,1.614469526394645,0.0,0.4878209905931642,1.9021857754711855,1,1.5,1,1,0,0,1,0,1,0,0,0,0,0,0,0,0,0,0
1,-1.2352941176470589,0.0,0.0,0.0,0.0,0.0,1,2.0,0,0,0,0,1,0,0,0,0,0,1,0,0,0,0,0,0
1,1.8235294117647056,0.0,0.0,0.0,0.0,0.0,1,0.0,0,0,0,0,1,0,0,0,0,0,1,0,0,0,1,0,0
1,-1.588235294117647,0.0,0.0,0.0,0.0,0.0,1,1.0,0,0,0,0,1,0,0,0,1,0,0,0,0,0,0,0,0
0,1.8235294117647056,0.0,1.6214843322659367,0.4421294589150075,0.34753068574288,0.0,0,0.0,1,0,0,0,1,0,0,0,0,0,1,0,0,0,0,1,0
0,-1.1176470588235294,0.0,0.0,0.0,0.0,0.0,0,3.5,0,0,0,0,1,0,0,0,0,0,1,0,0,1,0,0,0
0,0.0,2.108682875153832,0.0,0.0,0.9428967556120202,0.9415483256178016,0,0.5,1,0,0,1,0,0,0,0,0,1,0,0,0,0,0,0,1
0,-0.2941176470588235,0.1854490234153689,0.2661925166888179,1.753206303926863,0.0,1.6652831235952676,1,0.0,1,0,0,0,1,0,0,0,0,1,0,0,0,0,0,0,1
0,1.0588235294117647,0.0,1.237164821286718,1.221064729457504,1.9626136470340336,1.8182683020163373,0,0.0,1,1,0,0,1,1,0,0,0,0,0,0,0,0,0,0,0
0,-0.5294117647058824,1.4188800642296389,1.1698949650871495,0.0,1.510626741918262,0.0,0,0.0,1,0,0,0,1,0,0,0,0,1,0,0,0,0,0,0,0
1,-0.6470588235294118,0.0,0.0,0.0,0.0,0.0,1,0.0,0,0,0,1,0,0,0,0,0,0,1,0,0,0,0,1,0
0,0.8235294117647058,1.746140115660696,0.0,0.0,0.0,0.778326556204762,1,0.0,1,0,0,0,0,0,0,0,0,1,0,0,1,0,0,0,0
0,-0.5294117647058824,0.4305992976375693,1.6495549474640003,0.0,0.0,0.1866524112389433,1,0.0,1,0,0,0,1,0,0,0,0,0,1,0,1,0,0,0,0
0,-0.2352941176470588,0.0,0.0,0.0,1.6629092410118,0.0,1,0.0,1,0,0,0,1,0,0,0,0,1,0,0,0,0,0,0,0
0,-0.5882352941176471,0.0,1.7171085972363245,1.1053236472875188,0.0,0.0,0,1.0,1,0,0,0,1,0,0,0,0,1,0,0,1,0,0,0,0
0,-0.1764705882352941,0.0,1.3695917440320746,0.0,2.115091724722195,1.6384492622691973,1,0.0,1,1,0,0,0,0,0,0,1,0,0,0,0,0,0,0,0
0,0.2352941176470588,0.0,2.046434935585214,1.566788055541117,1.9148229612160483,1.6154086831201775,1,1.0,1,1,0,0,1,0,0,1,0,0,0,0,0,0,0,0,0
0,2.0588235294117645,0.0,0.7597267070563035,0.0,2.0321497423891355,0.8443337464867926,0,1.0,1,1,0,0,1,1,0,0,0,0,0,0,0,0,0,0,0
0,-1.588235294117647,0.0,0.0,0.0,0.0,0.0,0,0.5,0,0,0,0,1,0,0,0,0,0,1,0,0,1,0,0,0
0,-0.4117647058823529,0.0,1.361816781659205,2.370623205469992,1.5955819032001124,2.319196508515296,1,0.5,1,1,0,0,1,1,0,0,0,0,0,0,0,0,0,0,0
0,-0.5882352941176471,0.0,1.27006938132507,2.1303178146240014,0.0,0.0,1,0.0,1,0,0,0,1,0,0,0,1,0,0,0,1,0,0,0,0
1,0.4117647058823529,0.0,0.0,0.0,0.0,0.0,1,0.0,0,0,1,0,1,0,0,0,0,1,0,0,0,0,0,0,1
1,2.823529411764706,0.0,0.0,0.0,0.0,0.0,0,0.0,0,0,1,0,1,0,0,0,0,1,0,0,0,0,1,0,0
0,-0.4705882352941176,0.0,1.593133449791406,0.0,0.0,0.0,1,1.0,1,0,0,0,0,0,0,0,0,1,0,0,0,0,1,0,0
1,-0.4705882352941176,0.0,0.0,0.0,0.0,0.0,1,2.5,0,1,0,0,0,0,1,0,0,0,0,0,0,0,0,0,0
0,-0.1176470588235294,1.611551637281273,0.0,2.0226863715778767,1.6681321465585863,0.0,1,1.5,1,0,1,0,1,0,0,0,0,1,0,0,0,1,0,0,0
1,0.2941176470588235,0.0,0.0,0.0,0.0,0.0,1,2.0,0,1,0,0,0,1,0,0,0,0,0,0,0,0,0,0,0
0,-0.1764705882352941,1.24768627791503,0.0,1.1601316759719966,1.5672922754731682,0.0,1,0.0,1,0,0,1,0,0,0,0,0,1,0,0,0,1,0,0,0
0,1.1764705882352942,0.0,1.53965668378107,0.0,0.0,1.140170818969702,0,0.0,1,0,0,0,0,0,0,0,0,1,0,0,1,0,0,0,0
0,1.2352941176470589,2.058119211617462,0.0,1.6435340777596332,0.17376534287144,0.0,1,0.5,1,0,1,0,1,0,0,0,0,1,0,0,0,0,0,1,0
0,0.2941176470588235,0.0,0.9429836625172324,0.0,2.0236900612093485,1.2730028484159095,1,0.0,1,1,0,0,0,0,1,0,0,0,0,0,0,0,0,0,0
0,0.3529411764705882,0.0,2.1466137572971937,0.0,1.7061292985813712,1.617405843138034,1,0.0,1,1,0,0,1,0,1,0,0,0,0,0,0,0,0,0,0
1,-0.5882352941176471,0.0,0.0,0.0,0.0,0.0,1,0.0,0,0,0,0,0,0,0,0,0,0,1,0,0,0,1,0,0
0,-0.3529411764705882,1.6260512201558266,0.0,1.9286822945882047,0.7102593820841355,0.0,1,0.0,1,0,1,1,0,0,0,0,0,1,0,0,1,0,0,0,0
1,0.0,0.0,0.0,0.0,0.0,0.0,1,0.0,0,0,1,0,1,0,0,0,0,1,0,0,0,0,1,0,0
1,-1.2352941176470589,0.0,0.0,0.0,0.0,0.0,0,1.0,0,0,1,0,1,0,0,0,0,1,0,0,0,0,1,0,0
0,2.176470588235294,0.973223032322758,1.7854932053816033,1.7412200878598352,0.0,0.7928859131524942,0,0.5,1,0,0,0,1,0,0,0,0,0,1,0,0,0,0,1,0
0,-0.1176470588235294,0.6648277947394572,1.6138498358509146,0.0,0.0,0.0,0,0.0,1,0,0,0,1,0,0,0,1,0,0,0,1,0,0,0,0
1,-1.4705882352941178,0.0,0.0,0.0,0.0,0.0,1,2.0,0,0,0,0,1,0,0,0,0,0,1,0,0,1,0,0,0
1,-0.1764705882352941,0.0,0.0,0.0,0.0,0.0,0,0.0,0,0,0,0,0,0,0,0,0,0,1,0,1,0,0,0,0
0,-0.5294117647058824,0.0,0.0,2.31849151967067,0.0,0.0,1,0.0,1,0,0,0,1,0,0,0,0,0,1,0,1,0,0,0,0
0,0.4705882352941176,1.421529059992742,1.7391685723160126,1.3110768450118555,0.0,0.0,1,0.0,1,0,0,0,1,0,0,0,0,1,0,0,0,0,1,0,0
0,1.0588235294117647,0.986946367883676,2.155268208368985,2.034806029775796,1.1806340026274782,1.3001804329025168,0,1.0,1,1,0,0,0,1,0,0,0,0,0,0,0,0,0,0,0
1,-0.6470588235294118,0.0,0.0,0.0,0.0,0.0,0,1.5,0,0,1,0,1,0,0,0,0,1,0,0,0,0,1,0,0
0,-0.8235294117647058,0.0,1.5547669845119956,0.0,0.0,0.0,0,0.0,1,0,0,1,0,0,0,0,0,1,0,0,0,0,1,0,0
0,-1.4705882352941178,0.0,0.0,0.0,0.0,0.0,0,2.0,0,0,0,0,1,0,0,0,0,0,1,0,0,0,0,1,0
0,1.7647058823529411,0.0,0.0,0.0,0.0,0.0,1,0.0,0,1,0,0,1,1,0,0,0,0,0,0,0,0,0,0,0
0,-0.8235294117647058,0.8915192755066496,1.0677430963315016,2.2279236817437837,0.0,0.0,0,0.0,1,0,0,0,1,0,0,0,0,1,0,0,0,1,0,0,0
0,-0.2941176470588235,0.0,0.6394406102156581,1.9975792749901704,0.5212960286143199,0.0,0,0.0,1,0,0,0,1,0,0,0,0,1,0,0,0,1,0,0,0
0,0.0,0.2939297479087193,1.60532508755117,0.5714440358797147,0.0,0.0,1,0.5,1,0,0,0,1,0,0,0,0,1,0,0,0,1,0,0,0
0,0.1176470588235294,1.6561965176302091,0.0,1.3110768450118555,0.6430081763978817,0.0,1,0.0,1,0,0,1,0,0,0,0,0,1,0,0,0,0,0,0,1
1,-0.2941176470588235,0.0,0.0,0.0,0.0,0.0,0,0.0,0,0,0,0,1,0,0,0,0,0,1,0,0,1,0,0,0
1,-0.1176470588235294,0.0,0.0,0.0,0.0,0.0,1,0.5,0,0,1,0,1,0,0,0,1,0,0,0,1,0,0,0,0
0,0.6470588235294118,0.0,0.1679487789570419,0.0,1.6716607964779329,0.0,0,0.0,1,0,0,0,1,0,0,0,1,0,0,0,1,0,0,0,0
0,0.6470588235294118,0.0,0.0,0.0,1.7364263562770097,0.0,0,0.0,1,0,0,0,1,0,0,0,0,0,1,0,0,0,0,0,0
0,-0.1176470588235294,0.7417960936614756,0.3358975579140839,0.0,1.6182562998465757,0.0,0,0.0,1,0,0,1,0,0,0,0,0,1,0,0,0,0,0,0,1
1,0.0588235294117647,0.0,0.0,0.0,0.0,0.0,0,0.5,0,0,0,0,1,0,0,0,0,0,1,0,0,0,1,0,0
1,0.2941176470588235,0.0,0.0,0.0,0.0,0.0,0,2.5,0,0,0,1,0,0,0,0,0,0,1,0,0,0,1,0,0
0,-0.3529411764705882,1.5278041134083826,0.0,0.9554258650310592,0.0,0.0,0,0.0,1,0,0,0,0,0,0,0,0,1,0,0,0,0,0,1,0
0,0.3529411764705882,0.0,0.8749213317910346,0.0,1.413481378595655,1.6252495775263298,1,0.0,1,0,0,0,0,0,0,0,0,1,0,0,0,0,0,0,0
0,0.1176470588235294,0.0,1.7029252688076006,0.0,1.88835641628516,1.8786085055403443,0,0.5,1,1,0,0,1,0,1,0,0,0,0,0,0,0,0,0,0
0,-0.3529411764705882,0.0,0.0,1.9800993395412212,1.5207150540821308,0.0,0,0.0,1,0,0,0,1,0,0,0,0,1,0,0,0,0,0,0,1
0,-0.1176470588235294,1.891291673292652,0.0,0.9390669465144929,1.6500505046045362,0.0,1,0.0,1,0,0,0,1,0,0,0,0,1,0,0,0,0,0,0,0
1,-1.5294117647058822,0.0,0.0,0.0,0.0,0.0,0,3.0,0,0,0,0,1,0,0,0,0,0,1,0,0,0,1,0,0
0,0.6470588235294118,1.1249503163209196,0.0,2.2005217143225564,0.0,0.0,0,0.0,1,0,1,0,1,0,0,1,0,0,0,0,0,0,0,0,0
0,-1.588235294117647,0.0,0.0,0.0,0.0,0.0,0,2.5,0,1,0,0,1,0,1,0,0,0,0,0,0,0,0,0,0
0,-0.8235294117647058,0.8611985952751386,1.6312070503111693,2.224661711069018,1.811905591588882,1.401347972679902,1,0.5,1,1,0,0,1,0,0,0,0,0,0,0,0,0,0,0,0
0,0.6470588235294118,1.873887970852666,0.9169048741496012,1.6264952433704112,0.34753068574288,0.0,1,0.0,1,0,1,0,1,0,0,0,0,1,0,0,0,1,0,0,0
0,1.8235294117647056,0.0,1.4523300838048872,0.0,1.63904887747019,1.6685940158133763,0,0.0,1,0,0,0,1,0,0,0,1,0,0,0,0,0,0,0,0
0,2.764705882352941,0.0,1.2763960820252702,2.030451982780917,0.0,0.0,1,0.0,1,0,0,0,1,0,0,0,0,0,1,0,1,0,0,0,0
1,0.0,0.0,0.0,0.0,0.0,0.0,1,0.5,0,0,0,0,1,0,0,0,0,0,1,0,1,0,0,0,0
1,0.9411764705882352,0.0,0.0,0.0,0.0,0.0,1,0.0,0,0,0,1,0,0,0,0,0,0,1,0,0,0,0,1,0
1,1.1764705882352942,0.0,0.0,0.0,0.0,0.0,1,0.0,0,1,0,0,1,1,0,0,0,0,0,0,0,0,0,0,0
0,2.0,1.1289140389872223,0.0,2.068138159111112,0.0,1.2025909389764322,1,0.0,1,0,0,0,1,0,0,0,0,0,1,0,0,0,0,1,0
1,-0.1764705882352941,0.0,0.0,0.0,0.0,0.0,0,0.0,0,0,0,1,0,0,0,0,0,0,1,0,0,0,0,0,0
1,1.7058823529411764,0.0,0.0,0.0,0.0,0.0,1,3.0,0,1,0,0,1,1,0,0,0,0,0,0,0,0,0,0,0
0,0.6470588235294118,1.405226776158693,0.1679487789570419,2.049076981633496,0.0,0.0,1,0.0,1,0,0,0,1,0,0,0,0,0,1,0,0,0,1,0,0
1,-1.588235294117647,0.0,0.0,0.0,0.0,0.0,0,2.5,0,0,0,0,1,0,0,0,0,0,1,0,0,1,0,0,0
1,2.0,0.0,0.0,0.0,0.0,0.0,0,0.5,0,1,0,0,0,0,1,0,0,0,0,0,0,0,0,0,0
0,-0.1176470588235294,1.9264476607892267,0.1679487789570419,1.8781338930289853,0.0,0.0,0,0.0,1,0,0,0,1,0,0,0,0,0,1,0,0,1,0,0,0
0,0.2941176470588235,1.7864295518751006,0.0,0.0,0.0,0.0,0,2.5,1,0,0,1,0,0,0,0,1,0,0,0,1,0,0,0,0
0,1.0,0.0,0.0,2.109199942000147,1.0386440953455376,0.3733048224778867,1,0.0,1,0,0,0,1,0,0,0,0,0,1,0,1,0,0,0,0
1,-0.0588235294117647,0.0,0.0,0.0,0.0,0.0,0,2.0,0,1,0,0,1,0,1,0,0,0,0,0,0,0,0,0,0
0,1.1176470588235294,0.0,0.0,2.4274794317067907,1.4491768952476265,0.0,1,0.0,1,0,0,0,1,0,0,0,0,0,1,0,0,0,0,0,0
1,0.0,0.0,0.0,0.0,0.0,0.0,0,0.0,0,0,0,0,1,0,0,0,0,0,1,0,0,0,0,0,0
0,0.7647058823529411,0.0,0.0,0.2210647294575037,1.424818876433955,1.751491032543505,0,0.0,1,0,1,0,1,0,0,1,0,0,0,0,0,0,0,0,0
0,-0.1764705882352941,1.2211748649855638,0.8682825912917196,2.3200424104811197,0.0,0.0,0,0.5,1,0,0,0,0,0,0,0,0,1,0,0,0,1,0,0,0
0,0.7058823529411765,1.7389945352208704,0.0,0.0,0.930956861034032,0.0,1,0.0,1,0,0,0,0,0,0,0,0,1,0,0,0,1,0,0,0
0,1.3529411764705883,0.0,0.0,1.521509623659744,1.6469059148212468,0.0,1,0.5,1,0,0,0,0,0,0,0,1,0,0,0,1,0,0,0,0
1,0.0588235294117647,0.0,0.0,0.0,0.0,0.0,0,0.0,0,0,1,0,1,0,0,0,0,1,0,0,0,0,0,0,1
0,0.0588235294117647,0.0,1.1206256888661357,0.0,0.0,2.532491717060368,1,0.0,1,1,0,0,0,0,0,0,1,0,0,0,1,0,0,0,0
0,0.2941176470588235,1.0909304086053613,1.3961385419528138,1.9477066348000085,0.34753068574288,0.0,0,0.0,1,0,0,0,0,0,0,0,1,0,0,0,0,0,0,0,0
0,-0.4705882352941176,0.0,0.0,1.516057713312579,1.2143911908173477,1.669141894960796,0,0.0,1,0,0,0,1,0,0,0,0,1,0,0,0,0,0,0,0
0,-0.4705882352941176,0.0,0.0,2.049076981633496,0.0,0.0,1,0.0,1,0,0,1,0,0,0,0,0,0,1,0,1,0,0,0,0
0,1.1176470588235294,0.0,0.0,0.0,1.4824584246536634,1.681967295446836,0,0.0,1,0,0,0,1,0,0,0,0,0,1,0,0,0,0,1,0
0,-0.7058823529411765,1.1917445229681092,1.4354404884128351,1.6206071563358555,0.4491768952476266,0.0,1,0.0,1,0,0,1,0,0,0,0,0,0,1,0,1,0,0,0,0
1,-0.1176470588235294,0.0,0.0,0.0,0.0,0.0,1,0.5,0,0,1,0,1,0,0,0,0,1,0,0,0,0,1,0,0
0,2.0,1.9919945626765183,0.0,0.0,0.0,0.5916741449658187,0,0.0,1,0,1,0,1,0,0,1,0,0,0,0,0,0,0,0,0
1,0.2352941176470588,0.0,0.0,0.0,0.0,0.0,0,0.5,0,1,0,0,1,1,0,0,0,0,0,0,0,0,0,0,0
1,0.4705882352941176,0.0,0.0,0.0,0.0,0.0,0,1.0,0,1,0,0,1,1,0,0,0,0,0,0,0,0,0,0,0
1,-0.4705882352941176,0.0,0.0,0.0,0.0,0.0,0,0.0,0,0,0,1,0,0,0,0,0,0,1,0,0,0,1,0,0
0,-1.411764705882353,0.0,0.0,0.0,0.0,0.0,0,1.0,0,0,0,0,0,0,0,0,0,0,1,0,0,0,0,0,0
0,-0.1764705882352941,0.0,0.0,1.7172715661328326,0.0,1.6966914015634054,1,0.0,1,0,0,0,1,0,0,0,0,1,0,0,0,0,0,1,0
0,1.411764705882353,1.9856692944020315,0.0,0.9218233423019256,0.0,0.0,0,0.0,1,0,1,0,1,0,0,0,0,1,0,0,1,0,0,0,0
0,1.0,0.0,1.880765170929465,0.6631941883725112,1.680732305946082,2.503315577022595,0,0.5,1,1,0,0,1,0,1,0,0,0,0,0,0,0,0,0,0
1,0.9411764705882352,0.0,0.0,0.0,0.0,0.0,0,0.5,0,0,0,0,1,0,0,0,0,0,1,0,0,1,0,0,0
0,0.7058823529411765,0.8014973444683071,1.1229895990360388,0.0,1.6346571085374306,0.0,1,0.0,1,0,0,0,1,0,0,0,0,1,0,0,0,0,0,1,0
0,-0.6470588235294118,0.0,0.832051221042958,0.0,1.6661862863483468,0.4333934776341722,1,0.0,1,0,0,0,1,0,0,0,0,1,0,0,0,0,0,0,0
1,-0.4705882352941176,0.0,0.0,0.0,0.0,0.0,0,0.0,0,0,1,0,0,0,0,0,0,1,0,0,0,0,1,0,0
0,-1.0588235294117647,0.0,0.0,0.0,0.0,0.0,1,1.5,0,1,0,0,0,0,1,0,0,0,0,0,0,0,0,0,0
0,0.0,0.0,0.0,0.350379306422211,1.7304513271001791,0.0,1,0.0,1,0,0,0,1,0,0,0,1,0,0,0,1,0,0,0,0
0,0.0588235294117647,0.0,1.8272127223339532,0.0,0.17376534287144,2.26878515493276,1,1.0,1,1,0,0,1,0,0,0,0,0,0,0,0,0,0,0,0
0,1.1764705882352942,0.1854490234153689,1.5991411675684335,1.0739282543975717,1.0953786230933769,2.195321897446128,1,0.5,1,1,0,0,1,1,0,0,0,0,0,0,0,0,0,0,0
1,-0.1764705882352941,0.0,0.0,0.0,0.0,0.0,0,1.0,0,0,0,1,0,0,0,0,0,0,1,0,1,0,0,0,0
1,-0.6470588235294118,0.0,0.0,0.0,0.0,0.0,0,0.0,0,0,0,0,1,0,0,0,0,0,1,0,1,0,0,0,0
0,-0.3529411764705882,0.6648277947394572,1.7680769086661792,0.0,0.0,0.0,0,0.0,1,0,0,0,1,0,0,0,0,1,0,0,0,0,0,0,1
0,0.5294117647058824,1.846803875707151,1.518535614263234,0.0,0.5212960286143199,1.9266127675457192,0,2.5,1,1,0,0,1,0,0,0,0,0,0,0,0,0,0,0,0
1,-1.588235294117647,0.0,0.0,0.0,0.0,0.0,0,3.0,0,0,0,0,1,0,0,0,0,0,1,0,0,0,1,0,0
0,-0.0588235294117647,0.0,0.8241062840082429,0.0,1.6629092410118,0.0,1,0.0,1,0,0,0,1,0,0,0,1,0,0,0,0,0,0,0,0
0,1.0588235294117647,1.8133348545524857,0.0,2.3067282661321444,0.0,0.0,1,0.0,1,0,1,0,1,0,0,0,0,1,0,0,0,0,0,0,0
0,0.0,0.4305992976375693,0.0,2.168416011586873,1.363274268696821,0.0,1,0.5,1,0,1,0,1,0,0,0,0,1,0,0,0,0,0,0,0
1,1.2352941176470589,0.0,0.0,0.0,0.0,0.0,1,0.0,0,0,0,0,1,0,0,0,0,0,1,0,0,0,1,0,0
0,0.0,1.215542101432882,0.0,0.0,0.0,1.790803821531693,0,0.0,1,0,0,0,1,0,0,0,0,1,0,0,0,0,0,1,0
0,-0.4117647058823529,0.0,1.5266732814648591,0.2210647294575037,0.0,1.598874641027722,0,0.0,1,0,0,0,1,0,0,0,0,1,0,0,1,0,0,0,0
1,-0.4705882352941176,0.0,0.0,0.0,0.0,0.0,0,0.0,0,0,0,0,1,0,0,0,0,0,1,0,0,0,0,0,0
0,1.1764705882352942,0.0,0.0,0.903593867168606,0.34753068574288,1.817953535752485,0,0.0,1,0,0,0,1,0,0,0,0,1,0,0,0,0,0,0,1
0,1.1764705882352942,0.0,1.4334890775655702,0.0,1.4898027431935343,0.9865330685183,1,0.0,1,0,0,0,1,0,0,0,1,0,0,0,1,0,0,0,0
1,-0.9411764705882352,0.0,0.0,0.0,0.0,0.0,0,0.0,0,0,0,0,1,0,0,0,0,0,1,0,0,0,1,0,0
0,0.7647058823529411,0.0,0.0,1.8305863499985264,0.17376534287144,1.6278141922261888,0,2.5,1,0,0,1,0,0,0,0,0,1,0,0,0,1,0,0,0
0,0.3529411764705882,0.0,1.7343112233481837,1.887706832372256,2.0332815294060365,1.418542057200039,1,0.5,1,1,0,0,1,0,0,0,0,0,0,0,0,0,0,0,0
0,0.5294117647058824,0.3708980468307378,0.0,1.9383362955903365,0.5508231047523734,1.515419927930736,1,1.0,1,0,0,0,1,0,0,0,0,0,1,0,1,0,0,0,0
1,2.176470588235294,0.0,0.0,0.0,0.0,0.0,1,3.0,0,1,0,0,1,1,0,0,0,0,0,0,0,0,0,0,0
0,0.8823529411764706,0.973223032322758,1.798142933141808,0.0,0.0,0.0,1,0.0,1,0,0,0,1,0,0,0,0,0,1,0,1,0,0,0,0
0,0.2941176470588235,0.0,1.2220162094053413,0.0,2.158752637970438,2.0364977738088044,1,0.0,1,1,0,0,0,1,0,0,0,0,0,0,0,0,0,0,0
0,1.0,1.7937418337266793,1.3068698625119843,1.0,0.0,0.0,1,0.0,1,0,1,0,1,0,0,1,0,0,0,0,0,0,0,0,0
1,0.2352941176470588,0.0,0.0,0.0,0.0,0.0,1,1.5,0,0,1,0,1,0,0,0,1,0,0,0,1,0,0,0,0
0,0.1764705882352941,0.6648277947394572,1.503846336871126,0.0,1.911663466967336,2.055402552661138,0,1.0,1,1,0,0,0,0,0,0,0,0,0,0,0,0,0,0,0
1,-0.3529411764705882,0.0,0.0,0.0,0.0,0.0,1,1.0,0,0,1,0,1,0,0,1,0,0,0,0,0,0,0,0,0
1,0.4705882352941176,0.0,0.0,0.0,0.0,0.0,1,0.0,0,0,0,0,1,0,0,0,0,0,1,0,1,0,0,0,0
1,0.5882352941176471,0.0,0.0,0.0,0.0,0.0,1,1.5,0,1,0,0,0,0,1,0,0,0,0,0,0,0,0,0,0
0,0.4705882352941176,0.1854490234153689,0.0,0.0,0.0,1.8013920691502292,1,0.0,1,0,0,0,1,0,0,0,0,1,0,0,0,0,0,0,1
0,0.1764705882352941,1.705158679194375,0.6394406102156581,1.5347450908776143,0.930956861034032,1.255782575468029,0,0.0,1,0,0,1,0,0,0,0,1,0,0,0,0,0,0,0,0
0,0.0588235294117647,0.9512205263134812,0.0,2.2971374528237978,1.1335689800373283,0.0,0,0.0,1,0,1,0,1,0,0,0,0,1,0,0,1,0,0,0,0
1,1.1764705882352942,0.0,0.0,0.0,0.0,0.0,0,1.0,0,1,0,0,0,0,1,0,0,0,0,0,0,0,0,0,0
1,-0.7647058823529411,0.0,0.0,0.0,0.0,0.0,1,0.0,0,0,0,0,1,0,0,0,0,0,1,0,0,0,0,0,0
0,0.2941176470588235,0.0,0.0,1.234638224252226,1.693314392998319,0.8557943061997394,0,0.0,1,0,0,0,1,0,0,0,0,1,0,0,0,1,0,0,0
0,-0.4705882352941176,0.0,1.3528748491965317,2.163399047634294,0.2754115523761867,1.530488614532988,0,0.0,1,0,0,0,1,0,0,0,0,1,0,0,0,1,0,0,0
0,0.1176470588235294,1.5141740158293877,1.5271174591704129,0.0,0.0,0.0,1,0.0,1,0,0,0,1,0,0,0,0,1,0,0,0,0,1,0,0
0,1.411764705882353,1.2068641606126205,0.0,0.0,1.700230428810142,0.0,0,0.0,1,0,0,0,1,0,0,0,0,1,0,0,0,1,0,0,0
0,1.2352941176470589,1.5304487450216715,0.0,1.6284340273890512,1.4468448747246752,0.0,1,0.0,1,0,0,0,0,0,0,0,1,0,0,0,1,0,0,0,0
1,0.4705882352941176,0.0,0.0,0.0,0.0,0.0,0,0.0,0,1,0,0,0,0,0,0,1,0,0,0,1,0,0,0,0
1,-1.5294117647058822,0.0,0.0,0.0,0.0,0.0,0,1.0,0,0,1,0,1,0,0,0,0,1,0,0,0,0,0,1,0
0,-1.1176470588235294,0.0,0.0,0.0,0.0,0.0,1,0.5,0,0,0,0,1,0,0,0,0,0,1,0,0,0,0,0,0
0,1.0,0.0,0.0,0.0,0.0,0.0,0,1.0,0,1,0,0,1,0,1,0,0,0,0,0,0,0,0,0,0
0,-0.5294117647058824,1.7754235214439298,0.7489560951925592,1.0627366152508633,0.0,0.0,1,0.0,1,0,0,0,1,0,0,0,0,0,1,0,0,0,0,1,0
0,0.3529411764705882,1.8018156626336608,1.5667395633319006,1.9132347721997,0.7748946642242507,0.0,0,0.0,1,0,1,0,0,0,0,0,0,1,0,0,0,0,0,0,0
1,-0.5882352941176471,0.0,0.0,0.0,0.0,0.0,0,0.0,0,0,0,1,0,0,0,0,0,0,1,0,0,1,0,0,0
0,0.4705882352941176,2.1032735898178543,1.2788812204313162,0.0,0.0,0.0,1,0.0,1,0,0,0,0,0,0,0,0,1,0,0,1,0,0,0,0
0,0.7647058823529411,0.0,2.1273141291493336,1.431556258955499,1.753541729969504,0.0,1,0.0,1,1,0,0,1,0,0,1,0,0,0,0,0,0,0,0,0
1,-1.1764705882352942,0.0,0.0,0.0,0.0,0.0,1,1.0,0,0,0,0,1,0,0,0,0,1,0,0,1,0,0,0,0
0,0.0588235294117647,0.0,0.9665263290234956,0.0,1.6538410845660805,0.5239995654055677,0,0.5,1,0,0,0,1,0,0,0,1,0,0,0,0,0,0,0,0
1,0.5294117647058824,0.0,0.0,0.0,0.0,0.0,1,3.0,0,0,0,0,1,0,0,0,0,1,0,0,1,0,0,0,0
0,-0.2352941176470588,0.0,0.0,0.6206071563358557,0.8608676205267983,1.4280872466723424,0,0.0,1,0,0,0,1,0,0,0,0,0,1,0,0,0,0,0,0
0,1.3529411764705883,0.0,1.1253306691370626,0.0,1.3749859286137605,2.4274656868199687,0,0.5,1,1,0,0,0,0,1,0,0,0,0,0,0,0,0,0,0
0,-0.2941176470588235,0.0,2.0220368779160194,1.051137919266633,1.957675264418912,1.6550989578946274,1,0.5,1,1,0,0,0,1,0,0,0,0,0,0,0,0,0,0,0
0,0.5294117647058824,0.7060702520912806,1.7688963171932277,0.2210647294575037,1.8231204506405048,2.0407997244875364,1,0.5,1,1,0,0,0,0,0,0,1,0,0,0,1,0,0,0,0
0,1.2941176470588236,0.0,1.0223819511343597,1.7113653049529662,0.2754115523761867,1.9588901004497723,0,0.5,1,0,0,0,1,0,0,0,0,0,1,0,0,0,0,0,0
0,-0.5294117647058824,1.7850783046269856,0.0,0.350379306422211,0.0,0.806698300112059,1,0.5,1,0,0,0,1,0,0,0,0,0,1,0,0,0,0,0,0
0,-0.0588235294117647,1.629101953169262,0.0,0.0,0.0,1.6527825349390073,0,0.5,1,0,0,0,1,0,0,0,0,1,0,0,0,0,0,0,0
0,-0.1764705882352941,1.3802866026409184,0.0,0.8636757125382628,0.0,1.724370520596308,1,0.0,1,0,0,0,1,0,0,0,1,0,0,0,0,0,0,0,0
0,0.5882352941176471,1.5339347407411963,0.8682825912917196,1.9233603524521807,0.6011293213528106,0.0,0,0.0,1,0,0,1,0,0,0,0,0,0,1,0,1,0,0,0,0
1,-0.5294117647058824,0.0,0.0,0.0,0.0,0.0,1,0.0,0,1,0,0,1,1,0,0,0,0,0,0,0,0,0,0,0
0,1.1764705882352942,1.70743181424824,0.0,1.234638224252226,0.34753068574288,1.0741636286876712,0,0.0,1,0,0,0,1,0,0,0,0,1,0,0,0,0,0,1,0
1,0.8823529411764706,0.0,0.0,0.0,0.0,0.0,1,0.0,0,0,0,0,1,0,0,0,0,0,1,0,0,1,0,0,0
0,0.6470588235294118,0.0,1.6799605680043692,1.0135734947947224,0.0,0.0,0,1.5,1,0,0,0,1,0,0,0,0,1,0,0,0,1,0,0,0
1,1.0,0.0,0.0,0.0,0.0,0.0,0,0.0,0,0,0,0,1,0,0,0,0,0,1,0,1,0,0,0,0
0,1.0,1.1886152897940538,0.0,1.8285287364814256,0.0,1.904707809733457,1,0.0,1,0,0,0,1,0,0,0,0,1,0,0,0,0,0,0,1
1,-0.1176470588235294,0.0,0.0,0.0,0.0,0.0,1,0.5,0,1,0,0,1,0,1,0,0,0,0,0,0,0,0,0,0
1,-0.0588235294117647,0.0,0.0,0.0,0.0,0.0,0,0.0,0,0,0,1,0,0,0,0,0,0,1,0,0,0,0,0,0
0,0.2941176470588235,0.0,1.7346883422889423,0.0,2.009696650444759,1.5656436518236054,1,1.5,1,1,0,0,1,0,1,0,0,0,0,0,1,0,0,0,0
0,0.0588235294117647,0.0,1.2595899591016175,1.992681996594572,0.0,0.0,1,0.0,1,0,0,0,1,0,0,0,0,1,0,0,0,1,0,0,0
1,-0.7647058823529411,0.0,0.0,0.0,0.0,0.0,0,0.0,0,0,0,1,0,0,0,0,0,0,1,0,0,1,0,0,0
1,2.5294117647058822,0.0,0.0,0.0,0.0,0.0,1,2.0,0,1,0,0,1,0,0,0,0,1,0,0,1,0,0,0,0
0,0.2352941176470588,0.0,1.7703643054161602,1.3503793064222112,0.4878209905931642,0.0,0,0.5,1,0,0,0,1,0,0,0,1,0,0,0,1,0,0,0,0
1,0.0,0.0,0.0,0.0,0.0,0.0,1,0.0,0,1,0,0,1,0,1,0,0,0,0,0,0,0,0,0,0
1,-1.2941176470588236,0.0,0.0,0.0,0.0,0.0,1,1.5,0,1,0,0,0,0,0,0,0,0,0,0,0,0,0,0,0
0,-0.0588235294117647,0.0,1.521732818227962,2.4427317801306785,0.6011293213528106,1.6761647054286153,1,2.0,1,1,0,0,1,1,0,0,0,0,0,0,0,0,0,0,0
1,2.647058823529412,0.0,0.0,0.0,0.0,0.0,1,0.0,0,0,1,0,1,0,0,0,0,1,0,0,0,1,0,0,0
0,-0.0588235294117647,1.5141740158293877,1.9694040216437347,2.0271469895894447,1.3451986652199286,1.6986605694467625,1,1.0,1,1,0,0,0,1,0,0,0,0,0,0,0,0,0,0,0
0,0.0,0.0,0.8614568196209993,1.0135734947947224,0.0,1.5134756414475885,0,0.0,1,0,0,0,1,0,0,0,0,0,1,0,0,0,0,0,0
0,0.2941176470588235,1.3908390955253516,0.7894331112229788,2.032091724125136,0.0,0.0,1,0.0,1,0,0,0,1,0,0,0,1,0,0,0,0,0,0,0,0
0,-0.6470588235294118,1.3787445442715656,0.0,1.858080323600283,0.5772359744023721,0.0,0,0.0,1,0,1,0,1,0,0,0,0,1,0,0,0,0,0,0,0
0,-0.5294117647058824,0.0,0.7134342389808734,1.37269112835175,1.9218482290661625,0.8773484072743342,0,0.0,1,0,0,0,1,0,0,0,0,1,0,0,0,0,0,1,0
1,1.0,0.0,0.0,0.0,0.0,0.0,1,0.0,0,0,0,1,0,0,0,0,0,0,1,0,1,0,0,0,0
1,-0.4705882352941176,0.0,0.0,0.0,0.0,0.0,0,0.5,0,0,0,0,1,0,0,0,0,0,1,0,0,0,0,1,0
0,1.6470588235294117,1.6664156117821365,0.0,1.9533390812137923,0.0,0.0,1,1.0,1,0,0,0,1,0,0,0,0,1,0,0,0,0,0,0,1
0,-0.8235294117647058,0.0,1.714050514524274,0.0,0.0,0.0,1,0.0,1,0,0,1,0,0,0,0,0,1,0,0,0,0,1,0,0
1,1.1176470588235294,0.0,0.0,0.0,0.0,0.0,0,0.0,0,0,1,0,1,0,0,0,0,1,0,0,0,0,0,0,1
0,0.0588235294117647,0.0,1.6910390173768377,0.0,0.0,0.4824894837218527,0,0.0,1,0,0,0,1,0,0,0,0,1,0,0,0,0,0,0,0
0,0.5294117647058824,0.0,0.4714918312586162,0.0,0.17376534287144,1.952278131807496,0,0.0,1,1,0,0,1,0,0,1,0,0,0,0,0,0,0,0,0
0,-0.3529411764705882,1.729160176519026,0.0,1.587224660513623,1.1667031745002827,0.0,0,0.0,1,0,0,0,1,0,0,0,0,0,1,0,0,0,0,1,0
0,-0.4117647058823529,2.061032631184029,0.0,0.0,1.1195602856574685,0.0,0,0.0,1,0,0,0,1,0,0,0,0,1,0,0,1,0,0,0,0
0,-1.3529411764705883,0.0,0.0,0.0,0.0,0.0,0,2.0,0,0,0,0,1,0,0,0,0,0,1,0,0,0,0,1,0
0,-1.3529411764705883,0.0,0.0,0.0,0.0,0.0,1,1.0,0,0,0,0,0,0,0,0,0,0,1,0,1,0,0,0,0
1,0.7647058823529411,0.0,0.0,0.0,0.0,0.0,1,0.5,0,1,0,0,0,0,1,0,0,0,0,0,0,0,0,0,0
1,-0.1764705882352941,0.0,0.0,0.0,0.0,0.0,0,0.0,0,1,0,0,1,0,1,0,0,0,0,0,0,0,0,0,0
0,-0.5294117647058824,0.0,1.518075407343262,0.0,0.0,1.1963282728031306,1,0.0,1,0,0,1,0,0,0,0,0,1,0,0,0,1,0,0,0
0,-0.6470588235294118,0.0,0.0,1.4687222711471113,0.0,1.7914996423531315,1,0.0,1,0,0,1,0,0,0,0,1,0,0,0,1,0,0,0,0
0,-1.588235294117647,0.0,0.0,0.0,0.0,0.0,1,0.5,0,0,1,0,1,0,0,0,0,1,0,0,0,0,0,1,0
1,-0.5882352941176471,0.0,0.0,0.0,0.0,0.0,0,0.0,0,0,0,0,1,0,0,0,0,0,1,0,0,0,0,0,0
0,-0.2352941176470588,0.0,0.8813830179379154,2.1549816149940666,0.5772359744023721,0.1866524112389433,1,0.0,1,0,0,0,1,0,0,0,0,0,1,0,0,0,1,0,0
0,-0.1764705882352941,1.2239473912101546,1.547125390957669,0.818036705164662,0.0,0.0,1,0.0,1,0,0,1,0,0,0,0,0,0,1,0,0,0,0,0,0
1,1.4705882352941178,0.0,0.0,0.0,0.0,0.0,1,0.0,0,0,0,1,0,0,0,0,0,0,1,0,0,0,1,0,0
1,-0.1176470588235294,0.0,0.0,0.0,0.0,0.0,0,0.0,0,0,0,1,0,0,0,0,0,0,1,0,0,1,0,0,0
1,1.3529411764705883,0.0,0.0,0.0,0.0,0.0,0,0.0,0,0,0,0,1,0,0,0,0,0,1,0,0,0,1,0,0
0,-0.4117647058823529,0.0,0.0,0.0,0.0,0.0,0,0.5,0,0,0,0,1,0,0,0,0,0,1,0,0,1,0,0,0
1,-0.5882352941176471,0.0,0.0,0.0,0.0,0.0,1,0.5,0,1,0,0,1,1,0,0,0,0,0,0,0,0,0,0,0
1,0.1176470588235294,0.0,0.0,0.0,0.0,0.0,0,0.5,0,0,0,1,0,0,0,0,0,0,1,0,0,0,0,0,0
0,0.2352941176470588,2.181168189906657,0.0,1.7384941824714475,0.0,0.0,1,1.0,1,0,1,0,1,0,0,0,0,1,0,0,0,1,0,0,0
0,0.2352941176470588,1.1621694439244474,0.0,2.482162851170623,1.1618820567160562,0.8557943061997394,1,0.5,1,0,1,0,1,0,0,0,0,1,0,0,0,0,0,1,0
1,0.0,0.0,0.0,0.0,0.0,0.0,0,0.0,0,0,0,1,0,0,0,0,0,0,1,0,0,1,0,0,0
1,0.7647058823529411,0.0,0.0,0.0,0.0,0.0,1,2.0,0,0,1,0,1,0,0,0,0,1,0,0,0,0,0,0,1
1,-0.1176470588235294,0.0,0.0,0.0,0.0,0.0,1,0.5,0,1,0,0,0,0,1,0,0,0,0,0,1,0,0,0,0
1,-0.7647058823529411,0.0,0.0,0.0,0.0,0.0,0,0.5,0,0,0,0,1,0,0,0,0,0,1,0,0,0,1,0,0
1,1.0588235294117647,0.0,0.0,0.0,0.0,0.0,1,0.0,0,0,0,1,0,0,0,0,0,0,1,0,1,0,0,0,0
0,-0.4705882352941176,0.0,0.4341412956458598,0.5132964061160518,1.5781627421803757,1.4747158405873406,0,0.5,1,0,0,0,1,0,0,0,1,0,0,0,0,0,0,0,0
1,-0.7647058823529411,0.0,0.0,0.0,0.0,0.0,1,0.5,0,0,0,0,1,0,0,0,0,0,1,0,0,0,0,1,0
1,-0.0588235294117647,0.0,0.0,0.0,0.0,0.0,1,0.0,0,0,0,0,1,0,0,0,0,0,1,0,0,1,0,0,0
0,-0.2352941176470588,0.0,1.5358341858630633,0.0,0.8983537904952533,1.4115107828542957,1,0.5,1,0,0,0,1,0,0,0,1,0,0,0,1,0,0,0,0
0,-0.1176470588235294,1.0998494473841025,0.0,0.0,0.0,1.7925400139295131,1,0.0,1,0,0,1,0,0,0,0,0,0,1,0,0,0,1,0,0
0,-1.2941176470588236,0.0,0.0,0.0,0.0,0.0,0,1.5,0,0,1,0,1,0,0,0,0,1,0,0,0,0,0,0,0
0,-0.3529411764705882,1.5806862407711646,1.3670277108935167,0.0,0.0,1.3438362032940447,0,0.0,1,0,0,0,1,0,0,0,0,1,0,0,0,0,0,0,0
0,-0.1764705882352941,0.0,0.0,2.0449147171556383,0.911907923737988,0.0,1,0.0,1,0,0,0,0,0,0,0,0,1,0,0,0,0,0,0,1
0,0.4705882352941176,1.155128343183858,2.0676954325425165,0.0,1.7036181884524402,2.0383101920433053,1,0.0,1,1,0,0,0,0,1,0,0,0,0,0,0,0,0,0,0
0,1.6470588235294117,0.0,1.3309625834440897,0.0,1.5477088982643186,0.3733048224778867,1,3.0,1,0,0,0,1,0,0,0,0,1,0,0,0,0,0,1,0
0,-0.7647058823529411,1.5482634829625486,0.0,0.9554258650310592,1.56142790517195,0.2958370724829093,1,0.0,1,0,0,0,0,0,0,0,0,0,1,0,0,0,0,1,0
0,-0.7058823529411765,0.9660880391837954,1.632071889553636,0.0,0.0,0.0,1,0.5,1,0,0,0,0,0,0,0,0,1,0,0,0,1,0,0,0
1,-0.0588235294117647,0.0,0.0,0.0,0.0,0.0,0,1.5,0,1,0,0,1,1,0,0,0,0,0,0,0,0,0,0,0
0,-0.4117647058823529,0.0,0.0,0.0,1.4582939144551108,1.848583427132255,0,0.0,1,0,0,0,0,0,0,0,0,1,0,0,0,0,0,0,1
0,0.2941176470588235,2.0925450567553603,0.0,0.0,1.2333919786081171,0.4333934776341722,0,0.5,1,0,1,0,1,0,0,0,0,1,0,0,0,0,0,0,0
0,0.0,0.0,0.0,0.0,0.0,0.0,1,0.0,0,0,1,0,1,0,0,0,1,0,0,0,1,0,0,0,0
0,1.588235294117647,0.0,0.0,0.0,0.0,0.0,1,0.5,0,1,0,0,1,1,0,0,0,0,0,0,0,0,0,0,0
1,0.9411764705882352,0.0,0.0,0.0,0.0,0.0,0,0.0,0,0,0,0,0,0,0,0,0,0,1,0,1,0,0,0,0
1,1.3529411764705883,0.0,0.0,0.0,0.0,0.0,0,0.5,0,1,0,0,1,1,0,0,0,0,0,0,0,0,0,0,0
1,-0.6470588235294118,0.0,0.0,0.0,0.0,0.0,1,0.5,0,0,0,1,0,0,0,0,0,0,1,0,0,0,1,0,0
0,1.411764705882353,1.3952372173557956,0.0,0.2210647294575037,0.0,1.8867804639254755,0,0.0,1,0,0,0,0,0,0,0,0,1,0,0,0,1,0,0,0
0,-1.5294117647058822,0.0,0.0,0.0,0.0,0.0,0,1.5,0,0,1,0,1,0,0,0,0,1,0,0,0,0,0,1,0
1,0.8235294117647058,0.0,0.0,0.0,0.0,0.0,0,0.0,0,0,1,0,1,0,0,0,1,0,0,0,0,0,0,0,0
0,0.3529411764705882,1.0,1.4623903341734328,0.0,0.9428967556120202,1.5438885186321232,1,0.0,1,0,0,0,1,0,0,0,0,0,1,0,0,0,1,0,0
0,-1.0,0.0,0.0,0.0,0.0,0.0,1,2.5,0,0,0,0,1,0,0,0,1,0,0,0,0,0,0,0,0
0,0.2941176470588235,0.0,0.947878755681808,0.350379306422211,1.619828031631012,0.0,0,0.0,1,0,0,0,1,0,0,0,0,1,0,0,0,1,0,0,0
0,-0.5294117647058824,0.0,0.832051221042958,0.0,1.6619177154010785,0.4824894837218527,0,1.0,1,0,0,0,1,0,0,0,1,0,0,0,0,0,0,0,0
0,-0.1176470588235294,0.0,1.3661669679971282,2.096091426131502,0.0,0.0,0,0.0,1,0,1,0,1,0,0,1,0,0,0,0,0,0,0,0,0
0,-0.2352941176470588,0.0,1.48400386793494,2.5108756811062225,1.7088902339597587,0.5916741449658187,0,0.0,1,0,0,0,1,0,0,0,1,0,0,0,1,0,0,0,0
1,-0.8235294117647058,0.0,0.0,0.0,0.0,0.0,0,0.0,0,0,1,0,1,0,0,0,0,1,0,0,0,1,0,0,0
1,-1.411764705882353,0.0,0.0,0.0,0.0,0.0,0,3.5,0,0,0,1,0,0,0,0,0,0,1,0,0,0,0,1,0
0,-0.4705882352941176,1.4093964146255231,1.339774422550336,0.0,1.2815262554783884,0.0,1,0.0,1,0,0,0,1,0,0,0,0,1,0,0,0,0,0,0,1
1,1.7647058823529411,0.0,0.0,0.0,0.0,0.0,1,0.5,0,1,0,0,0,0,0,1,0,0,0,0,0,0,0,0,0
0,0.1764705882352941,0.0,1.9922503865313037,0.5132964061160518,1.2406065886978297,2.236521566982428,0,0.0,1,1,0,0,0,1,0,0,0,0,0,0,0,0,0,0,0
0,1.3529411764705883,0.4305992976375693,1.304657072059518,0.0,1.9695038836200065,1.6372196596392867,1,0.5,1,1,0,0,0,1,0,0,0,0,0,0,0,0,0,0,0
1,-0.2941176470588235,0.0,0.0,0.0,0.0,0.0,1,0.0,0,0,0,0,1,0,0,0,0,0,1,0,0,0,0,1,0
0,0.5882352941176471,0.8915192755066496,1.5712197933589709,0.7647583148507885,1.700230428810142,2.4683199413211026,0,1.0,1,1,0,0,1,0,1,0,0,0,0,0,0,0,0,0,0
0,0.8235294117647058,1.89781477505939,1.606287228605719,1.5783029881659942,0.0,0.0,0,2.0,1,0,1,0,1,0,0,0,1,0,0,0,1,0,0,0,0
0,0.1176470588235294,1.203907816870377,1.8059896228850172,0.0,0.0,0.3733048224778867,0,0.0,1,0,0,0,1,0,0,0,0,0,1,0,0,0,1,0,0
0,-0.6470588235294118,0.0,0.0,1.115137621272999,1.9644035900496315,1.2205497595676964,0,0.0,1,0,0,0,1,0,0,0,0,1,0,0,0,0,0,0,0
0,-0.4117647058823529,0.0,1.1109324414742745,2.100960665581292,0.82623465712856,1.2532301155226493,0,0.0,1,0,0,0,1,0,0,0,0,0,1,0,0,0,1,0,0
1,0.2352941176470588,0.0,0.0,0.0,0.0,0.0,1,0.0,0,0,0,1,0,0,0,0,0,0,1,0,0,0,0,0,0
0,0.9411764705882352,1.0243391705250575,0.5323850333776358,0.0,1.6069692952237482,1.0250676225999908,1,0.5,1,0,0,0,1,0,0,0,0,0,1,0,1,0,0,0,0
0,-0.5882352941176471,0.4793787713240882,1.606287228605719,0.0,0.0,0.0,1,0.0,1,0,0,0,1,0,0,0,0,1,0,0,1,0,0,0,0
0,0.2941176470588235,1.892427753073668,0.0,0.5132964061160518,0.0,0.0,0,1.5,1,0,1,0,1,0,0,1,0,0,0,0,0,0,0,0,0
1,0.2941176470588235,0.0,0.0,0.0,0.0,0.0,0,0.0,0,0,0,0,1,0,0,0,0,0,1,0,0,1,0,0,0
1,-0.1764705882352941,0.0,0.0,0.0,0.0,0.0,1,0.0,0,0,1,0,1,0,0,0,0,1,0,0,1,0,0,0,0
1,0.7058823529411765,0.0,0.0,0.0,0.0,0.0,1,0.5,0,1,0,0,0,0,0,0,0,1,0,0,1,0,0,0,0
0,1.2352941176470589,0.0,0.0,1.983291848570339,1.3770577618809332,0.0,0,0.5,1,0,0,1,0,0,0,0,0,1,0,0,0,0,0,0,1
1,-0.3529411764705882,0.0,0.0,0.0,0.0,0.0,1,3.0,0,1,0,0,0,1,0,0,0,0,0,0,0,0,0,0,0
0,-0.5882352941176471,1.3221185731442189,0.0,2.190064089283285,0.7748946642242507,0.0,0,0.5,1,0,1,0,1,0,0,0,0,1,0,0,1,0,0,0,0
0,0.8823529411764706,0.0,1.82566448147174,0.0,1.5912295300160546,1.4267441889851746,0,0.0,1,1,0,0,1,0,1,0,0,0,0,0,0,0,0,0,0
0,1.4705882352941178,0.0,1.760405415820879,0.0,1.8109936575223728,1.6674949020096497,0,0.0,1,1,0,0,1,0,0,0,0,0,0,0,0,0,0,0,0
1,1.3529411764705883,0.0,0.0,0.0,0.0,0.0,1,0.0,0,0,0,0,1,0,0,0,0,0,1,0,0,0,0,1,0
0,0.2352941176470588,1.865244742505553,0.6394406102156581,1.6001559854028116,0.9052224502512914,0.0,0,0.5,1,0,1,0,0,0,0,1,0,0,0,0,0,0,0,0,0
0,0.2352941176470588,1.3693007502271803,0.0,1.816968265341599,1.6868025879622388,0.0,1,1.0,1,0,1,0,1,0,0,0,1,0,0,0,1,0,0,0,0
1,0.8823529411764706,0.0,0.0,0.0,0.0,0.0,0,0.0,0,1,0,0,1,1,0,0,0,0,0,0,0,0,0,0,0
1,-0.4117647058823529,0.0,0.0,0.0,0.0,0.0,1,0.5,0,1,0,0,1,1,0,0,0,0,0,0,0,0,0,0,0
0,0.5294117647058824,0.0,1.534976489850559,0.0,1.7978655063675892,1.8102866119470773,1,1.5,1,1,0,0,1,0,0,0,0,1,0,0,1,0,0,0,0
0,1.588235294117647,0.0,1.7197280699977129,0.0,0.34753068574288,1.7391175308673583,1,0.0,1,1,0,0,1,0,0,0,0,0,0,0,0,0,0,0,0
0,-0.4705882352941176,0.0,0.0,2.075835159862644,0.17376534287144,0.95739304303974,0,1.0,1,0,0,0,1,0,0,0,0,0,1,0,0,0,0,0,0
0,0.1764705882352941,0.0,0.0,2.123841876617933,0.0,0.7928859131524942,1,0.5,1,0,0,0,1,0,0,0,0,1,0,0,0,0,0,0,1
1,-0.4117647058823529,0.0,0.0,0.0,0.0,0.0,1,0.0,0,0,0,1,0,0,0,0,0,0,1,0,1,0,0,0,0
1,0.5882352941176471,0.0,0.0,0.0,0.0,0.0,1,0.0,0,1,0,0,0,1,0,0,0,0,0,0,0,0,0,0,0
0,0.5294117647058824,0.0,0.5038463368711258,2.071528476416675,0.0,1.223429813845528,1,0.0,1,0,0,0,1,0,0,0,0,1,0,0,0,0,0,1,0
0,0.7647058823529411,1.950491516635136,0.8938113252335089,0.0,0.0,1.915005818860391,1,0.0,1,0,0,0,0,0,0,0,0,1,0,0,1,0,0,0,0
0,-0.2941176470588235,1.4093964146255231,0.1679487789570419,2.0612474499511912,0.69506137148576,0.9247126870847868,0,0.5,1,0,1,1,0,0,0,1,0,0,0,0,0,0,0,0,0
1,-1.2941176470588236,0.0,0.0,0.0,0.0,0.0,0,1.0,0,0,1,0,1,0,0,0,0,1,0,0,0,0,0,0,0
1,0.1176470588235294,0.0,0.0,0.0,0.0,0.0,1,1.0,0,0,1,0,1,0,0,0,0,1,0,0,0,0,0,0,1
0,-0.2941176470588235,0.6415482152485357,0.0,2.053185624464207,0.0,1.1994778117249834,0,1.5,1,0,0,0,0,0,0,0,1,0,0,0,1,0,0,0,0
0,-1.3529411764705883,0.0,0.0,0.0,0.0,0.0,0,2.5,0,0,0,0,1,0,0,0,0,0,1,0,0,1,0,0,0
1,0.6470588235294118,0.0,0.0,0.0,0.0,0.0,0,0.0,0,0,1,0,1,0,0,0,0,1,0,0,0,0,1,0,0
1,-1.2941176470588236,0.0,0.0,0.0,0.0,0.0,0,0.5,0,0,0,0,1,0,0,0,0,0,1,0,0,1,0,0,0
0,-0.2941176470588235,1.32591362097899,0.6864843932202759,0.0,1.2990233828473623,1.5672465286280344,1,0.0,1,0,0,1,0,0,0,0,0,1,0,0,0,1,0,0,0
1,0.8235294117647058,0.0,0.0,0.0,0.0,0.0,1,0.0,0,1,0,0,0,1,0,0,0,0,0,0,0,0,0,0,0
0,-0.5882352941176471,1.9515842876019025,0.0,0.0,0.9598036371658886,0.7629347951689582,1,0.5,1,0,0,0,1,0,0,0,0,1,0,0,0,0,0,0,0
0,-0.2941176470588235,1.2294077110659742,0.0,1.2279236817437833,1.6206102175961152,0.0,0,0.0,1,0,0,0,1,0,0,0,0,0,1,0,1,0,0,0,0
1,0.4117647058823529,0.0,0.0,0.0,0.0,0.0,0,0.5,0,0,1,0,1,0,0,0,0,1,0,0,0,0,1,0,0
0,-0.1176470588235294,1.8062328023623968,0.0,1.8396847828610745,0.0,0.0,1,0.0,1,0,1,0,1,0,0,0,1,0,0,0,0,0,0,0,0
1,-0.7058823529411765,0.0,0.0,0.0,0.0,0.0,1,0.5,0,0,0,0,0,0,0,0,0,0,1,0,0,1,0,0,0
1,-0.1764705882352941,0.0,0.0,0.0,0.0,0.0,1,1.0,0,1,0,0,0,1,0,0,0,0,0,0,0,0,0,0,0
1,-0.1176470588235294,0.0,0.0,0.0,0.0,0.0,1,1.0,0,1,0,0,0,0,1,0,0,0,0,0,0,0,0,0,0
0,0.0,0.1854490234153689,1.4234890804961862,2.1147171479241536,0.0,0.0,0,0.0,1,0,0,0,1,0,0,0,1,0,0,0,0,0,0,0,0
0,0.0588235294117647,0.0,0.0,0.0,1.5706508573615467,2.031556671727412,1,0.0,1,0,0,0,1,0,0,0,0,1,0,0,0,0,1,0,0
0,-0.2941176470588235,0.2939297479087193,1.1276493363098172,1.914813631804896,0.0,0.0,0,0.0,1,0,0,1,0,0,0,0,0,0,1,0,0,0,0,1,0
0,-0.4705882352941176,0.0,1.0587122794692527,2.132712786996772,0.0,0.55995723371683,0,0.0,1,0,0,0,1,0,0,0,0,0,1,0,0,0,1,0,0
1,-0.7058823529411765,0.0,0.0,0.0,0.0,0.0,0,0.0,0,0,0,0,1,0,0,0,0,0,1,0,0,0,1,0,0
1,-0.6470588235294118,0.0,0.0,0.0,0.0,0.0,1,0.0,0,0,0,0,0,0,0,0,0,0,1,0,0,0,0,1,0
0,-0.8235294117647058,0.0,0.0,0.0,0.0,1.9718239749944904,1,0.0,1,0,0,0,1,0,0,0,0,1,0,0,0,0,1,0,0
1,0.0,0.0,0.0,0.0,0.0,0.0,0,0.0,0,1,0,0,1,1,0,0,0,0,0,0,0,0,0,0,0
0,0.9411764705882352,0.0,1.4994094075313176,0.0,0.0,2.1037367972562007,1,1.5,1,1,0,0,0,1,0,0,0,0,0,0,0,0,0,0,0
1,-1.2941176470588236,0.0,0.0,0.0,0.0,0.0,0,0.5,0,0,0,0,1,0,0,0,0,0,1,0,1,0,0,0,0
0,-0.1176470588235294,1.5390800221309198,0.2661925166888179,2.065203209053029,1.136279172902985,0.0,1,0.0,1,0,1,0,1,0,0,1,0,0,0,0,0,0,0,0,0
1,-1.4705882352941178,0.0,0.0,0.0,0.0,0.0,1,1.0,0,0,0,0,1,0,0,0,0,0,1,0,0,1,0,0,0
0,0.8235294117647058,1.7270650492391184,0.0,0.6631941883725112,0.0,0.0,0,1.0,1,0,0,0,0,0,0,0,1,0,0,0,1,0,0,0,0
0,0.0588235294117647,0.0,1.994130440711636,0.0,2.136478767179802,2.5234268430235605,0,0.0,1,1,0,0,0,0,1,0,0,0,0,0,1,0,0,0,0
0,0.1176470588235294,1.92982055571505,0.7376843479474341,0.0,0.6615863334646042,0.0,1,0.0,1,0,0,0,1,0,0,0,0,1,0,0,1,0,0,0,0
1,-0.5294117647058824,0.0,0.0,0.0,0.0,0.0,0,0.5,0,1,0,0,1,1,0,0,0,0,0,0,0,0,0,0,0
1,1.588235294117647,0.0,0.0,0.0,0.0,0.0,1,0.0,0,0,0,0,1,0,0,0,0,1,0,0,1,0,0,0,0
0,0.5294117647058824,0.0,0.0,2.3343058397570444,1.1806340026274782,1.2846619208603416,1,0.0,1,0,0,0,1,0,0,0,0,1,0,0,1,0,0,0,0
0,-0.5294117647058824,0.0,0.0,0.0,0.0,0.0,1,1.0,0,0,0,0,1,0,0,0,0,0,1,0,1,0,0,0,0
0,2.235294117647059,2.1723157525467323,0.1679487789570419,0.818036705164662,0.0,0.0,1,0.5,1,0,1,0,1,0,0,0,0,1,0,0,1,0,0,0,0
0,0.2352941176470588,0.0,0.0,0.0,1.6877005843795445,0.8973043878834545,0,0.0,1,0,0,0,1,0,0,0,0,1,0,0,0,0,0,0,0
1,0.7647058823529411,0.0,0.0,0.0,0.0,0.0,1,0.0,0,0,0,0,1,0,0,0,0,0,1,0,0,0,1,0,0
0,-0.4705882352941176,0.4793787713240882,1.5756186833844947,0.0,1.2083983062696784,1.639673275776954,1,0.0,1,0,0,0,1,0,0,0,0,1,0,0,0,0,0,0,1
0,0.0588235294117647,0.5878594958174387,0.0,2.6412011273447997,0.0,0.6200458888731157,0,0.0,1,0,0,0,1,0,0,0,0,0,1,0,0,0,1,0,0
1,0.1764705882352941,0.0,0.0,0.0,0.0,0.0,1,0.0,0,0,0,0,1,0,0,0,0,0,1,0,0,1,0,0,0
0,0.6470588235294118,0.0,1.5907562869348224,1.176490594488563,1.0386440953455376,0.0,1,0.0,1,0,0,0,1,0,0,0,0,0,1,0,0,0,1,0,0
0,-0.7058823529411765,1.5680321756628663,0.0,1.4421294589150075,1.3269806955692474,0.0,1,0.0,1,0,0,0,0,0,0,0,0,1,0,0,0,1,0,0,0
0,0.0,0.0,0.3358975579140839,0.0,0.2754115523761867,1.838852713501256,0,0.0,1,0,0,0,1,0,0,0,0,0,1,0,0,0,0,0,0
0,-1.1764705882352942,0.0,0.0,0.0,0.0,0.0,0,2.0,0,0,0,0,1,0,0,0,0,0,1,0,0,0,0,0,0
0,-0.5882352941176471,0.2939297479087193,0.8544331721773178,1.4622790421292151,1.5836525323254371,0.0,1,0.0,1,0,0,0,1,0,0,0,0,1,0,0,0,0,0,0,1
0,1.7647058823529411,1.6664156117821365,0.0,0.2210647294575037,1.3004278145230157,0.0,0,0.0,1,0,0,1,0,0,0,0,0,1,0,0,0,1,0,0,0
0,0.4705882352941176,0.0,1.603389267369877,0.0,0.0,2.1046072061209053,0,0.0,1,1,0,0,1,0,1,0,0,0,0,0,0,0,0,0,0
1,0.5882352941176471,0.0,0.0,0.0,0.0,0.0,0,0.0,0,1,0,0,1,1,0,0,0,0,0,0,0,0,0,0,0
0,0.9411764705882352,0.0,0.0,2.265979446613142,0.2754115523761867,0.0,1,1.5,1,0,0,0,1,0,0,0,0,1,0,0,0,0,0,0,0
0,0.0,1.3405773665992269,0.0,2.1662755405396323,0.5772359744023721,0.0,1,0.0,1,0,1,0,1,0,0,0,1,0,0,0,1,0,0,0,0
1,1.6470588235294117,0.0,0.0,0.0,0.0,0.0,1,1.0,0,0,1,0,1,0,0,0,0,1,0,0,0,1,0,0,0
0,-1.411764705882353,0.0,0.0,0.0,0.0,0.0,1,1.5,0,0,1,0,1,0,0,0,1,0,0,0,1,0,0,0,0
0,-0.5882352941176471,0.0,0.0,0.0,1.8800334127812588,0.0,1,0.0,1,0,0,0,1,0,0,0,0,0,1,0,0,0,1,0,0
1,-0.4705882352941176,0.0,0.0,0.0,0.0,0.0,0,0.0,0,0,0,0,1,0,0,0,0,0,1,0,0,0,0,0,0
0,0.6470588235294118,0.814550976584631,0.0,2.1121825995737984,0.0,0.2958370724829093,1,0.0,1,0,0,0,1,0,0,0,0,0,1,0,0,0,1,0,0
0,-0.2941176470588235,0.8915192755066496,0.0,0.0,1.629056941221268,0.0,0,0.0,1,0,0,1,0,0,0,0,0,1,0,0,0,0,0,0,1
0,-0.4117647058823529,0.0,0.0,0.0,0.0,0.0,1,1.5,0,0,1,0,1,0,0,0,0,1,0,0,0,0,1,0,0
0,-0.8235294117647058,1.354479006989416,0.0,2.2612310364843298,0.0,0.7292305501170816,1,0.0,1,0,1,0,1,0,0,0,1,0,0,0,1,0,0,0,0
0,-0.7647058823529411,1.1757189916348774,1.1812548049965876,0.0,1.802066053056381,0.0,1,0.0,1,0,0,1,0,0,0,0,1,0,0,0,1,0,0,0,0
1,1.5294117647058822,0.0,0.0,0.0,0.0,0.0,1,0.0,0,1,0,0,1,0,0,1,0,0,0,0,0,0,0,0,0
0,0.8823529411764706,2.2258451233212906,0.0,1.151626398894246,0.0,2.022280145978081,0,0.0,1,0,1,0,1,0,0,0,0,1,0,0,0,0,1,0,0
0,0.5882352941176471,0.7245290455462887,0.0,1.4421294589150075,1.7782484319480645,0.0,0,0.0,1,0,1,0,1,0,0,0,0,1,0,0,0,1,0,0,0
0,-0.4705882352941176,0.0,0.0,0.0,2.1536349183161434,1.3306978655176267,1,0.0,1,0,0,0,1,0,0,0,0,0,1,0,0,0,1,0,0
1,-0.1176470588235294,0.0,0.0,0.0,0.0,0.0,1,1.0,0,0,0,1,0,0,0,0,0,0,1,0,0,1,0,0,0
1,0.4117647058823529,0.0,0.0,0.0,0.0,0.0,0,0.5,0,0,0,1,0,0,0,0,0,0,1,0,0,0,1,0,0
1,-1.1764705882352942,0.0,0.0,0.0,0.0,0.0,0,2.5,0,0,0,0,1,0,0,0,0,0,1,0,0,1,0,0,0
1,-0.4117647058823529,0.0,0.0,0.0,0.0,0.0,1,0.0,0,0,0,0,1,0,0,0,0,0,1,0,0,1,0,0,0
1,0.4705882352941176,0.0,0.0,0.0,0.0,0.0,1,0.0,0,1,0,0,0,0,1,0,0,0,0,0,1,0,0,0,0
0,-1.411764705882353,0.0,0.0,0.0,0.0,0.0,0,2.0,0,0,0,1,0,0,0,0,0,0,1,0,1,0,0,0,0
0,-0.5882352941176471,0.2939297479087193,0.0,0.0,0.0,1.7570763514586227,0,0.0,1,0,0,1,0,0,0,0,0,1,0,0,0,0,1,0,0
0,-0.7058823529411765,0.9272451170768444,1.621183526677303,0.2210647294575037,2.1214210012183097,2.115151945999535,1,0.5,1,1,0,0,1,0,0,1,0,0,0,0,0,0,0,0,0
0,-0.2941176470588235,0.0,1.7119901375638198,0.0,2.157609079749715,1.918497375174464,0,1.0,1,1,0,0,0,1,0,0,0,0,0,0,0,0,0,0,0
1,1.2352941176470589,0.0,0.0,0.0,0.0,0.0,0,2.5,0,1,0,0,0,0,1,0,0,0,0,0,0,0,0,0,0
0,1.0588235294117647,0.0,1.8290065878451884,0.0,1.699946038083739,1.7252607115162957,1,2.5,1,1,0,0,1,0,1,0,0,0,0,0,0,0,0,0,0
1,0.9411764705882352,0.0,0.0,0.0,0.0,0.0,0,0.0,0,0,0,0,1,0,0,0,0,0,1,0,1,0,0,0,0
1,-0.4117647058823529,0.0,0.0,0.0,0.0,0.0,1,0.0,0,0,0,1,0,0,0,0,0,0,1,0,0,1,0,0,0
0,-1.588235294117647,0.0,0.0,0.0,0.0,0.0,0,2.5,0,1,0,0,1,0,1,0,0,0,0,0,0,0,0,0,0
0,1.8823529411764703,1.4978375647790962,1.813045355457428,0.0,0.0,0.6906959960353908,0,0.0,1,0,0,0,0,0,0,0,0,1,0,0,1,0,0,0,0
0,0.3529411764705882,1.5278041134083826,0.0,1.983291848570339,0.0,1.8638814757926343,0,0.5,1,0,1,0,1,0,0,0,0,1,0,0,0,0,0,1,0
0,-0.2352941176470588,1.1084807244933503,0.0,0.0,0.17376534287144,2.072944602123904,0,0.0,1,0,0,0,0,0,0,0,0,1,0,0,0,0,1,0,0
0,0.5882352941176471,1.6637639906086186,0.0,1.6561844778754813,0.17376534287144,0.0,0,0.0,1,0,0,1,0,0,0,0,1,0,0,0,1,0,0,0,0
0,0.8823529411764706,1.8005401112954278,0.0,1.2601661640796695,1.4340272384729982,0.0,1,1.5,1,0,1,0,1,0,0,0,0,1,0,0,0,0,0,0,0
0,-0.1764705882352941,1.1854490234153687,0.0,1.5523978407382175,1.5604370327418566,0.0,1,0.0,1,0,0,0,1,0,0,0,0,1,0,0,0,1,0,0,0
0,0.5882352941176471,1.7154588079014612,0.0,0.6206071563358557,0.0,1.9930221176457208,1,0.5,1,0,0,0,1,0,0,0,0,1,0,0,1,0,0,0,0
1,0.0588235294117647,0.0,0.0,0.0,0.0,0.0,0,0.5,0,0,0,0,1,0,0,0,0,0,1,0,0,0,1,0,0
0,0.5294117647058824,0.0,1.0493317968949574,1.4903005754954626,0.0,2.0335440055303,1,0.0,1,0,0,0,1,0,0,0,0,1,0,0,0,0,1,0,0
1,-0.8235294117647058,0.0,0.0,0.0,0.0,0.0,0,0.5,0,1,0,0,1,0,0,0,0,0,0,0,0,0,0,0,0
0,0.0588235294117647,0.4305992976375693,0.0,2.5047422422913184,0.0,0.0,0,0.0,1,0,1,0,1,0,0,1,0,0,0,0,0,0,0,0,0
0,2.117647058823529,0.0,1.6017641850170898,0.0,1.2124094382169777,0.3733048224778867,0,0.0,1,0,0,0,1,0,0,0,0,1,0,0,0,0,0,1,0
0,-0.1176470588235294,1.2373947634805726,0.8471998329243351,0.0,1.235215189542075,1.7374239246050878,1,0.0,1,0,0,0,1,0,0,0,0,1,0,0,0,1,0,0,0
1,-1.588235294117647,0.0,0.0,0.0,0.0,0.0,0,2.0,0,0,0,0,1,0,0,0,0,0,1,0,0,0,0,1,0
0,0.7647058823529411,1.779604018785548,1.992705530122448,1.206887773765796,0.6011293213528106,0.0,0,1.5,1,1,0,0,1,1,0,0,0,0,0,0,0,0,0,0,0
1,-0.7058823529411765,0.0,0.0,0.0,0.0,0.0,1,0.5,0,1,0,0,0,1,0,0,0,0,0,0,1,0,0,0,0
1,-0.1176470588235294,0.0,0.0,0.0,0.0,0.0,0,1.0,0,0,0,0,1,0,0,0,0,0,1,0,0,0,1,0,0
0,-0.0588235294117647,1.9515842876019025,0.0,0.6631941883725112,0.4491768952476266,0.0,0,0.0,1,0,0,0,1,0,0,0,0,1,0,0,0,0,0,0,1
0,0.1176470588235294,1.5365197500915346,0.5038463368711258,2.073449741196172,0.0,0.0,1,0.0,1,0,0,0,1,0,0,0,1,0,0,0,1,0,0,0,0
0,-0.0588235294117647,2.0403308844549177,2.1930169344912835,0.0,1.4043973993089356,1.7386951268465265,1,0.0,1,1,0,0,1,0,0,0,0,0,0,0,0,0,0,0,0
0,-0.4705882352941176,0.0,0.6394406102156581,1.8104813504132309,1.5487512714852003,0.2958370724829093,0,0.5,1,0,0,0,1,0,0,0,1,0,0,0,0,0,0,0,0
1,1.5294117647058822,0.0,0.0,0.0,0.0,0.0,0,0.5,0,1,0,0,0,0,1,0,0,0,0,0,0,0,0,0,0
1,0.2941176470588235,0.0,0.0,0.0,0.0,0.0,0,1.0,0,1,0,0,0,1,0,0,0,0,0,0,0,0,0,0,0
0,0.0588235294117647,0.1854490234153689,1.769549854664354,1.7068627032661057,0.0,0.4824894837218527,1,0.0,1,0,0,0,1,0,0,0,0,0,1,0,0,0,0,1,0
0,1.1176470588235294,1.627885831137117,1.3687400775294811,2.1850414817185406,0.0,1.5820160819084004,1,0.0,1,0,0,0,1,0,0,0,0,1,0,0,1,0,0,0,0
0,0.5882352941176471,1.6842756702319044,0.8876768489547547,2.0956450593841764,1.4437013802643412,0.0,0,0.0,1,0,0,0,1,0,0,0,1,0,0,0,1,0,0,0,0
0,0.5294117647058824,1.9319805749709345,1.136708293102476,0.0,0.0,1.1731854797572434,1,0.0,1,0,0,0,1,0,0,0,0,1,0,0,0,1,0,0,0
0,0.0,0.0,0.6394406102156581,2.0627366152508637,0.9704729238619468,0.0,0,0.5,1,0,0,0,1,0,0,0,0,1,0,0,0,0,1,0,0
0,-0.2941176470588235,0.8014973444683071,0.5579137673194251,0.0,0.0,1.7203278382086984,1,0.0,1,0,0,0,1,0,0,0,0,0,1,0,0,0,1,0,0
0,-0.0588235294117647,1.3063760099879926,1.619673871509976,0.0,0.0,0.7629347951689582,0,0.5,1,0,0,0,1,0,0,0,0,1,0,0,0,0,0,0,0
0,2.0,1.550714306693425,2.072929687781228,0.0,0.763232542969351,1.6912007431523666,1,0.0,1,1,0,0,1,1,0,0,0,0,0,0,0,0,0,0,0
0,1.1176470588235294,0.0,0.0,2.3651062527053197,0.9953140617275088,0.5916741449658187,0,0.0,1,0,0,0,1,0,0,0,0,0,1,0,1,0,0,0,0
0,0.1176470588235294,1.9164808884677544,0.0,0.6206071563358557,0.17376534287144,0.0,0,0.0,1,0,1,0,1,0,0,0,1,0,0,0,1,0,0,0,0
0,0.8823529411764706,0.0,1.714050514524274,0.0,1.9786555759853777,1.5211699508431822,0,1.5,1,1,0,0,0,1,0,0,0,0,0,0,0,0,0,0,0
0,0.3529411764705882,0.0,1.6007838780675017,0.0,1.2406065886978297,2.380340638306992,0,0.0,1,1,0,0,1,0,0,0,0,0,0,0,0,0,0,0,0
0,0.4117647058823529,0.9512205263134812,1.311235726043826,2.344906606075436,0.0,0.0,1,0.0,1,0,0,0,1,0,0,0,0,0,1,0,1,0,0,0,0
0,0.8823529411764706,2.0603072451461317,2.2638065645637,0.0,1.8884905829452736,1.6427091873927002,0,1.5,1,1,0,0,1,1,0,0,0,0,0,0,0,0,0,0,0
0,-1.588235294117647,0.0,0.0,0.0,0.0,0.0,0,1.5,0,0,0,0,0,0,0,0,0,0,1,0,0,0,0,0,0
1,0.2941176470588235,0.0,0.0,0.0,0.0,0.0,0,0.0,0,0,0,0,1,0,0,0,0,0,1,0,0,0,0,0,0
0,1.8235294117647056,1.0622372544996612,0.0,0.5714440358797147,1.5668087837158955,0.0,1,1.0,1,0,0,0,0,0,0,0,0,1,0,0,0,1,0,0,0
0,0.0,0.0,0.0,0.0,0.0,0.0,1,0.0,0,1,0,0,0,0,0,0,1,0,0,0,1,0,0,0,0
1,-1.2941176470588236,0.0,0.0,0.0,0.0,0.0,0,1.0,0,0,0,0,0,0,0,0,0,0,1,0,0,1,0,0,0
0,-0.6470588235294118,1.6669427969505792,0.0,0.0,0.0,0.0,1,0.0,1,0,0,0,1,0,0,0,0,1,0,0,0,0,0,0,0
0,0.0588235294117647,0.0,1.9617021197533844,0.0,1.0614498466706352,1.5712124693572562,1,0.5,1,1,0,0,1,0,1,0,0,0,0,0,0,0,0,0,0
0,1.3529411764705883,1.2852984707994712,1.532818872115787,0.0,0.6011293213528106,0.0,1,0.0,1,0,0,1,0,0,0,0,0,1,0,0,0,1,0,0,0
0,1.7647058823529411,0.0,2.001006434969441,0.8416718857933595,1.3231726669292083,2.224893119987304,0,1.5,1,1,0,0,1,0,1,0,0,0,0,0,0,0,0,0,0
0,-0.7058823529411765,1.2451502742222005,0.0,0.0,1.2947622536550285,1.491107259413648,1,0.5,1,0,0,0,1,0,0,0,0,0,1,0,0,0,0,0,0
0,0.8823529411764706,1.8871613726076832,0.0,0.2210647294575037,1.4348478297079488,0.0,0,0.5,1,0,1,0,0,0,0,0,0,1,0,0,0,0,0,1,0
0,1.6470588235294117,0.0,1.6244720257372611,2.3447020988616933,0.34753068574288,1.9379418095475955,1,2.0,1,1,0,0,1,0,1,0,0,0,0,0,0,0,0,0,0
0,-0.2941176470588235,0.0,0.7799299767247662,0.0,1.2976110388388402,1.794608775766909,0,0.0,1,0,0,0,1,0,0,0,1,0,0,0,0,0,0,0,0
1,1.5294117647058822,0.0,0.0,0.0,0.0,0.0,0,0.5,0,1,0,0,0,0,1,0,0,0,0,0,0,0,0,0,0
0,-0.5294117647058824,1.7215396693468863,0.9665263290234956,0.700758612844422,0.9704729238619468,0.9933507113510024,1,0.5,1,0,0,0,1,0,0,0,0,0,1,0,0,1,0,0,0
1,0.4705882352941176,0.0,0.0,0.0,0.0,0.0,1,0.0,0,0,0,0,1,0,0,0,0,0,1,0,0,0,1,0,0
1,-0.1176470588235294,0.0,0.0,0.0,0.0,0.0,1,0.5,0,0,1,0,1,0,0,0,0,1,0,0,1,0,0,0,0
0,-0.5882352941176471,2.338744995876101,0.0,0.0,0.17376534287144,0.8323636643738357,1,0.0,1,0,0,0,0,0,0,0,1,0,0,0,1,0,0,0,0
0,-0.1764705882352941,1.717210345328496,1.402900809791294,1.2279236817437833,1.1224253499671306,0.0,0,3.0,1,0,1,0,0,0,0,0,0,1,0,0,0,1,0,0,0
0,0.5294117647058824,1.4685454539124403,0.0,2.075835159862644,0.0,0.0,0,0.0,1,0,1,1,0,0,0,0,0,1,0,0,1,0,0,0,0
0,0.1764705882352941,0.0,1.7512544599755473,1.206887773765796,0.0,1.9622283561114784,0,0.0,1,1,0,0,1,0,0,0,1,0,0,0,0,0,0,0,0
0,-1.588235294117647,0.0,0.0,0.0,0.0,0.0,0,2.5,0,1,0,0,1,0,1,0,0,0,0,0,0,0,0,0,0
1,-1.588235294117647,0.0,0.0,0.0,0.0,0.0,0,0.5,0,0,0,0,1,0,0,0,0,0,1,0,0,1,0,0,0
1,-0.1176470588235294,0.0,0.0,0.0,0.0,0.0,1,0.0,0,0,1,0,1,0,0,0,0,1,0,0,0,0,1,0,0
1,0.4705882352941176,0.0,0.0,0.0,0.0,0.0,1,0.0,0,1,0,0,0,0,1,0,0,0,0,0,0,0,0,0,0
1,-0.7647058823529411,0.0,0.0,0.0,0.0,0.0,1,0.0,0,0,0,0,1,0,0,0,0,0,1,0,0,0,0,0,0
0,0.7058823529411765,1.6658873857735934,1.2568977217309776,1.6597085909580214,0.0,0.0,0,0.0,1,0,0,0,1,0,0,0,0,1,0,0,0,1,0,0,0
0,2.588235294117647,1.9065588992779905,0.0,0.5714440358797147,0.7102593820841355,0.95739304303974,1,0.0,1,0,1,0,1,0,0,0,1,0,0,0,1,0,0,0,0
1,0.5294117647058824,0.0,0.0,0.0,0.0,0.0,1,2.0,0,1,0,0,1,1,0,0,0,0,0,0,0,0,0,0,0
0,0.3529411764705882,1.8358260737962624,0.0,0.7647583148507885,0.34753068574288,0.2958370724829093,0,0.0,1,0,0,0,1,0,0,0,0,1,0,0,1,0,0,0,0
0,2.823529411764706,0.0,1.5028673502038523,0.0,1.2240715594718772,1.316885478558062,0,0.0,1,0,0,0,1,0,0,0,0,0,1,0,0,0,0,0,0
1,-0.7058823529411765,0.0,0.0,0.0,0.0,0.0,0,0.0,0,0,0,0,0,0,0,0,0,0,1,0,0,1,0,0,0
1,0.4705882352941176,0.0,0.0,0.0,0.0,0.0,1,0.0,0,1,0,0,0,1,0,0,0,0,0,0,0,0,0,0,0
0,0.4117647058823529,1.6986891940159818,0.0,0.0,0.0,0.0,1,0.0,1,0,0,1,0,0,0,0,0,1,0,0,0,0,1,0,0
0,-0.3529411764705882,1.808414322550016,0.0,1.8305863499985264,0.0,0.0,0,0.0,1,0,1,0,0,0,0,0,0,1,0,0,0,0,0,1,0
1,0.2941176470588235,0.0,0.0,0.0,0.0,0.0,1,0.0,0,1,0,1,0,0,1,0,0,0,0,0,0,0,0,0,0
1,0.5294117647058824,0.0,0.0,0.0,0.0,0.0,0,1.0,0,0,1,0,1,0,0,0,1,0,0,0,0,0,0,0,0
0,0.1764705882352941,0.4305992976375693,1.5648480715207504,0.0,0.0,0.3733048224778867,0,0.0,1,0,0,0,1,0,0,0,0,1,0,0,0,0,0,0,1
0,0.0,0.0,0.0,0.0,0.8765408737289972,1.9829730968277903,0,0.0,1,0,0,0,1,0,0,0,1,0,0,0,0,0,0,0,0
1,-0.8235294117647058,0.0,0.0,0.0,0.0,0.0,1,0.0,0,0,0,0,0,0,0,0,0,0,1,0,1,0,0,0,0
1,0.1764705882352941,0.0,0.0,0.0,0.0,0.0,0,2.0,0,0,0,0,0,0,1,0,0,0,0,0,0,0,0,0,0
1,-0.4705882352941176,0.0,0.0,0.0,0.0,0.0,1,0.0,0,1,0,0,0,0,1,0,0,0,0,0,0,0,0,0,0
1,0.4705882352941176,0.0,0.0,0.0,0.0,0.0,1,0.0,0,1,0,0,0,0,1,0,0,0,0,0,0,0,0,0,0
1,-0.3529411764705882,0.0,0.0,0.0,0.0,0.0,0,0.0,0,0,0,1,0,0,0,0,0,0,1,0,0,0,0,0,0
0,-0.1176470588235294,0.0,0.0,2.214978113639348,0.5508231047523734,0.1866524112389433,1,0.0,1,0,0,0,1,0,0,0,0,1,0,0,0,0,1,0,0
0,0.0,0.0,2.1704570712381326,0.0,0.69506137148576,2.101877783725899,1,0.5,1,1,0,0,0,0,1,0,0,0,0,0,0,0,0,0,0
0,-0.4705882352941176,1.5718164875017124,0.0,0.0,0.0,1.5221164632695758,1,0.0,1,0,0,0,0,0,0,0,0,1,0,0,0,0,0,0,1
1,0.8235294117647058,0.0,0.0,0.0,0.0,0.0,0,0.0,0,1,0,0,0,0,1,0,0,0,0,0,0,0,0,0,0
1,0.4117647058823529,0.0,0.0,0.0,0.0,0.0,1,0.5,0,1,0,0,1,0,0,1,0,0,0,0,0,0,0,0,0
1,-0.5294117647058824,0.0,0.0,0.0,0.0,0.0,1,0.0,0,0,0,0,1,0,0,0,0,0,1,0,0,0,0,1,0
1,0.1176470588235294,0.0,0.0,0.0,0.0,0.0,1,2.0,0,1,0,0,0,1,0,0,0,0,0,0,0,0,0,0,0
0,-1.5294117647058822,0.0,0.0,0.0,0.0,0.0,0,2.5,0,0,0,0,1,0,0,0,0,0,1,0,0,0,0,1,0
1,0.4117647058823529,0.0,0.0,0.0,0.0,0.0,1,0.5,0,0,1,0,1,0,0,0,0,1,0,0,0,0,1,0,0
0,-0.3529411764705882,0.0,0.8397438947852097,2.436196432788673,1.0921850716455084,0.0,1,0.0,1,0,0,0,1,0,0,0,0,1,0,0,0,0,0,1,0
1,1.8823529411764703,0.0,0.0,0.0,0.0,0.0,1,1.0,0,1,0,0,1,1,0,0,0,0,0,0,0,0,0,0,0
0,1.4705882352941178,1.903965537585923,0.2661925166888179,0.700758612844422,0.0,0.0,1,0.0,1,0,1,0,1,0,0,0,0,1,0,0,0,0,0,0,1
0,2.117647058823529,0.0,2.0654927003673307,0.5132964061160518,1.5677748365431337,0.0,1,0.0,1,1,0,0,0,0,0,0,0,0,0,0,0,0,0,0,0
1,-0.1764705882352941,0.0,0.0,0.0,0.0,0.0,1,2.5,0,1,0,0,0,0,1,0,0,0,0,0,0,0,0,0,0
0,-0.5294117647058824,1.5906757995740617,0.3899649883623831,0.0,0.0,1.5916741449658185,1,0.5,1,0,0,0,1,0,0,0,0,0,1,0,0,1,0,0,0
0,-0.4117647058823529,0.0,0.0,0.4421294589150075,1.4298835011809303,1.2205497595676964,0,0.0,1,0,0,0,1,0,0,0,0,0,1,0,0,0,0,0,0
0,1.6470588235294117,1.585013230820389,0.1679487789570419,0.2210647294575037,1.556433907386546,0.0,1,0.0,1,0,0,0,1,0,0,0,0,1,0,0,1,0,0,0,0
0,-0.1764705882352941,0.0,0.3899649883623831,1.8561931643135496,1.4340272384729982,0.0,1,0.0,1,0,0,0,1,0,0,0,0,1,0,0,0,0,0,1,0
0,-0.3529411764705882,1.674216350549638,0.0,0.5132964061160518,1.3959305022934676,0.1866524112389433,0,0.0,1,0,0,0,1,0,0,0,1,0,0,0,0,0,0,0,0
0,-0.1764705882352941,0.8611985952751386,1.2514218079833823,0.0,1.562906908862694,0.7466096449557734,0,0.5,1,0,0,0,1,0,0,0,0,1,0,0,0,0,0,0,1
1,-1.588235294117647,0.0,0.0,0.0,0.0,0.0,0,1.0,0,0,0,0,1,0,0,0,0,0,1,0,0,0,0,0,0
0,1.1176470588235294,1.421529059992742,1.4984122914306115,0.0,2.024002740262593,2.1053665127897454,1,0.5,1,1,0,0,0,0,1,0,0,0,0,0,0,0,0,0,0
1,0.0,0.0,0.0,0.0,0.0,0.0,1,0.0,0,0,1,0,1,0,0,0,0,1,0,0,1,0,0,0,0
0,1.5294117647058822,0.3708980468307378,1.8704440585293032,0.0,1.1442382667333866,0.6906959960353908,0,0.0,1,0,0,0,1,0,0,0,1,0,0,0,1,0,0,0,0
1,-0.7647058823529411,0.0,0.0,0.0,0.0,0.0,0,0.5,0,0,0,1,0,0,0,0,0,0,1,0,0,1,0,0,0
0,-0.0588235294117647,1.689651212249959,1.2751438886929745,1.095198067035038,0.0,0.1866524112389433,0,0.5,1,0,0,0,1,0,0,0,0,1,0,0,1,0,0,0,0
0,0.9411764705882352,0.0,1.1698949650871495,0.0,2.077729936000866,1.4086460483038503,1,1.0,1,1,0,0,1,0,0,0,0,0,0,0,0,0,0,0,0
1,-0.4705882352941176,0.0,0.0,0.0,0.0,0.0,1,0.0,0,0,0,1,0,0,0,0,0,0,1,0,0,0,0,0,0
0,-0.8235294117647058,0.0,1.6737413019582752,0.0,0.0,0.4333934776341722,1,0.0,1,0,0,0,1,0,0,0,0,1,0,0,0,0,0,1,0
1,0.2941176470588235,0.0,0.0,0.0,0.0,0.0,0,0.0,0,1,0,0,1,0,1,0,0,0,0,0,0,0,0,0,0
0,-0.4705882352941176,0.0,0.0,2.189398960806752,0.4034706315309319,0.0,1,0.0,1,0,0,0,1,0,0,0,0,1,0,0,0,0,0,0,0
1,-0.3529411764705882,0.0,0.0,0.0,0.0,0.0,0,0.0,0,0,0,1,0,0,0,0,0,0,1,0,0,0,0,1,0
0,-0.4705882352941176,1.7141375884934038,0.0,1.0265928122321035,0.17376534287144,1.2025909389764322,1,0.0,1,0,0,0,1,0,0,0,0,1,0,0,0,0,1,0,0
0,-0.1176470588235294,0.0,0.6214843322659369,2.152000948542584,0.7510013172738119,1.2506532297522208,1,0.0,1,0,0,0,0,0,0,0,1,0,0,0,1,0,0,0,0
1,0.1764705882352941,0.0,0.0,0.0,0.0,0.0,1,0.0,0,1,0,0,0,0,0,0,1,0,0,0,0,1,0,0,0
1,1.588235294117647,0.0,0.0,0.0,0.0,0.0,1,1.0,0,1,0,0,0,1,0,0,0,0,0,0,0,0,0,0,0
1,-0.2352941176470588,0.0,0.0,0.0,0.0,0.0,0,0.5,0,1,0,0,0,0,1,0,0,0,0,0,0,0,0,0,0
0,-0.2941176470588235,0.0,0.0,0.0,0.0,1.988379200765476,0,0.0,1,0,0,0,1,0,0,0,1,0,0,0,0,0,0,0,0
0,0.5294117647058824,0.0,1.529765560616247,0.0,2.148410541836224,0.8443337464867926,1,2.0,1,1,0,0,1,0,1,0,0,0,0,0,0,0,0,0,0
1,-0.2941176470588235,0.0,0.0,0.0,0.0,0.0,0,0.5,0,1,0,0,0,1,0,0,0,0,0,0,0,0,0,0,0
1,-0.3529411764705882,0.0,0.0,0.0,0.0,0.0,0,0.0,0,0,0,1,0,0,0,0,0,0,1,0,0,0,0,1,0
1,0.4117647058823529,0.0,0.0,0.0,0.0,0.0,0,0.0,0,0,1,0,1,0,0,0,0,1,0,0,1,0,0,0,0
0,0.5294117647058824,0.0,1.179398099585362,0.0,1.2990233828473623,1.642104737064686,1,0.0,1,0,0,0,1,0,0,0,0,1,0,0,0,0,0,1,0
1,0.4117647058823529,0.0,0.0,0.0,0.0,0.0,0,0.5,0,1,0,0,1,1,0,0,0,0,0,0,0,0,0,0,0
0,-0.6470588235294118,0.0,0.0,2.061744611375177,0.8840247249555756,0.915882961356025,1,1.0,1,0,0,0,1,0,0,0,0,1,0,0,0,0,1,0,0
1,-0.3529411764705882,0.0,0.0,0.0,0.0,0.0,1,0.5,0,0,0,0,1,0,0,0,0,0,1,0,1,0,0,0,0
1,-0.2941176470588235,0.0,0.0,0.0,0.0,0.0,0,0.0,0,0,0,0,1,0,0,0,0,0,1,0,0,1,0,0,0
1,-0.4705882352941176,0.0,0.0,0.0,0.0,0.0,0,0.5,0,1,0,0,1,0,1,0,0,0,0,0,0,0,0,0,0
1,1.3529411764705883,0.0,0.0,0.0,0.0,0.0,1,0.0,0,0,1,0,1,0,0,0,0,1,0,0,0,0,0,0,1
0,-0.1176470588235294,1.7715331551441948,0.0,1.499119450424344,1.4817799657864053,0.0,1,0.0,1,0,1,0,1,0,0,0,0,1,0,0,0,0,1,0,0
0,-0.4705882352941176,1.718950490561601,0.0,1.2279236817437833,0.0,0.7292305501170816,1,0.0,1,0,0,0,0,0,0,0,0,1,0,0,1,0,0,0,0
0,-0.4117647058823529,0.0,0.0,0.0,0.0,0.0,1,1.0,0,1,0,0,0,0,0,0,0,0,0,0,0,0,0,0,0
0,-0.5882352941176471,1.8043486650938263,0.0,1.8274949301016516,1.3059681593182528,0.0,0,1.0,1,0,1,0,1,0,0,0,0,1,0,0,0,0,0,0,0
0,-0.4705882352941176,1.7609970412301472,1.003876864636252,0.6631941883725112,0.0,0.0,0,0.0,1,0,0,0,1,0,0,0,0,1,0,0,1,0,0,0,0
0,-0.2352941176470588,1.6886818402242196,0.0,2.1066209873363886,0.0,0.0,1,0.0,1,0,0,0,1,0,0,0,0,1,0,0,0,0,0,0,1
0,2.7058823529411766,1.7884437123519832,0.0,1.6751022538532123,1.0614498466706352,0.0,1,0.0,1,0,1,0,1,0,0,1,0,0,0,0,0,0,0,0,0
0,-0.3529411764705882,0.0,0.0,0.0,0.9486600070956904,1.751491032543505,0,0.0,1,0,0,0,1,0,0,0,0,0,1,0,0,0,1,0,0
1,-0.2352941176470588,0.0,0.0,0.0,0.0,0.0,0,0.0,0,0,0,0,0,0,0,0,0,1,0,0,0,0,0,0,0
1,0.4705882352941176,0.0,0.0,0.0,0.0,0.0,0,0.0,0,0,1,0,1,0,0,0,0,1,0,0,1,0,0,0,0
1,-0.2941176470588235,0.0,0.0,0.0,0.0,0.0,0,0.0,0,0,0,1,0,0,0,0,0,0,1,0,0,0,0,1,0
1,0.0,0.0,0.0,0.0,0.0,0.0,1,0.0,0,1,0,0,0,1,0,0,0,0,0,0,0,0,0,0,0
1,-0.5294117647058824,0.0,0.0,0.0,0.0,0.0,1,0.5,0,0,1,0,1,0,0,0,0,1,0,0,0,0,1,0,0
1,0.8823529411764706,0.0,0.0,0.0,0.0,0.0,0,0.0,0,0,0,0,1,0,0,0,0,0,1,0,1,0,0,0,0
0,0.6470588235294118,2.1767394132982654,0.0,1.6225819551463476,0.8441487332812818,1.2891877838339116,1,0.0,1,0,1,0,1,0,0,1,0,0,0,0,0,0,0,0,0
1,-1.411764705882353,0.0,0.0,0.0,0.0,0.0,0,3.0,0,0,0,0,1,0,0,0,0,0,1,0,0,0,0,1,0
0,1.3529411764705883,0.4793787713240882,1.6226838340746963,0.0,1.4381035949291705,1.77612831944174,0,1.0,1,1,0,0,1,0,0,1,0,0,0,0,0,0,0,0,0
1,0.5882352941176471,0.0,0.0,0.0,0.0,0.0,0,0.0,0,0,0,0,0,0,0,0,0,0,1,0,0,0,1,0,0
1,0.2941176470588235,0.0,0.0,0.0,0.0,0.0,1,1.0,0,1,0,0,1,0,1,0,0,0,0,0,0,0,0,0,0
1,-1.1176470588235294,0.0,0.0,0.0,0.0,0.0,1,1.0,0,0,1,0,1,0,0,0,0,1,0,0,0,0,1,0,0
0,-0.5882352941176471,1.018458793455008,1.7777315273021954,0.7647583148507885,0.9905388621407616,0.0,1,0.5,1,0,0,0,0,0,0,0,1,0,0,0,0,0,0,0,0
0,0.4117647058823529,1.7891117436264363,0.0,1.757103651679155,0.17376534287144,0.0,0,1.5,1,0,1,0,1,0,0,0,1,0,0,0,1,0,0,0,0
1,-0.8235294117647058,0.0,0.0,0.0,0.0,0.0,1,0.0,0,0,0,0,1,0,0,0,0,0,1,0,0,0,0,0,0
0,0.0,0.0,0.1679487789570419,0.9709864627580668,0.0,1.943728762697566,0,0.0,1,0,0,0,1,0,0,0,0,1,0,0,0,0,0,1,0
0,-0.5882352941176471,1.9537565300063109,0.5810073162355173,0.0,0.0,0.0,1,0.0,1,0,1,0,1,0,0,0,0,1,0,0,0,0,0,0,0
0,0.0588235294117647,0.0,0.5038463368711258,0.9218233423019256,0.0,2.0069577742380464,0,0.0,1,0,0,1,0,0,0,0,0,0,1,0,0,0,1,0,0
0,0.3529411764705882,0.0,1.7278087324065745,0.0,2.1256229080700804,1.8899328390569885,0,0.0,1,1,0,0,0,0,0,0,1,0,0,0,0,0,0,0,0
0,1.6470588235294117,0.7245290455462887,0.0,0.0,2.0649906360102466,0.1866524112389433,0,0.5,1,0,1,0,0,0,0,1,0,0,0,0,0,0,0,0,0
0,0.1764705882352941,1.4978375647790962,1.1084473030682285,1.7647583148507884,0.0,0.0,0,0.0,1,0,1,0,1,0,0,0,0,1,0,0,0,0,0,0,0
0,0.1176470588235294,0.2939297479087193,1.4565232467802194,2.683485234879748,1.822073725117981,0.6200458888731157,1,0.0,1,1,0,0,1,0,1,0,0,0,0,0,0,0,0,0,0
0,-0.3529411764705882,0.0,1.6424919242388842,1.4092963671716263,1.476285161733096,2.0161649106916077,0,0.5,1,1,0,0,0,0,1,0,0,0,0,0,0,0,0,0,0
0,-0.1176470588235294,1.2501984690150425,0.9328864152476568,0.0,0.0,1.814466603465132,0,1.0,1,0,0,0,1,0,0,0,1,0,0,0,0,0,0,0,0
0,0.0588235294117647,0.0,1.4535355533088947,0.0,1.2315554106984556,2.45214073368355,0,0.0,1,1,0,0,1,1,0,0,0,0,0,0,0,0,0,0,0
1,1.6470588235294117,0.0,0.0,0.0,0.0,0.0,0,0.0,0,0,1,0,1,0,0,0,0,1,0,0,0,0,0,0,1
0,-0.3529411764705882,1.843012669142528,0.2661925166888179,1.3549682919094117,0.0,0.0,0,0.0,1,0,1,0,1,0,0,1,0,0,0,0,0,0,0,0,0
0,-0.9411764705882352,0.0,0.0,0.0,0.0,0.0,1,1.0,0,0,0,0,1,0,0,0,0,0,1,0,0,0,0,0,0
0,-0.2941176470588235,0.0,0.0,2.165917394529054,0.0,0.0,1,0.5,1,0,0,0,1,0,0,0,0,0,1,0,0,1,0,0,0
0,2.117647058823529,0.0,2.0264284334677902,0.9390669465144929,0.4034706315309319,1.8235637909269136,0,0.5,1,1,0,0,1,0,1,0,0,0,0,0,0,0,0,0,0
0,-0.0588235294117647,0.0,1.4703726658946217,1.0739282543975717,2.331511925357086,0.887511217448728,1,2.0,1,1,0,0,0,0,1,0,0,0,0,0,0,0,0,0,0
0,1.0588235294117647,1.8330097700396395,1.3762994075500663,0.350379306422211,0.0,0.0,0,0.0,1,0,1,0,1,0,0,0,0,1,0,0,0,0,1,0,0
0,-0.2352941176470588,0.0,0.0,0.818036705164662,1.651780603938134,0.806698300112059,0,1.0,1,0,0,0,1,0,0,0,0,1,0,0,0,0,0,1,0
1,-1.3529411764705883,0.0,0.0,0.0,0.0,0.0,1,1.5,0,0,0,0,1,0,0,0,0,0,1,0,1,0,0,0,0
0,0.6470588235294118,0.0,1.6620769433896825,0.0,0.0,2.017068544116972,0,1.5,1,1,0,0,1,1,0,0,0,0,0,0,0,0,0,0,0
0,0.1176470588235294,0.8716919553520774,0.0,0.350379306422211,0.0,1.7474293792510958,1,0.0,1,0,0,1,0,0,0,0,0,1,0,0,0,0,1,0,0
0,2.176470588235294,0.0,1.5594719647829225,2.3954685401288,0.0,0.0,0,0.5,1,0,0,0,1,0,0,0,0,1,0,0,0,0,0,1,0
0,1.0588235294117647,0.0,1.596489443476537,0.0,1.4143719315692695,1.921944238339374,1,0.5,1,1,0,0,0,0,1,0,0,0,0,0,0,0,0,0,0
0,0.0,1.767946688752817,1.070680088297711,0.6206071563358557,0.0,0.1866524112389433,1,0.0,1,0,0,0,1,0,0,0,0,1,0,0,1,0,0,0,0
0,0.4705882352941176,0.0,0.0,0.0,1.7022121814105118,0.0,1,0.5,1,0,0,0,1,0,0,0,0,1,0,0,1,0,0,0,0
0,1.2941176470588236,1.8917466842635784,0.0,0.9709864627580668,1.1643042050122017,0.0,1,0.0,1,0,1,0,1,0,0,0,1,0,0,0,1,0,0,0,0
0,0.6470588235294118,0.0,1.8964350001587795,1.2279236817437833,2.3328828204892296,0.4824894837218527,0,1.0,1,0,0,0,0,0,0,0,0,0,0,0,0,0,0,0,0
0,0.3529411764705882,1.018458793455008,1.5621749284208908,0.9390669465144929,1.1468361179442663,0.0,1,0.0,1,0,0,0,1,0,0,0,1,0,0,0,0,0,0,0,0
0,-0.2941176470588235,1.9415848505157765,0.0,0.0,0.0,0.0,0,0.0,1,0,0,0,1,0,0,0,0,1,0,0,0,1,0,0,0
1,0.0588235294117647,0.0,0.0,0.0,0.0,0.0,0,0.0,0,0,0,0,1,0,0,0,0,0,1,0,0,0,1,0,0
1,0.0588235294117647,0.0,0.0,0.0,0.0,0.0,1,0.0,0,0,0,0,1,0,0,0,0,0,1,0,0,1,0,0,0
0,-0.2352941176470588,0.0,1.4918290540515768,1.529516629701577,0.6615863334646042,0.5239995654055677,1,0.0,1,0,0,1,0,0,0,0,0,1,0,0,0,0,0,0,1
0,-0.2941176470588235,0.0,0.0,1.852385011738668,1.5275994335684415,0.0,1,0.0,1,0,0,0,1,0,0,0,0,0,1,0,0,0,0,0,0
0,1.2941176470588236,0.0,0.0,0.0,0.0,0.0,0,2.0,0,0,1,1,0,0,0,0,1,0,0,0,1,0,0,0,0
0,-1.3529411764705883,0.0,0.0,0.0,0.0,0.0,0,2.5,0,1,0,0,1,0,1,0,0,0,0,0,0,0,0,0,0
0,1.411764705882353,0.0,1.7460970782984373,0.0,0.9486600070956904,0.0,0,0.0,1,0,0,0,1,0,0,0,0,1,0,0,1,0,0,0,0
0,1.411764705882353,1.7950501316217826,0.3899649883623831,1.445577373457249,0.9184197287740684,0.0,0,0.5,1,0,1,0,1,0,0,0,1,0,0,0,0,0,0,0,0
0,-1.588235294117647,0.0,0.0,0.0,0.0,0.0,0,2.0,0,0,0,0,1,0,0,0,0,0,1,0,0,0,1,0,0
0,0.9411764705882352,1.3043414269023128,0.0,2.1590350709182973,0.8688267143571999,0.887511217448728,1,0.0,1,0,1,0,1,0,0,1,0,0,0,0,0,0,0,0,0
1,1.6470588235294117,0.0,0.0,0.0,0.0,0.0,1,0.5,0,1,0,0,0,0,0,1,0,0,0,0,0,0,0,0,0
0,-0.2352941176470588,1.5814122829709143,1.2528024320636848,1.7734625701957212,0.17376534287144,1.2454242788908108,1,0.0,1,0,0,0,1,0,0,0,1,0,0,0,0,0,0,0,0
1,-0.8235294117647058,0.0,0.0,0.0,0.0,0.0,1,0.0,0,0,1,0,1,0,0,0,0,1,0,0,0,0,0,1,0
0,0.0588235294117647,2.127505155339634,0.0,0.0,0.0,0.0,1,0.0,1,0,0,0,0,0,0,0,0,1,0,0,1,0,0,0,0
0,1.3529411764705883,1.421529059992742,0.0,2.23607938797384,0.0,0.0,1,0.0,1,0,1,0,1,0,0,0,0,1,0,0,0,0,0,0,0
0,0.5882352941176471,0.0,1.3035430523015743,0.0,2.154100280243798,2.187532028231536,1,0.0,1,1,0,0,1,1,0,0,0,0,0,0,0,0,0,0,0
0,0.5294117647058824,1.78676630004595,1.4341412956458597,0.0,1.3621819340777568,0.1866524112389433,0,0.5,1,0,0,0,1,0,0,0,0,1,0,0,0,0,0,0,1
1,0.0,0.0,0.0,0.0,0.0,0.0,1,0.0,0,0,1,0,1,0,0,0,1,0,0,0,0,0,0,0,0
1,1.1764705882352942,0.0,0.0,0.0,0.0,0.0,1,1.0,0,1,0,0,1,1,0,0,0,0,0,0,0,0,0,0,0
0,0.2352941176470588,0.7245290455462887,0.4341412956458598,0.0,1.6745113813121275,0.0,0,0.0,1,0,0,0,1,0,0,0,0,1,0,0,0,0,0,0,0
0,1.6470588235294117,1.2671527802314777,1.8950781229378613,1.1920511922155703,0.0,2.093293014846227,1,0.0,1,1,0,0,0,0,0,0,0,0,0,0,0,0,0,0,0
0,0.1764705882352941,1.711920952894158,0.8397438947852097,0.2210647294575037,1.6275421910028092,1.4157515399165694,1,1.0,1,0,1,1,0,0,0,0,0,1,0,0,0,0,1,0,0
0,0.0588235294117647,0.0,1.625065168923369,1.3004448942022404,0.0,0.8773484072743342,1,0.0,1,0,0,0,1,0,0,0,0,1,0,0,0,0,0,1,0
0,0.8235294117647058,0.0,1.7819536860903853,0.0,0.2754115523761867,0.7629347951689582,0,0.5,1,1,0,0,1,0,0,1,0,0,0,0,0,0,0,0,0
0,0.4117647058823529,1.7718891716789889,0.0,1.666642102914753,0.0,1.1731854797572434,0,0.5,1,0,1,0,1,0,0,0,1,0,0,0,1,0,0,0,0
0,0.9411764705882352,0.0,0.0,0.0,0.0,0.0,1,1.5,0,1,0,0,1,1,0,0,0,0,0,0,0,0,0,0,0
1,0.4705882352941176,0.0,0.0,0.0,0.0,0.0,0,1.0,0,0,1,0,0,0,0,0,0,1,0,0,0,0,0,1,0
0,-0.5294117647058824,0.0,0.0,0.0,1.8441487332812816,1.4584611002341632,1,0.0,1,0,0,0,1,0,0,0,0,0,1,0,0,1,0,0,0
1,1.7647058823529411,0.0,0.0,0.0,0.0,0.0,1,3.0,0,0,0,0,1,0,0,0,0,0,1,0,1,0,0,0,0
0,-0.2352941176470588,0.7245290455462887,0.0,1.9397959273779384,1.1643042050122017,1.5648386213045615,1,0.5,1,0,0,0,1,0,0,0,0,0,1,0,0,1,0,0,0
1,2.176470588235294,0.0,0.0,0.0,0.0,0.0,1,0.0,0,1,0,0,1,0,1,0,0,0,0,0,0,0,0,0,0
0,0.1176470588235294,1.8081037637381063,1.3868182055549536,0.9390669465144929,1.81890706745316,0.0,0,0.0,1,0,1,0,1,0,0,0,0,1,0,0,1,0,0,0,0
0,-0.2352941176470588,1.9626223639574385,0.0,2.15461055155616,1.4282066360762538,0.0,0,1.5,1,0,1,0,1,0,0,0,0,1,0,0,0,0,0,1,0
1,-0.1176470588235294,0.0,0.0,0.0,0.0,0.0,1,0.0,0,1,0,0,0,1,0,0,0,0,0,0,0,0,0,0,0
1,-0.0588235294117647,0.0,0.0,0.0,0.0,0.0,1,3.0,0,0,1,0,1,0,0,0,0,1,0,0,1,0,0,0,0
0,0.2352941176470588,0.0,2.1607192598560547,0.0,1.4824584246536634,1.6457112531348923,1,0.0,1,1,0,0,1,1,0,0,0,0,0,0,0,0,0,0,0
1,-1.588235294117647,0.0,0.0,0.0,0.0,0.0,0,2.0,0,0,0,0,1,0,0,0,0,0,1,0,0,0,1,0,0
0,-0.4117647058823529,0.0,1.4887292394426157,0.0,0.4491768952476266,1.4572616216002845,0,1.0,1,0,0,0,1,0,0,0,0,1,0,0,0,0,0,0,0
1,-1.4705882352941178,0.0,0.0,0.0,0.0,0.0,0,1.5,0,0,1,0,1,0,0,0,0,1,0,0,0,0,1,0,0
0,-0.4705882352941176,0.0,0.0,2.4365033904532774,0.0,0.0,0,0.0,1,0,0,0,1,0,0,0,0,1,0,0,0,0,0,0,0
0,-0.4705882352941176,0.0,1.6844065435787738,0.0,0.2754115523761867,0.4333934776341722,1,0.0,1,0,0,0,1,0,0,0,0,1,0,0,0,0,0,1,0
1,0.2941176470588235,0.0,0.0,0.0,0.0,0.0,0,2.0,0,1,0,0,1,0,0,0,1,0,0,0,1,0,0,0,0
0,0.6470588235294118,0.0,1.411633245694954,0.0,1.5337482242654958,0.0,1,0.0,1,0,0,0,1,0,0,0,1,0,0,0,1,0,0,0,0
1,1.1764705882352942,0.0,0.0,0.0,0.0,0.0,1,0.0,0,0,0,0,0,0,0,0,0,0,1,0,0,0,0,1,0
0,-0.2941176470588235,1.3676938601931248,0.8749213317910346,0.0,2.0108519077815648,1.7025562252083573,1,0.5,1,1,0,0,1,0,1,0,0,0,0,0,0,0,0,0,0
1,0.6470588235294118,0.0,0.0,0.0,0.0,0.0,0,3.0,0,0,0,1,0,0,0,0,0,0,1,0,0,0,0,0,0
0,0.4117647058823529,1.1790018105688445,0.0,1.9775221215661771,1.2063684134102186,0.0,0,0.0,1,0,1,0,1,0,0,0,0,1,0,0,0,0,0,0,1
1,-0.1176470588235294,0.0,0.0,0.0,0.0,0.0,0,0.0,0,1,0,0,1,0,0,0,1,0,0,0,1,0,0,0,0
0,0.0,1.336986086014533,0.0,2.209086209770013,0.0,0.0,1,0.0,1,0,1,0,1,0,0,0,0,1,0,0,0,0,0,0,0
1,-0.8235294117647058,0.0,0.0,0.0,0.0,0.0,1,1.0,0,1,0,0,1,0,1,0,0,0,0,0,0,0,0,0,0
1,-0.4705882352941176,0.0,0.0,0.0,0.0,0.0,0,0.0,0,0,0,1,0,0,0,0,0,0,1,0,0,0,0,1,0
0,-0.2352941176470588,0.1854490234153689,0.0,2.1234327309698964,0.5508231047523734,0.0,1,0.0,1,0,0,0,1,0,0,0,0,1,0,0,0,1,0,0,0
0,-1.5294117647058822,0.0,0.0,0.0,0.0,0.0,0,1.0,0,0,1,0,1,0,0,0,0,1,0,0,0,0,0,0,1
0,2.176470588235294,0.0,0.0,0.0,1.5881372744407096,1.5735642966038743,0,0.0,1,0,0,0,1,0,0,0,0,0,1,0,0,0,0,1,0
0,-0.5294117647058824,1.4135020663395206,0.0,2.109199942000147,0.0,0.0,0,0.0,1,0,1,0,1,0,0,0,0,1,0,0,0,0,0,0,1
0,-0.2352941176470588,0.0,0.0,0.0,1.6622486598695227,0.0,1,0.0,1,0,0,0,1,0,0,0,0,0,1,0,1,0,0,0,0
0,-0.4705882352941176,0.0,0.0,0.0,0.0,0.0,0,0.5,0,0,0,0,1,0,0,0,0,0,1,0,0,0,1,0,0
1,0.9411764705882352,0.0,0.0,0.0,0.0,0.0,0,0.5,0,0,1,0,1,0,0,0,0,1,0,0,0,1,0,0,0
0,0.0,0.0,0.0,0.0,0.9052224502512914,1.637835162782837,0,0.0,1,0,0,0,0,0,0,0,0,0,1,0,0,1,0,0,0
1,0.3529411764705882,0.0,0.0,0.0,0.0,0.0,1,0.5,0,1,0,0,1,1,0,0,0,0,0,0,0,0,0,0,0
1,-1.5294117647058822,0.0,0.0,0.0,0.0,0.0,1,1.0,0,0,1,0,1,0,0,0,0,1,0,0,0,1,0,0,0
0,-0.2352941176470588,0.1854490234153689,0.7985775500664537,2.4092963671716268,1.4452780546340924,0.0,0,0.0,1,0,0,0,0,0,0,0,0,1,0,0,0,0,0,0,1
0,0.7647058823529411,1.739797978426519,0.3899649883623831,1.4131159216730742,0.0,1.0587718676518676,1,0.0,1,0,0,0,1,0,0,0,0,1,0,0,0,1,0,0,0
1,0.1176470588235294,0.0,0.0,0.0,0.0,0.0,1,0.0,0,0,0,1,0,0,0,0,0,0,1,0,0,0,1,0,0
0,-0.1176470588235294,1.32591362097899,0.3358975579140839,2.0612474499511912,0.0,1.242771227794443,0,0.0,1,0,0,0,1,0,0,0,0,0,1,0,0,1,0,0,0
0,0.2941176470588235,0.0,2.09782315288303,0.0,1.0264128696499986,1.2958370724829091,1,0.5,1,1,0,0,0,0,0,1,0,0,0,0,0,0,0,0,0
0,0.5882352941176471,0.0,1.9843791974413136,1.1246585966261096,2.223578697976495,0.1866524112389433,1,2.0,1,1,0,0,1,1,0,0,0,0,0,0,0,0,0,0,0
0,-0.9411764705882352,0.0,0.0,0.0,0.0,0.0,0,2.5,0,0,0,0,1,0,0,0,0,0,1,0,0,1,0,0,0
0,-0.4117647058823529,1.690617084730084,1.2788812204313162,0.0,1.971919496822374,0.0,1,0.0,1,0,0,0,0,0,0,0,0,1,0,0,0,0,0,0,0
0,0.0,0.1854490234153689,0.1679487789570419,2.454110115493986,1.4844828534082737,0.0,0,1.0,1,0,1,0,1,0,0,0,0,1,0,0,0,0,1,0,0
0,0.0,0.0,0.0,0.0,0.0,0.0,0,0.0,0,0,1,0,1,0,0,0,1,0,0,0,1,0,0,0,0
0,-0.5294117647058824,2.2444212645438557,1.554370747513594,2.318935401424861,0.4034706315309319,0.0,1,1.0,1,0,1,0,1,0,0,0,0,1,0,0,0,0,1,0,0
0,2.7058823529411766,2.006443601624841,0.0,1.234638224252226,0.0,0.0,0,0.0,1,0,0,1,0,0,0,0,0,0,1,0,0,0,0,1,0
1,0.5294117647058824,0.0,0.0,0.0,0.0,0.0,0,0.0,0,0,1,0,1,0,0,0,0,1,0,0,0,1,0,0,0
1,-0.5294117647058824,0.0,0.0,0.0,0.0,0.0,1,0.0,0,0,0,0,1,0,0,0,0,0,1,0,0,0,0,1,0
1,0.1764705882352941,0.0,0.0,0.0,0.0,0.0,1,2.0,0,1,0,0,0,0,1,0,0,0,0,0,0,0,0,0,0
0,1.2352941176470589,0.0,1.5934711486203208,0.0,0.0,0.6457112531348923,1,0.0,1,0,0,0,0,0,0,0,0,1,0,0,0,0,0,0,1
0,-0.4705882352941176,0.0,1.850960123649017,0.0,0.0,0.0,0,0.0,1,0,0,0,1,0,0,0,0,1,0,0,0,0,1,0,0
0,-0.9411764705882352,0.0,0.0,0.0,0.0,0.0,0,0.0,0,0,0,0,1,0,0,0,0,0,1,0,0,1,0,0,0
0,1.3529411764705883,1.7823551626815424,0.2661925166888179,0.0,1.0346329633982383,0.0,0,0.5,1,0,0,1,0,0,0,0,1,0,0,0,1,0,0,0,0
1,-0.8235294117647058,0.0,0.0,0.0,0.0,0.0,0,0.5,0,0,0,0,1,0,0,0,0,0,1,0,0,1,0,0,0
0,-0.1764705882352941,0.0,0.0,0.0,1.654524165093447,0.8323636643738357,0,0.0,1,0,0,0,0,0,0,0,0,0,1,0,0,1,0,0,0
0,0.2941176470588235,2.153936597844037,0.2661925166888179,0.0,0.0,0.0,0,0.0,1,0,0,0,1,0,0,0,0,1,0,0,0,0,0,1,0
1,0.4705882352941176,0.0,0.0,0.0,0.0,0.0,1,0.0,0,1,0,0,1,0,0,1,0,0,0,0,0,0,0,0,0
0,1.588235294117647,0.0,0.0,0.0,0.0,0.0,0,0.0,0,0,0,0,1,0,0,0,0,0,1,0,0,0,0,0,0
0,-1.3529411764705883,0.0,0.0,0.0,0.0,0.0,0,1.5,0,0,1,0,1,0,0,0,0,1,0,0,1,0,0,0,0
0,2.235294117647059,1.9421502886686537,0.0,1.4168902732846578,0.0,0.0,0,0.0,1,0,1,0,1,0,0,0,0,1,0,0,0,0,1,0,0
1,-0.4705882352941176,0.0,0.0,0.0,0.0,0.0,0,0.0,0,0,1,0,1,0,0,0,0,1,0,0,0,1,0,0,0
0,-0.3529411764705882,1.8639868822364676,0.0,1.4421294589150075,0.0,0.0,1,0.0,1,0,1,0,1,0,0,0,0,1,0,0,0,1,0,0,0
0,-0.1764705882352941,0.1854490234153689,1.4897669235576565,0.5132964061160518,0.0,1.5712124693572562,0,1.5,1,0,0,0,1,0,0,0,0,0,1,0,1,0,0,0,0
1,-0.7058823529411765,0.0,0.0,0.0,0.0,0.0,1,0.5,0,0,0,0,0,0,0,0,0,1,0,0,0,0,0,0,1
0,1.0,1.5740616451783565,1.3852293548090413,0.0,0.0,1.3148531480956882,0,0.0,1,0,0,0,1,0,0,0,1,0,0,0,1,0,0,0,0
0,0.1176470588235294,0.0,2.0167421067257405,0.0,1.6479585002658956,2.168256851966308,1,0.0,1,1,0,0,1,0,1,0,0,0,0,0,0,0,0,0,0
1,0.6470588235294118,0.0,0.0,0.0,0.0,0.0,1,0.0,0,0,0,1,0,0,0,0,0,0,1,0,0,0,0,0,0
0,0.6470588235294118,1.1656217032607967,1.244398160539701,0.0,0.0,1.6573956243371584,0,0.0,1,0,0,0,1,0,0,0,0,1,0,0,1,0,0,0,0
1,1.8235294117647056,0.0,0.0,0.0,0.0,0.0,0,0.0,0,0,0,0,1,0,0,0,0,0,1,0,0,0,0,1,0
0,0.2941176470588235,0.0,1.5503723255828266,1.401517225688844,0.0,0.7928859131524942,1,0.0,1,0,0,0,1,0,0,0,0,1,0,0,1,0,0,0,0
0,0.0588235294117647,1.203907816870377,0.3358975579140839,2.024924478930458,1.3930434408444556,0.0,0,0.0,1,0,0,0,1,0,0,0,0,1,0,0,0,0,1,0,0
1,-0.5882352941176471,0.0,0.0,0.0,0.0,0.0,1,1.0,0,1,0,0,1,1,0,0,0,0,0,0,1,0,0,0,0
0,-0.2352941176470588,1.2009184406709743,0.0,2.033180220024411,0.0,0.0,1,0.0,1,0,0,0,1,0,0,0,0,0,1,0,0,0,1,0,0
0,1.7647058823529411,0.0,0.0,0.0,0.0,0.0,0,1.0,0,1,0,0,1,0,0,1,0,0,0,0,0,0,0,0,0
1,0.3529411764705882,0.0,0.0,0.0,0.0,0.0,1,2.0,0,1,0,0,0,0,1,0,0,0,0,0,1,0,0,0,0
0,0.0,0.0,0.0,0.0,1.648308382246541,0.0,0,0.0,1,0,0,0,1,0,0,0,0,1,0,0,0,0,0,0,1
0,0.5294117647058824,1.5899744980285608,1.5827772208951172,0.0,1.4265184788656111,1.919795124713017,1,0.0,1,1,0,0,0,0,0,0,1,0,0,0,1,0,0,0,0
0,0.4117647058823529,0.8388901471096889,2.1108526722980723,0.0,1.8229462996099248,1.5607769680121524,0,0.0,1,1,0,0,0,0,1,0,0,0,0,0,0,0,0,0,0
0,-0.5294117647058824,1.83750173513854,1.5777885385172847,0.0,0.0,1.3813919920707816,0,0.0,1,0,0,0,1,0,0,0,0,0,1,0,0,0,0,1,0
1,-0.2941176470588235,0.0,0.0,0.0,0.0,0.0,0,0.0,0,1,0,0,1,0,1,0,0,0,0,0,0,0,0,0,0
0,0.1764705882352941,0.0,0.0,2.15940102504784,0.0,0.0,1,1.0,1,0,0,0,1,0,0,0,1,0,0,0,0,0,0,0,0
0,-0.0588235294117647,0.0,0.7489560951925592,2.950718900919848,1.8113588293253835,2.3924328270876623,1,0.5,1,1,0,0,1,0,1,0,0,0,0,0,0,0,0,0,0
1,-0.8235294117647058,0.0,0.0,0.0,0.0,0.0,0,0.0,0,0,0,0,1,0,0,0,0,0,1,0,0,1,0,0,0
0,1.8235294117647056,0.0,1.070680088297711,0.0,1.662579168023446,0.0,0,1.0,1,0,0,0,1,0,0,0,1,0,0,0,0,0,0,0,0
0,-0.0588235294117647,1.7145787203104372,1.6926131223039604,0.0,1.9069729140108909,0.0,1,0.5,1,1,0,0,0,0,0,0,1,0,0,0,1,0,0,0,0
0,-0.5294117647058824,2.1239978539891933,0.0,0.9218233423019256,0.0,0.0,1,1.0,1,0,1,0,0,0,0,0,0,1,0,0,0,0,1,0,0
0,-0.2352941176470588,1.271805878147568,0.1679487789570419,0.0,0.0,1.48683284414146,0,0.0,1,0,0,0,1,0,0,0,1,0,0,0,0,0,0,0,0
1,-1.588235294117647,0.0,0.0,0.0,0.0,0.0,1,2.5,0,0,0,0,1,0,0,0,0,0,1,0,0,0,0,0,0
0,-0.1764705882352941,0.8014973444683071,1.5792243878778047,0.0,0.82623465712856,0.0,1,0.0,1,0,0,0,1,0,0,0,0,0,1,0,1,0,0,0,0
0,-0.8235294117647058,0.0,1.3445348678256313,0.0,1.3380695478836415,1.6200458888731155,0,0.0,1,0,0,0,1,0,0,0,0,1,0,0,0,1,0,0,0
0,0.1176470588235294,0.0,0.0,0.0,1.5513383986613238,1.9657077432824743,0,0.5,1,0,0,1,0,0,0,0,0,1,0,0,1,0,0,0,0
0,0.0,0.0,1.9747092738084853,0.5714440358797147,1.848119205863312,0.4333934776341722,0,0.0,1,1,0,0,0,0,0,0,0,0,0,0,0,0,0,0,0
0,2.0588235294117645,1.2400049928324772,1.5862787105947354,0.0,0.0,0.0,0,0.0,1,0,0,0,1,0,0,0,0,1,0,0,0,0,0,0,1
0,0.1176470588235294,0.1854490234153689,1.608834414960295,0.2210647294575037,1.3997289143311524,1.976409118652519,0,0.0,1,1,0,0,0,0,0,0,0,0,0,0,0,0,0,0,0
0,-0.5294117647058824,0.0,0.0,0.884258917830015,1.5912295300160546,1.1963282728031306,0,0.0,1,0,0,1,0,0,0,0,0,1,0,0,0,0,0,0,1
0,0.4705882352941176,1.9212054387895727,0.0,1.0265928122321035,0.0,0.1866524112389433,1,3.0,1,0,1,0,1,0,0,0,0,1,0,0,1,0,0,0,0
0,-0.0588235294117647,0.0,1.5491598182792825,0.0,0.0,1.4437022008482048,0,0.5,1,0,0,0,1,0,0,0,0,0,1,0,1,0,0,0,0
0,-0.1176470588235294,0.0,0.0,2.089329427482967,0.9486600070956904,0.8443337464867926,1,0.0,1,0,0,0,1,0,0,0,0,0,1,0,0,0,0,0,0
0,-0.3529411764705882,1.7538620480911846,1.2486367328311447,1.9179480942721947,0.2754115523761867,0.5239995654055677,0,0.0,1,0,0,0,1,0,0,0,0,1,0,0,0,0,0,0,0
1,1.7647058823529411,0.0,0.0,0.0,0.0,0.0,0,1.0,0,1,0,0,1,0,0,0,0,0,0,0,0,0,0,0,0
0,-0.5882352941176471,0.4793787713240882,0.0,2.291144623570494,1.4196498191095732,0.0,1,3.0,1,0,0,0,1,0,0,0,1,0,0,0,1,0,0,0,0
0,-0.0588235294117647,1.791436804447614,0.9960600941586246,0.0,0.7102593820841355,0.3733048224778867,0,0.0,1,0,0,0,1,0,0,0,0,0,1,0,1,0,0,0,0
1,-0.5294117647058824,0.0,0.0,0.0,0.0,0.0,1,0.5,0,1,0,0,1,0,0,1,0,0,0,0,0,0,0,0,0
1,0.3529411764705882,0.0,0.0,0.0,0.0,0.0,0,1.5,0,0,0,0,1,0,0,0,0,0,1,0,0,0,1,0,0
0,0.3529411764705882,0.0,1.8263107845237168,0.0,1.8218988451677856,0.7292305501170816,0,2.0,1,1,0,0,1,0,0,1,0,0,0,0,0,0,0,0,0
0,0.5294117647058824,0.1854490234153689,1.593133449791406,0.4421294589150075,0.0,1.0934062777324662,0,0.0,1,0,0,0,1,0,0,0,0,1,0,0,0,0,1,0,0
0,-1.411764705882353,0.0,0.0,0.0,0.0,0.0,0,1.0,0,0,1,0,1,0,0,0,0,1,0,0,0,0,0,0,1
0,-0.2352941176470588,0.0,0.832051221042958,0.0,1.1714333223484883,1.7073478553372048,0,0.0,1,0,0,0,1,0,0,0,0,1,0,0,0,1,0,0,0
1,0.1176470588235294,0.0,0.0,0.0,0.0,0.0,0,0.0,0,0,0,0,1,0,0,0,0,0,1,0,1,0,0,0,0
0,0.1176470588235294,0.0,0.91133453984985,0.0,2.1170935794823014,1.7490613994469686,1,0.5,1,1,0,0,0,0,1,0,0,0,0,0,0,0,0,0,0
1,0.7647058823529411,0.0,0.0,0.0,0.0,0.0,1,1.0,0,0,1,0,1,0,0,0,0,1,0,0,1,0,0,0,0
0,-0.4117647058823529,0.0,0.0,0.0,0.0,0.0,0,0.0,0,0,0,1,0,0,0,0,0,0,1,0,0,1,0,0,0
0,1.5294117647058822,1.9762235839941205,0.0,0.0,0.0,0.55995723371683,1,0.0,1,0,0,0,1,0,0,0,1,0,0,0,1,0,0,0,0
0,0.3529411764705882,1.763578487452316,0.0,1.803859749472954,0.0,0.0,1,0.0,1,0,1,0,1,0,0,0,1,0,0,0,1,0,0,0,0
0,-0.1764705882352941,1.0243391705250575,1.1956174606310472,0.2210647294575037,0.0,1.689683654587217,1,0.0,1,0,0,0,1,0,0,0,0,1,0,0,1,0,0,0,0
0,-0.5294117647058824,0.0,0.7376843479474341,2.128308173513928,0.0,0.0,1,0.0,1,0,0,0,1,0,0,0,0,0,1,0,0,0,1,0,0
1,0.7058823529411765,0.0,0.0,0.0,0.0,0.0,0,1.5,0,0,0,0,1,0,0,0,0,0,1,0,0,0,0,1,0
0,-1.4705882352941178,0.0,0.0,0.0,0.0,0.0,1,1.0,0,1,0,0,1,1,0,0,0,0,0,0,1,0,0,0,0
0,0.5294117647058824,0.0,0.5810073162355173,0.0,0.0,0.0,1,0.0,1,0,0,0,1,0,0,0,0,1,0,0,0,1,0,0,0
0,0.5294117647058824,1.9193666247718384,0.0,0.6631941883725112,0.738142580866548,0.0,1,0.5,1,0,1,0,1,0,0,0,0,1,0,0,1,0,0,0,0
1,-0.7058823529411765,0.0,0.0,0.0,0.0,0.0,0,0.0,0,0,0,0,0,0,0,0,0,0,1,0,0,1,0,0,0
1,-0.2352941176470588,0.0,0.0,0.0,0.0,0.0,0,1.0,0,0,0,0,1,0,0,0,0,0,1,0,0,0,0,1,0
0,-0.1176470588235294,2.03757738104568,0.1679487789570419,0.0,0.0,1.2936388357198874,0,0.0,1,0,0,0,1,0,0,0,0,1,0,0,0,0,1,0,0
0,0.4117647058823529,0.0,1.4109174434889156,2.296424230784695,1.136279172902985,1.502523641863258,1,0.0,1,1,0,0,0,0,0,1,0,0,0,0,0,0,0,0,0
0,0.1764705882352941,1.752717870781788,0.0,2.0406974128762965,0.0,0.0,0,0.0,1,0,1,0,1,0,0,0,1,0,0,0,1,0,0,0,0
1,-0.1764705882352941,0.0,0.0,0.0,0.0,0.0,0,0.0,0,0,0,0,1,0,0,0,0,0,1,0,1,0,0,0,0
0,0.0,1.13666954972885,2.0966839136046294,0.0,0.0,1.856886731665772,0,0.0,1,1,0,1,0,0,1,0,0,0,0,0,0,0,0,0,0
1,-0.3529411764705882,0.0,0.0,0.0,0.0,0.0,1,0.0,0,0,1,0,1,0,0,0,0,1,0,0,0,0,1,0,0
0,1.0,0.0,2.3166529574097154,0.0,0.7860382942944486,1.7157636186353815,1,1.0,1,1,0,0,0,0,1,0,0,0,0,0,0,0,0,0,0
0,1.1176470588235294,1.476174584686475,0.0,0.0,0.4034706315309319,0.0,1,0.0,1,0,0,0,1,0,0,0,0,1,0,0,0,0,0,0,1
1,1.1176470588235294,0.0,0.0,0.0,0.0,0.0,1,0.5,0,1,0,0,0,1,0,0,0,0,0,0,0,0,0,0,0
0,-0.4117647058823529,0.0,0.0,0.0,0.0,0.0,1,0.0,0,0,1,0,1,0,0,0,1,0,0,0,0,0,0,0,0
1,-0.1764705882352941,0.0,0.0,0.0,0.0,0.0,1,1.0,0,1,0,0,1,0,0,0,1,0,0,0,0,0,0,0,0
1,0.0588235294117647,0.0,0.0,0.0,0.0,0.0,1,1.0,0,1,0,0,0,0,0,0,1,0,0,0,1,0,0,0,0
1,-1.2352941176470589,0.0,0.0,0.0,0.0,0.0,1,1.0,0,0,0,0,1,0,0,0,0,0,1,0,0,0,0,0,0
0,0.8823529411764706,0.0,1.743021948706552,0.0,1.981818316839164,1.7609961078313932,0,0.0,1,1,0,0,1,0,0,0,1,0,0,0,1,0,0,0,0
1,-0.4705882352941176,0.0,0.0,0.0,0.0,0.0,1,1.0,0,0,1,0,1,0,0,0,0,1,0,0,0,1,0,0,0
0,-0.6470588235294118,1.8246707336873764,0.0,1.7230704347739607,1.3686656678525748,0.0,1,3.0,1,0,1,0,1,0,0,0,1,0,0,0,0,0,0,0,0
1,0.4705882352941176,0.0,0.0,0.0,0.0,0.0,1,0.5,0,1,0,0,1,1,0,0,0,0,0,0,0,0,0,0,0
0,-0.0588235294117647,0.0,1.785187465441321,0.0,1.3665230018306789,2.421471448789891,0,0.0,1,1,0,0,1,1,0,0,0,0,0,0,0,0,0,0,0
1,-0.5294117647058824,0.0,0.0,0.0,0.0,0.0,1,0.0,0,1,0,0,0,1,0,0,0,0,0,0,0,0,0,0,0
1,0.4117647058823529,0.0,0.0,0.0,0.0,0.0,1,0.5,0,0,1,0,1,0,0,0,1,0,0,0,1,0,0,0,0
0,-0.3529411764705882,1.8324429342631643,0.0,0.0,0.0,0.55995723371683,1,0.0,1,0,0,0,1,0,0,0,0,1,0,0,1,0,0,0,0
0,0.9411764705882352,0.0,1.6742254157467462,0.0,1.9505520190835255,0.0,0,0.0,1,1,0,0,0,1,0,0,0,0,0,0,0,0,0,0,0
0,1.2941176470588236,0.8388901471096889,0.0,2.242062152751628,0.0,1.1731854797572434,1,0.0,1,0,1,0,1,0,0,0,0,1,0,0,0,1,0,0,0
0,1.2941176470588236,1.689651212249959,0.0,0.6631941883725112,0.0,1.4042909802036228,0,0.5,1,0,1,0,1,0,0,0,0,1,0,0,0,0,1,0,0
1,2.0,0.0,0.0,0.0,0.0,0.0,0,0.0,0,0,0,1,0,0,0,0,0,0,1,0,0,1,0,0,0
1,1.7647058823529411,0.0,0.0,0.0,0.0,0.0,0,0.0,0,0,0,1,0,0,0,0,0,0,1,0,1,0,0,0,0
1,0.1176470588235294,0.0,0.0,0.0,0.0,0.0,1,1.5,0,0,0,0,0,0,0,0,0,0,1,0,1,0,0,0,0
0,-0.4705882352941176,1.3740643132094228,1.451725092552934,0.0,1.149407324057769,0.0,0,0.0,1,0,0,0,1,0,0,0,0,1,0,0,0,1,0,0,0
1,-1.411764705882353,0.0,0.0,0.0,0.0,0.0,1,2.0,0,0,0,1,0,0,0,0,0,0,1,0,0,0,0,1,0
0,0.4117647058823529,0.0,1.23121853831492,0.0,1.6086131725793889,1.0250676225999908,0,1.0,1,0,0,0,1,0,0,0,0,0,1,0,0,1,0,0,0
0,-1.1176470588235294,0.0,0.0,0.0,0.0,0.0,1,2.0,0,0,0,0,0,0,0,0,0,0,1,0,0,0,0,0,0
0,0.3529411764705882,1.8594089806665928,0.9526769099090936,0.0,0.5772359744023721,0.0,0,0.0,1,0,0,0,1,0,0,0,0,1,0,0,0,0,1,0,0
0,0.2941176470588235,2.119475293448262,1.171825643593294,0.7343611355735556,0.0,1.2506532297522208,1,0.5,1,0,0,0,1,0,0,0,0,1,0,0,0,0,1,0,0
0,0.1764705882352941,0.0,2.096937541196376,0.0,0.4491768952476266,0.1866524112389433,1,0.0,1,1,0,0,0,0,0,0,0,0,0,0,0,0,0,0,0
1,-0.4117647058823529,0.0,0.0,0.0,0.0,0.0,1,0.5,0,1,0,0,1,0,0,0,1,0,0,0,0,1,0,0,0
1,0.2941176470588235,0.0,0.0,0.0,0.0,0.0,1,0.5,0,1,0,0,1,0,1,0,0,0,0,0,0,0,0,0,0
0,0.1176470588235294,0.0,0.0,1.0,1.6558847676107822,0.0,1,0.0,1,0,0,0,0,0,0,0,0,1,0,0,0,0,1,0,0
0,-0.0588235294117647,1.998173737711592,0.0,0.0,0.0,0.0,1,2.0,1,0,1,0,1,0,0,0,0,1,0,0,1,0,0,0,0
0,-0.1176470588235294,0.0,1.570849588748336,0.9858230443082924,0.0,0.0,0,0.0,1,0,0,0,0,0,0,0,0,0,1,0,0,0,1,0,0
1,-0.4117647058823529,0.0,0.0,0.0,0.0,0.0,0,0.0,0,1,0,0,1,0,0,0,1,0,0,0,0,0,0,0,0
0,0.2941176470588235,0.8915192755066496,1.4480630751820402,2.222268236504166,0.8353516763360442,0.0,1,0.0,1,0,0,0,1,0,0,0,0,1,0,0,0,0,0,0,0
1,0.3529411764705882,0.0,0.0,0.0,0.0,0.0,1,0.0,0,0,1,0,0,0,0,0,0,1,0,0,0,0,0,0,1
0,0.6470588235294118,1.860433082917643,0.0,2.3436775911098167,0.0,0.0,0,0.0,1,0,1,0,1,0,0,0,0,1,0,0,0,1,0,0,0
0,-0.2941176470588235,2.0839296131354748,0.0,1.272202648724137,0.17376534287144,0.0,1,0.0,1,0,1,0,1,0,0,0,0,1,0,0,0,0,1,0,0
0,-0.5294117647058824,0.0,1.5571308946818985,0.0,0.0,0.6457112531348923,1,0.0,1,0,0,0,1,0,0,0,0,0,1,0,1,0,0,0,0
1,-0.5882352941176471,0.0,0.0,0.0,0.0,0.0,1,3.0,0,1,0,0,1,1,0,0,0,0,0,0,0,0,0,0,0
0,-1.411764705882353,0.0,0.0,0.0,0.0,0.0,1,1.5,0,0,1,0,1,0,0,0,0,1,0,0,0,0,1,0,0
0,-0.1764705882352941,0.0,1.9335507031771773,0.5714440358797147,1.6745113813121275,2.169625508066734,1,2.5,1,1,0,0,1,0,0,0,0,1,0,0,1,0,0,0,0
1,-1.3529411764705883,0.0,0.0,0.0,0.0,0.0,0,1.0,0,0,1,0,1,0,0,0,0,1,0,0,0,1,0,0,0
0,-1.0,0.0,0.0,0.0,0.0,0.0,1,0.5,0,0,0,0,0,0,0,0,0,0,1,0,0,0,0,0,0
0,0.5882352941176471,1.779258128127909,0.0,2.147856508795144,0.17376534287144,0.4824894837218527,0,0.0,1,0,0,0,1,0,0,0,1,0,0,0,0,0,0,0,0
0,1.7058823529411764,0.0,1.4094794637756018,2.0024024896200654,0.69506137148576,0.887511217448728,0,0.0,1,0,0,0,1,0,0,0,0,0,1,0,1,0,0,0,0
0,0.2941176470588235,1.8492130140239875,1.6508899308439782,0.0,0.0,0.7466096449557734,1,0.5,1,1,0,0,1,0,0,0,1,0,0,0,0,1,0,0,0
0,-1.588235294117647,0.0,0.0,0.0,0.0,0.0,1,1.0,0,0,0,0,1,0,0,0,0,0,1,0,0,0,0,0,0
1,-1.588235294117647,0.0,0.0,0.0,0.0,0.0,0,0.5,0,0,0,0,1,0,0,0,0,0,1,0,1,0,0,0,0
1,-0.4705882352941176,0.0,0.0,0.0,0.0,0.0,1,0.0,0,0,0,0,1,0,0,0,0,0,1,0,0,0,0,1,0
0,-1.2352941176470589,0.0,0.0,0.0,0.0,0.0,1,2.0,0,0,0,0,1,0,0,0,0,0,1,0,0,0,1,0,0
0,0.5294117647058824,0.9099780689616576,2.279458762910424,0.0,1.138960379193083,2.6278919993023653,0,0.5,1,1,0,0,0,1,0,0,0,0,0,0,0,0,0,0,0
0,-1.588235294117647,0.0,0.0,0.0,0.0,0.0,1,1.5,0,0,1,0,1,0,0,0,0,1,0,0,1,0,0,0,0
0,0.2941176470588235,0.1854490234153689,1.4913151644198694,0.0,1.823294480774838,2.0618450252065754,0,1.0,1,1,0,0,1,0,1,0,0,0,0,0,0,0,0,0,0
0,1.1764705882352942,1.8315904224858204,1.7684050046818154,0.0,0.0,0.0,1,0.0,1,0,0,0,1,0,0,0,0,1,0,0,0,1,0,0,0
0,0.0,1.4135020663395206,1.5511773059595295,0.0,0.0,1.4253943991511528,0,0.0,1,0,0,0,1,0,0,0,1,0,0,0,0,0,0,0,0
1,1.1176470588235294,0.0,0.0,0.0,0.0,0.0,0,0.0,0,1,0,0,1,0,0,1,0,0,0,0,0,0,0,0,0
0,0.8823529411764706,0.0,1.2429686645318738,0.0,1.1873194761141748,1.6522003022623126,0,0.0,1,0,0,1,0,0,0,0,0,1,0,0,0,0,0,1,0
1,-0.0588235294117647,0.0,0.0,0.0,0.0,0.0,1,0.5,0,1,0,0,1,0,0,1,0,0,0,0,0,0,0,0,0
0,0.1176470588235294,1.8223238205118708,0.0,0.0,1.244137497750692,0.0,0,0.0,1,0,1,0,1,0,0,0,1,0,0,0,1,0,0,0,0
0,0.6470588235294118,0.5878594958174387,0.0,2.31379307709151,0.6011293213528106,0.3733048224778867,0,0.0,1,0,0,0,0,0,0,0,0,0,1,0,0,1,0,0,0
0,0.6470588235294118,1.7860923793208106,0.0,0.0,0.17376534287144,0.915882961356025,1,0.0,1,0,0,0,1,0,0,0,0,1,0,0,0,1,0,0,0
0,-0.5882352941176471,1.4783149671932496,0.0,2.451632701706388,0.0,0.0,1,0.0,1,0,1,0,1,0,0,0,0,1,0,0,0,1,0,0,0
0,-0.8235294117647058,0.0,1.595152618730838,0.0,0.911907923737988,0.5916741449658187,1,0.0,1,0,0,0,0,0,0,0,0,1,0,0,0,0,0,1,0
1,0.0,0.0,0.0,0.0,0.0,0.0,0,0.5,0,1,0,0,1,0,0,1,0,0,0,0,0,0,0,0,0
1,-0.2352941176470588,0.0,0.0,0.0,0.0,0.0,1,0.0,0,0,0,1,0,0,0,0,0,0,1,0,0,0,0,0,0
1,-0.4117647058823529,0.0,0.0,0.0,0.0,0.0,0,1.0,0,0,0,0,1,0,0,0,0,0,1,0,0,0,0,1,0
0,-0.3529411764705882,1.69539482573551,0.5579137673194251,0.0,0.0,0.9247126870847868,1,0.0,1,0,0,0,0,0,0,0,0,1,0,0,0,0,1,0,0
1,0.1176470588235294,0.0,0.0,0.0,0.0,0.0,0,0.5,0,1,0,0,1,1,0,0,0,0,0,0,0,0,0,0,0
1,0.9411764705882352,0.0,0.0,0.0,0.0,0.0,0,0.0,0,0,0,0,1,0,0,0,0,0,1,0,1,0,0,0,0
0,0.8823529411764706,0.0,1.3057659933110275,0.0,1.5487512714852003,0.2958370724829093,0,0.0,1,0,0,0,0,0,0,0,0,1,0,0,0,1,0,0,0
0,-1.1176470588235294,0.0,0.0,0.0,0.0,0.0,1,0.5,0,0,0,0,1,0,0,0,0,0,1,0,0,0,1,0,0
0,0.0,0.0,0.0,0.0,0.0,0.0,1,1.5,0,1,0,0,1,1,0,0,0,0,0,0,0,0,0,0,0
0,1.1176470588235294,0.0,1.5323850333776357,0.0,1.4196498191095732,1.7939209528946942,1,0.5,1,0,0,0,1,0,0,0,1,0,0,0,0,0,0,0,0
0,0.4705882352941176,1.613488049013553,1.742657589434095,0.0,0.6788821839071186,1.106986424480944,0,0.0,1,0,0,0,1,0,0,0,0,0,0,1,0,0,0,0,0
0,-0.1764705882352941,0.0,0.0,2.31849151967067,0.6011293213528106,0.0,1,0.0,1,0,0,0,0,0,0,0,0,1,0,0,0,1,0,0,0
1,0.7058823529411765,0.0,0.0,0.0,0.0,0.0,1,0.0,0,0,0,0,1,0,0,0,0,0,1,0,0,0,1,0,0
0,0.5882352941176471,0.0,0.6864843932202759,1.8456093307293375,2.1074810929569128,1.942937917758904,1,1.5,1,1,0,0,0,0,0,0,1,0,0,0,0,0,0,0,0
1,-1.4705882352941178,0.0,0.0,0.0,0.0,0.0,0,1.5,0,0,0,1,0,0,0,0,0,0,1,0,0,0,1,0,0
0,-0.5294117647058824,0.6862429319367085,0.0,2.2352154714485515,1.6271620690218076,0.7629347951689582,1,3.0,1,0,1,0,1,0,0,1,0,0,0,0,0,0,0,0,0
1,-1.5294117647058822,0.0,0.0,0.0,0.0,0.0,0,2.5,0,0,0,0,1,0,0,0,0,0,1,0,0,1,0,0,0
0,-0.2352941176470588,0.4305992976375693,0.3358975579140839,2.38805535771578,0.0,0.0,0,0.0,1,0,0,0,1,0,0,0,0,0,1,0,0,0,0,1,0
1,-0.1764705882352941,0.0,0.0,0.0,0.0,0.0,1,0.0,0,0,0,0,1,0,0,0,0,0,1,0,0,1,0,0,0
0,-0.7058823529411765,0.0,0.8997943173744595,0.0,0.0,1.8131873492394797,0,0.0,1,0,0,0,0,0,0,0,0,1,0,0,0,0,0,1,0
0,0.0,2.170878186414816,1.5454854600238317,0.0,1.2933256285289083,1.1516313786826486,1,1.5,1,1,0,0,0,0,0,0,0,0,0,0,0,0,0,0,0
0,-0.2352941176470588,2.1087838932356133,0.0,2.231444552706085,0.0,0.0,0,1.0,1,0,1,0,1,0,0,1,0,0,0,0,0,0,0,0,0
0,0.1764705882352941,1.72410403134028,0.0,2.009503242791381,0.0,1.3044548481747045,1,0.0,1,0,0,0,1,0,0,0,1,0,0,0,1,0,0,0,0
1,-0.3529411764705882,0.0,0.0,0.0,0.0,0.0,1,0.0,0,0,0,1,0,0,0,0,0,0,1,0,0,0,1,0,0
1,2.176470588235294,0.0,0.0,0.0,0.0,0.0,1,1.5,0,0,0,0,1,0,0,0,0,0,1,0,1,0,0,0,0
0,-0.0588235294117647,2.026408371762616,0.3899649883623831,0.5132964061160518,0.0,1.7331427134740736,0,1.0,1,0,1,0,1,0,0,1,0,0,0,0,0,0,0,0,0
0,-0.2941176470588235,0.3708980468307378,1.301299528212233,0.0,0.0,1.7189666768872458,0,0.0,1,0,0,0,1,0,0,0,0,0,1,0,0,0,0,1,0
0,0.2941176470588235,1.2939297479087193,1.6413867963457656,0.0,1.3032132920519723,0.1866524112389433,1,0.0,1,0,0,0,1,0,0,0,0,1,0,0,0,0,1,0,0
1,2.176470588235294,0.0,0.0,0.0,0.0,0.0,0,1.0,0,0,1,0,0,0,0,0,0,1,0,0,0,0,0,0,0
1,0.8823529411764706,0.0,0.0,0.0,0.0,0.0,1,1.0,0,0,1,0,1,0,0,1,0,0,0,0,0,0,0,0,0
0,0.8823529411764706,0.0,1.4641231105965942,0.0,0.17376534287144,1.3923208980906656,0,0.0,1,0,0,0,1,0,0,0,0,1,0,0,0,0,0,1,0
1,-0.2941176470588235,0.0,0.0,0.0,0.0,0.0,0,3.0,0,1,0,0,0,0,1,0,0,0,0,0,0,0,0,0,0
0,0.0,1.8284410974645209,0.7376843479474341,0.0,0.0,0.0,1,0.5,1,0,0,0,1,0,0,0,0,1,0,0,1,0,0,0,0
0,0.8823529411764706,0.0,1.7278087324065745,0.0,1.800165434411659,1.8975388524242265,1,0.5,1,1,0,0,0,0,1,0,0,0,0,0,0,0,0,0,0
0,-0.1176470588235294,0.0,1.6747085642029946,2.3589057368453896,1.0789877931227316,1.7823106337050747,1,0.5,1,1,0,0,1,0,0,0,1,0,0,0,1,0,0,0,0
0,1.1176470588235294,2.192114624543822,1.5354057173685192,0.0,0.69506137148576,2.181966308743796,1,0.5,1,1,0,0,1,1,0,0,0,0,0,0,0,0,0,0,0
1,1.8823529411764703,0.0,0.0,0.0,0.0,0.0,1,1.0,0,1,0,0,0,1,0,0,0,0,0,0,0,0,0,0,0
0,0.2352941176470588,1.931393206158909,0.0,0.0,0.0,0.8323636643738357,1,0.5,1,0,0,0,1,0,0,0,0,1,0,0,0,0,1,0,0
0,-0.3529411764705882,0.0,1.0328425196153972,0.350379306422211,0.0,1.666391283628569,0,0.0,1,0,0,0,1,0,0,0,0,1,0,0,0,0,0,0,1
0,1.411764705882353,0.0,0.0,0.0,1.159436277331762,1.9425416226056065,1,0.0,1,0,0,0,1,0,0,0,0,1,0,0,1,0,0,0,0
1,-0.6470588235294118,0.0,0.0,0.0,0.0,0.0,1,0.5,0,0,0,0,0,0,0,0,0,0,1,0,1,0,0,0,0
0,0.6470588235294118,0.0,0.0,0.0,0.0,1.947259101058777,1,1.0,1,0,0,1,0,0,0,0,0,1,0,0,1,0,0,0,0
0,-0.6470588235294118,1.2126806154779892,0.1679487789570419,2.164120606740503,0.0,0.0,0,0.0,1,0,0,0,1,0,0,0,1,0,0,0,0,0,0,0,0
0,0.4705882352941176,0.0,1.5961559281168942,2.594878189720222,0.0,0.1866524112389433,1,0.0,1,1,0,0,1,0,0,1,0,0,0,0,0,0,0,0,0
0,1.0588235294117647,0.0,1.8981684652906856,0.0,1.283031908043077,0.1866524112389433,0,0.5,1,1,0,0,1,1,0,0,0,0,0,0,0,0,0,0,0
0,0.2941176470588235,0.0,0.0,0.0,0.0,0.0,0,0.0,0,0,1,0,1,0,0,0,1,0,0,0,1,0,0,0,0
0,0.3529411764705882,0.0,2.043134024150189,0.0,1.3404685173717228,1.8477388393785252,1,0.5,1,1,0,0,1,1,0,0,0,0,0,0,0,0,0,0,0
1,1.4705882352941178,0.0,0.0,0.0,0.0,0.0,1,0.0,0,1,0,0,0,0,1,0,0,0,0,0,1,0,0,0,0
0,-0.4117647058823529,0.5206212286759118,1.701200714406209,0.0,0.8069412630618639,0.7106519766445111,1,1.0,1,0,0,0,0,0,0,0,0,1,0,0,0,0,0,0,1
0,0.8235294117647058,1.3221185731442189,1.5756186833844947,0.6206071563358557,1.0721191333666933,0.8773484072743342,1,0.0,1,0,0,0,1,0,0,0,0,0,1,0,0,0,0,0,0
0,-0.3529411764705882,1.6023249854920203,1.501391413433905,0.0,0.0,0.0,1,1.5,1,0,0,0,1,0,0,0,0,1,0,0,0,0,0,0,0
0,0.7058823529411765,0.0,2.1492495130376903,0.0,2.378714375304778,1.972179463505609,0,0.0,1,1,0,0,1,1,0,0,0,0,0,0,0,0,0,0,0
1,-1.0588235294117647,0.0,0.0,0.0,0.0,0.0,1,1.0,0,0,1,0,1,0,0,0,0,1,0,0,0,1,0,0,0
1,0.0588235294117647,0.0,0.0,0.0,0.0,0.0,1,0.5,0,0,1,0,1,0,0,0,1,0,0,0,0,0,0,0,0
0,0.5294117647058824,0.0,0.0,0.0,0.0,1.9839950430564848,1,0.0,1,0,0,0,1,0,0,0,0,1,0,0,0,0,0,0,0
1,1.3529411764705883,0.0,0.0,0.0,0.0,0.0,1,0.5,0,1,0,0,1,1,0,0,0,0,0,0,0,0,0,0,0
0,-0.0588235294117647,0.0,1.584183894631344,0.2210647294575037,1.7393613017813214,2.081364124749575,1,0.5,1,1,0,0,1,0,0,0,0,0,0,0,0,0,0,0,0
0,-0.3529411764705882,0.0,1.865113812308838,0.7343611355735556,1.0721191333666933,1.242771227794443,1,0.0,1,0,0,1,0,0,0,0,0,0,1,0,0,0,0,1,0
1,-0.8823529411764706,0.0,0.0,0.0,0.0,0.0,0,0.5,0,0,0,0,1,0,0,0,0,0,1,0,0,0,0,1,0
0,-0.2941176470588235,1.997102632646493,1.061760104190551,0.0,0.6430081763978817,1.9720017779115244,0,0.5,1,1,0,0,0,0,0,1,0,0,0,0,0,0,0,0,0
0,-0.3529411764705882,1.5792282187081903,0.961997246306954,0.0,0.0,1.5258695903379165,1,0.0,1,0,0,0,1,0,0,0,0,1,0,0,1,0,0,0,0
0,-0.5294117647058824,0.0,1.6369151793225274,0.350379306422211,0.0,0.0,1,3.5,1,0,0,0,1,0,0,0,0,0,1,0,0,0,0,1,0
0,0.0,1.924845581831972,0.0,0.0,0.0,0.0,0,0.5,1,0,1,0,0,0,0,0,0,1,0,0,0,0,0,1,0
0,-0.0588235294117647,1.9179276472692657,0.0,1.3213657691802776,0.0,1.5887391566951563,0,0.5,1,0,1,0,1,0,0,1,0,0,0,0,0,0,0,0,0
1,-0.4705882352941176,0.0,0.0,0.0,0.0,0.0,0,0.5,0,1,0,0,0,1,0,0,0,0,0,0,1,0,0,0,0
1,0.4705882352941176,0.0,0.0,0.0,0.0,0.0,1,0.0,0,0,1,0,1,0,0,0,0,1,0,0,0,0,0,0,1
0,1.411764705882353,0.0,0.0,0.0,1.5795465013429002,0.6906959960353908,1,0.0,1,0,0,0,1,0,0,0,0,1,0,0,0,1,0,0,0
0,-0.1764705882352941,0.0,0.832051221042958,2.145954720280289,0.0,0.0,0,0.0,1,0,0,0,0,0,0,0,1,0,0,0,1,0,0,0,0
0,0.1176470588235294,1.6726742921802848,0.0,0.7647583148507885,1.7868443734405268,0.0,1,0.0,1,0,1,0,1,0,0,0,0,1,0,0,0,0,1,0,0
0,0.0,0.5878594958174387,1.9830984381537893,0.0,0.6615863334646042,1.0934062777324662,0,0.0,1,1,0,0,1,1,0,0,0,0,0,0,0,0,0,0,0
0,-0.1176470588235294,0.5563470702461066,0.0,0.0,1.6990909250370974,0.0,1,0.0,1,0,0,0,1,0,0,0,0,0,1,0,1,0,0,0,0
0,0.1176470588235294,0.7877740089073892,0.5038463368711258,0.0,0.0,1.7932313686303591,0,0.0,1,0,0,0,1,0,0,0,0,1,0,0,0,0,0,0,1
0,-1.588235294117647,0.0,0.0,0.0,0.0,0.0,0,1.0,0,0,1,0,1,0,0,0,0,1,0,0,0,0,0,0,0
0,-0.2352941176470588,1.5718164875017124,0.0,2.11764888612908,0.0,0.0,1,0.0,1,0,1,0,1,0,0,0,0,1,0,0,0,1,0,0,0
0,0.2352941176470588,1.1209269865726237,1.8560370476257797,0.0,2.198314334802017,0.1866524112389433,1,1.5,1,1,0,0,0,1,0,0,0,0,0,0,0,0,0,0,0
0,-0.2352941176470588,0.0,2.178735833655415,0.0,0.17376534287144,0.2958370724829093,1,3.0,1,1,0,0,0,1,0,0,0,0,0,0,0,0,0,0,0
0,0.0,0.0,1.7343112233481837,0.0,1.9357790571933573,0.0,0,0.0,1,0,0,0,0,0,0,0,0,0,1,0,0,0,0,1,0
1,0.4117647058823529,0.0,0.0,0.0,0.0,0.0,0,0.0,0,0,1,0,0,0,0,0,0,1,0,0,0,1,0,0,0
1,0.0,0.0,0.0,0.0,0.0,0.0,0,1.0,0,1,0,0,0,0,1,0,0,0,0,0,0,0,0,0,0
0,1.7058823529411764,0.0,0.3899649883623831,2.1234327309698964,0.0,0.0,1,0.0,1,0,0,0,1,0,0,0,0,0,1,0,0,1,0,0,0
1,0.5882352941176471,0.0,0.0,0.0,0.0,0.0,0,0.0,0,0,1,0,1,0,0,0,1,0,0,0,1,0,0,0,0
1,0.8235294117647058,0.0,0.0,0.0,0.0,0.0,0,0.0,0,1,0,0,0,0,1,0,0,0,0,0,0,0,0,0,0
0,1.2941176470588236,0.4305992976375693,0.9223500217400188,2.310849444653627,1.742502523776535,0.0,0,1.0,1,1,0,0,1,0,0,0,0,0,0,0,0,0,0,0,0
0,-0.5294117647058824,0.0,0.1679487789570419,0.0,1.1016462095047468,1.808987296962721,0,0.0,1,0,0,0,1,0,0,0,0,0,1,0,1,0,0,0,0
0,0.2352941176470588,1.9795185318754984,0.3899649883623831,1.2476575416896074,0.4878209905931642,0.0,1,0.5,1,0,0,0,1,0,0,0,0,1,0,0,1,0,0,0,0
0,0.1176470588235294,0.3708980468307378,1.6571974159630174,0.0,1.633175920190424,1.77612831944174,0,2.0,1,1,0,0,1,1,0,0,0,0,0,0,0,0,0,0,0
0,-0.2352941176470588,1.5595133366247915,1.6056462259288955,0.6631941883725112,0.0,0.0,1,0.0,1,0,0,0,1,0,0,0,0,1,0,0,0,1,0,0,0
1,0.2941176470588235,0.0,0.0,0.0,0.0,0.0,0,0.0,0,0,1,0,0,0,0,0,0,1,0,0,0,0,1,0,0
1,-0.0588235294117647,0.0,0.0,0.0,0.0,0.0,0,0.0,0,1,0,0,1,0,0,0,1,0,0,0,1,0,0,0,0
0,0.0,1.915650643002683,1.1659868340632773,0.0,0.0,0.0,0,0.0,1,0,1,0,0,0,0,0,0,1,0,0,0,0,0,0,0
1,1.1176470588235294,0.0,0.0,0.0,0.0,0.0,0,3.0,0,0,0,0,1,0,0,0,0,0,1,0,0,0,0,1,0
0,-0.5294117647058824,2.2185743936543263,1.5781482993413951,2.301383611550735,0.2754115523761867,0.0,0,0.0,1,0,1,0,0,0,0,1,0,0,0,0,0,0,0,0,0
1,1.0,0.0,0.0,0.0,0.0,0.0,1,0.0,0,0,0,0,1,0,0,0,0,0,1,0,0,0,0,0,0
0,-1.1176470588235294,0.0,0.0,0.0,0.0,0.0,0,0.5,0,0,0,0,0,0,0,0,0,0,1,0,0,0,0,0,0
0,-1.0588235294117647,0.0,0.0,0.0,0.0,0.0,1,2.0,0,0,0,0,1,0,0,0,0,0,1,0,0,1,0,0,0
0,0.8235294117647058,2.1192811378617886,1.4511185869283076,0.9858230443082924,0.0,0.0,0,0.0,1,0,1,0,1,0,0,1,0,0,0,0,0,0,0,0,0
1,-0.7058823529411765,0.0,0.0,0.0,0.0,0.0,1,0.5,0,0,0,0,1,0,0,0,0,0,1,0,0,0,0,1,0
1,0.1176470588235294,0.0,0.0,0.0,0.0,0.0,1,0.0,0,0,0,0,0,0,0,0,0,0,1,0,0,0,1,0,0
1,0.8823529411764706,0.0,0.0,0.0,0.0,0.0,0,3.0,0,1,0,0,1,0,1,0,0,0,0,0,0,0,0,0,0
0,-0.1764705882352941,0.0,1.9692609458376729,2.142502659037113,0.5772359744023721,1.7980217809998935,1,0.0,1,1,0,0,1,0,1,0,0,0,0,0,0,0,0,0,0
1,-0.5882352941176471,0.0,0.0,0.0,0.0,0.0,1,0.0,0,0,0,0,0,0,0,0,0,0,1,0,0,1,0,0,0
1,0.4705882352941176,0.0,0.0,0.0,0.0,0.0,0,0.0,0,0,1,0,1,0,0,0,0,1,0,0,1,0,0,0,0
1,0.0,0.0,0.0,0.0,0.0,0.0,1,0.0,0,0,0,0,1,0,0,0,0,0,1,0,0,1,0,0,0
1,-0.1764705882352941,0.0,0.0,0.0,0.0,0.0,1,0.0,0,1,0,0,1,0,0,0,0,0,0,0,0,0,0,0,0
0,0.0588235294117647,1.6862429319367085,0.0,1.983291848570339,0.0,0.0,0,0.0,1,0,0,1,0,0,0,0,0,1,0,0,0,0,0,1,0
0,-0.1764705882352941,1.3493501652068391,0.5038463368711258,1.7505813591590806,1.3451986652199286,1.6474965580702974,1,0.5,1,0,0,1,0,0,0,0,0,1,0,0,0,1,0,0,0
1,-1.4705882352941178,0.0,0.0,0.0,0.0,0.0,0,1.0,0,0,0,0,1,0,0,0,0,0,1,0,0,0,1,0,0
0,1.3529411764705883,0.0,1.425522369663279,0.0,1.6122729514230083,0.4333934776341722,1,0.0,1,0,0,0,1,0,0,0,0,1,0,0,1,0,0,0,0
0,-0.2352941176470588,0.0,0.0,0.700758612844422,1.7493711835325734,0.0,0,1.0,1,0,1,0,1,0,0,0,0,1,0,0,0,0,0,0,0
1,0.1176470588235294,0.0,0.0,0.0,0.0,0.0,1,0.0,0,1,0,0,0,1,0,0,0,0,0,0,0,0,0,0,0
0,0.6470588235294118,0.0,1.974289102251416,0.0,1.8311720130221023,1.899639896956024,0,0.5,1,1,0,0,0,0,1,0,0,0,0,0,0,0,0,0,0
0,-1.588235294117647,0.0,0.0,0.0,0.0,0.0,0,1.5,0,0,1,0,0,0,0,0,0,1,0,0,0,0,1,0,0
1,1.1176470588235294,0.0,0.0,0.0,0.0,0.0,1,0.0,0,0,0,0,1,0,0,0,0,0,1,0,0,1,0,0,0
1,0.2352941176470588,0.0,0.0,0.0,0.0,0.0,1,0.5,0,0,1,0,1,0,0,0,1,0,0,0,1,0,0,0,0
0,-0.5294117647058824,0.0,0.0,2.0720098787554786,0.8608676205267983,0.0,1,0.0,1,0,0,0,1,0,0,0,0,1,0,0,0,0,0,0,1
1,-0.5294117647058824,0.0,0.0,0.0,0.0,0.0,1,0.5,0,0,0,0,1,0,0,0,0,0,1,0,1,0,0,0,0
1,0.1764705882352941,0.0,0.0,0.0,0.0,0.0,0,0.5,0,0,1,0,1,0,0,0,1,0,0,0,1,0,0,0,0
1,0.4117647058823529,0.0,0.0,0.0,0.0,0.0,1,1.0,0,1,0,0,1,1,0,0,0,0,0,0,0,0,0,0,0
0,-1.588235294117647,0.0,0.0,0.0,0.0,0.0,0,0.0,0,0,0,0,0,0,0,0,0,0,1,0,0,1,0,0,0
0,-0.5294117647058824,0.2939297479087193,1.073581905861518,2.0277002056672786,0.911907923737988,0.0,0,0.0,1,0,0,0,0,0,0,0,0,1,0,0,0,0,0,0,1
0,-1.588235294117647,0.0,0.0,0.0,0.0,0.0,0,1.0,0,0,1,0,1,0,0,0,0,1,0,0,0,0,0,0,1
1,0.0,0.0,0.0,0.0,0.0,0.0,1,0.5,0,1,0,0,0,0,1,0,0,0,0,0,0,0,0,0,0
0,-0.8235294117647058,1.471841754989393,0.0,1.4718957201053704,1.5166100903418287,0.7292305501170816,1,0.0,1,0,0,0,1,0,0,0,0,0,1,0,0,0,1,0,0
0,0.0588235294117647,0.0,2.2553426230769515,0.0,0.0,0.6906959960353908,1,0.0,1,1,0,0,0,0,1,0,0,0,0,0,0,0,0,0,0
1,-0.1176470588235294,0.0,0.0,0.0,0.0,0.0,0,0.0,0,0,0,0,1,0,0,0,0,0,1,0,0,0,0,1,0
0,-0.7058823529411765,0.1854490234153689,0.832051221042958,2.389480741044377,0.0,0.0,0,0.0,1,0,0,1,0,0,0,0,0,0,1,0,1,0,0,0,0
0,1.1176470588235294,1.8344216275978968,0.0,1.549935056385218,0.34753068574288,1.0064890491274203,0,0.0,1,0,1,0,1,0,0,0,0,1,0,0,0,1,0,0,0
0,1.7058823529411764,1.3476184673398164,1.8094739922563143,0.0,1.4575466995995623,1.976409118652519,1,1.0,1,1,0,0,1,0,0,0,0,0,0,0,0,0,0,0,0
0,-0.4705882352941176,1.4107719774829972,0.9223500217400188,0.0,1.5818359272861144,0.1866524112389433,1,0.0,1,0,0,0,1,0,0,0,1,0,0,0,0,0,0,0,0
1,1.0588235294117647,0.0,0.0,0.0,0.0,0.0,1,0.5,0,1,0,0,0,1,0,0,0,0,0,0,0,0,0,0,0
0,-0.4705882352941176,0.0,0.0,2.110481640934402,0.82623465712856,0.0,0,1.0,1,0,0,1,0,0,0,0,0,0,1,0,0,0,0,0,0
0,0.4117647058823529,1.7511846494716563,0.7894331112229788,1.7936622168256042,0.0,0.0,0,0.5,1,0,0,0,1,0,0,0,1,0,0,0,1,0,0,0,0
1,-1.411764705882353,0.0,0.0,0.0,0.0,0.0,0,3.0,0,0,0,0,1,0,0,0,0,0,1,0,0,0,0,1,0
1,0.2941176470588235,0.0,0.0,0.0,0.0,0.0,0,0.0,0,0,0,0,1,0,0,0,0,0,1,0,0,0,1,0,0
0,-0.3529411764705882,1.7496425911023032,0.0,0.0,0.0,0.7466096449557734,1,0.0,1,0,0,0,1,0,0,0,0,0,1,0,0,0,0,1,0
1,0.4117647058823529,0.0,0.0,0.0,0.0,0.0,1,0.5,0,1,0,0,0,1,0,0,0,0,0,0,0,0,0,0,0
0,1.4705882352941178,0.0,0.2661925166888179,0.0,2.3323125249649723,1.8037264212997863,1,0.0,1,1,0,0,0,0,0,0,0,1,0,0,1,0,0,0,0
1,-0.5294117647058824,0.0,0.0,0.0,0.0,0.0,0,0.5,0,0,1,0,1,0,0,0,0,1,0,0,0,0,0,0,0
1,1.0,0.0,0.0,0.0,0.0,0.0,0,1.5,0,1,0,0,1,0,0,1,0,0,0,0,0,0,0,0,0
0,-0.2941176470588235,0.0,0.0,0.0,0.0,0.0,1,0.0,0,0,1,0,1,0,0,0,1,0,0,0,0,0,0,0,0
1,-1.4705882352941178,0.0,0.0,0.0,0.0,0.0,1,1.0,0,0,1,0,1,0,0,0,0,1,0,0,0,0,1,0,0
1,-1.3529411764705883,0.0,0.0,0.0,0.0,0.0,1,1.0,0,0,0,0,1,0,0,0,0,0,1,0,0,0,0,0,0
0,-0.2941176470588235,0.0,0.0,0.0,0.0,1.9401515254822603,0,0.0,1,0,0,0,1,0,0,0,0,1,0,0,1,0,0,0,0
1,1.588235294117647,0.0,0.0,0.0,0.0,0.0,0,0.5,0,0,0,0,1,1,0,0,0,0,0,0,0,0,0,0,0
0,0.2941176470588235,0.0,1.4321793507520952,0.0,1.4340272384729982,1.7797821408735968,1,0.0,1,0,0,0,1,0,0,0,0,1,0,0,0,0,0,1,0
1,1.588235294117647,0.0,0.0,0.0,0.0,0.0,0,0.5,0,0,0,0,1,0,0,0,0,0,1,0,0,0,0,1,0
0,-1.1176470588235294,0.0,0.0,0.0,0.0,0.0,0,1.0,0,0,1,0,1,0,0,0,1,0,0,0,1,0,0,0,0
1,0.1764705882352941,0.0,0.0,0.0,0.0,0.0,1,0.0,0,1,0,0,1,0,0,1,0,0,0,0,0,0,0,0,0
0,1.6470588235294117,0.0,1.4887292394426157,1.7948115117230374,0.9756419811863284,0.0,1,0.0,1,0,0,1,0,0,0,0,1,0,0,0,1,0,0,0,0
0,0.0588235294117647,0.0,2.2619320672492647,1.3683518914982231,0.9486600070956904,1.6522003022623126,1,0.5,1,1,0,0,0,1,0,0,0,0,0,0,0,0,0,0,0
0,-0.5294117647058824,0.0,0.0,0.0,1.1224253499671306,1.9165389483017805,0,0.0,1,0,0,0,1,0,0,0,0,1,0,0,0,0,1,0,0
0,0.7647058823529411,1.344121079153496,0.0,2.0956450593841764,0.0,0.0,0,0.5,1,0,0,0,1,0,0,0,1,0,0,0,1,0,0,0,0
1,-0.5882352941176471,0.0,0.0,0.0,0.0,0.0,0,1.5,0,1,0,0,1,1,0,0,0,0,0,0,0,0,0,0,0
0,-0.3529411764705882,0.6160483210529383,0.0,0.0,0.8167735192693216,1.8040582543769772,0,1.0,1,0,0,0,1,0,0,0,0,0,1,0,0,0,0,1,0
0,1.1764705882352942,0.4305992976375693,1.738056257261472,2.1440415232478154,1.6678088835886624,0.2958370724829093,1,0.0,1,1,0,0,1,0,0,0,0,0,0,0,0,0,0,0,0
0,1.3529411764705883,1.7979706184469424,0.0,2.0254815602754235,1.8102617142332411,0.0,0,0.5,1,0,1,0,1,0,0,1,0,0,0,0,0,0,0,0,0
1,1.0588235294117647,0.0,0.0,0.0,0.0,0.0,0,1.5,0,1,0,0,1,0,0,0,0,0,0,0,0,0,0,0,0
1,-0.8823529411764706,0.0,0.0,0.0,0.0,0.0,0,0.0,0,0,0,0,1,0,0,0,0,0,1,0,0,0,1,0,0
1,-0.2352941176470588,0.0,0.0,0.0,0.0,0.0,1,0.5,0,1,0,0,0,1,0,0,0,0,0,0,0,0,0,0,0
1,-1.1764705882352942,0.0,0.0,0.0,0.0,0.0,0,1.0,0,0,0,0,0,0,0,0,0,0,1,0,0,1,0,0,0
1,0.4705882352941176,0.0,0.0,0.0,0.0,0.0,1,0.0,0,0,0,0,1,0,0,0,0,0,1,0,0,0,0,0,0
1,0.2352941176470588,0.0,0.0,0.0,0.0,0.0,1,0.0,0,1,0,0,1,0,0,1,0,0,0,0,0,0,0,0,0
1,0.0,0.0,0.0,0.0,0.0,0.0,1,0.0,0,0,0,0,1,0,0,0,0,0,1,0,0,0,1,0,0
0,-0.2941176470588235,0.0,0.0,0.0,0.0,0.0,0,0.0,0,0,0,0,1,0,0,0,0,0,1,0,0,0,0,0,0
0,0.0588235294117647,0.1854490234153689,0.0,2.154239055895165,0.0,0.0,1,0.0,1,0,0,0,0,0,0,0,0,1,0,0,0,1,0,0,0
1,0.1176470588235294,0.0,0.0,0.0,0.0,0.0,1,0.0,0,0,1,0,1,0,0,0,0,1,0,0,1,0,0,0,0
0,-0.0588235294117647,2.0156125284579587,0.0,1.5691245421003506,0.0,0.0,0,0.5,1,0,0,0,1,0,0,0,0,1,0,0,0,0,0,0,0
1,-0.3529411764705882,0.0,0.0,0.0,0.0,0.0,0,0.0,0,0,0,0,1,0,0,0,0,0,1,0,1,0,0,0,0
0,-1.1764705882352942,0.0,0.0,0.0,0.0,0.0,0,1.0,0,0,1,0,1,0,0,0,0,1,0,0,0,1,0,0,0
0,1.1764705882352942,0.0,1.914405084705304,0.0,1.6320592573265509,0.5916741449658187,1,1.5,1,1,0,0,0,0,1,0,0,0,0,0,0,0,0,0,0
0,1.411764705882353,0.0,0.0,0.0,0.0,1.8260202048412597,0,0.0,1,0,0,0,1,0,0,0,0,1,0,0,0,0,1,0,0
0,0.0588235294117647,1.1084807244933503,1.2873838075868074,2.008330708423232,0.0,0.0,0,0.0,1,0,0,0,1,0,0,0,0,1,0,0,0,0,0,1,0
0,-0.0588235294117647,2.1267507060940725,1.1344751079805375,2.6790704295530525,0.69506137148576,0.4333934776341722,0,0.5,1,0,1,0,1,0,0,0,0,1,0,0,0,0,0,0,0
0,-0.3529411764705882,1.900248037181166,1.2582475796541028,2.0221243820247,0.0,1.731410987196846,1,0.0,1,0,1,0,1,0,0,1,0,0,0,0,0,0,0,0,0
0,-0.2941176470588235,0.0,0.725862546276467,2.325737722342734,0.2754115523761867,1.2891877838339116,0,0.0,1,0,0,0,1,0,0,0,1,0,0,0,1,0,0,0,0
1,1.2352941176470589,0.0,0.0,0.0,0.0,0.0,1,0.0,0,0,0,1,0,0,0,0,0,0,1,0,1,0,0,0,0
0,-0.4117647058823529,0.6160483210529383,0.0,2.324432417701137,1.14161321239748,1.0791047307690649,1,1.0,1,0,0,0,1,0,0,0,1,0,0,0,0,0,0,0,0
1,-0.5294117647058824,0.0,0.0,0.0,0.0,0.0,0,0.0,0,0,0,1,0,0,0,0,0,0,1,0,0,0,1,0,0
1,-0.7647058823529411,0.0,0.0,0.0,0.0,0.0,0,0.0,0,0,0,1,0,0,0,0,0,0,1,0,1,0,0,0,0
1,-1.1764705882352942,0.0,0.0,0.0,0.0,0.0,0,1.0,0,0,0,0,1,0,0,0,0,0,1,0,0,0,0,0,0
1,-0.2352941176470588,0.0,0.0,0.0,0.0,0.0,0,0.0,0,0,0,0,1,0,0,0,0,0,1,0,0,0,0,0,0
0,0.1176470588235294,0.0,0.0,2.164480775032766,0.0,0.0,1,0.0,1,0,0,0,1,0,0,0,0,1,0,0,1,0,0,0,0
0,0.5882352941176471,1.1723953912990448,1.3057659933110275,0.0,1.5275994335684415,1.7482466257298606,1,1.0,1,1,0,0,1,0,1,0,0,0,0,0,1,0,0,0,0
1,0.9411764705882352,0.0,0.0,0.0,0.0,0.0,1,0.5,0,0,1,0,1,0,0,0,0,1,0,0,0,0,0,0,0
0,0.0,0.0,1.8282394139994511,0.0,1.925693427923256,0.0,0,0.0,1,1,0,0,1,0,1,0,0,0,0,0,0,0,0,0,0
0,0.0,0.0,0.5579137673194251,0.0,0.930956861034032,2.407060889319629,1,0.0,1,1,0,0,1,0,1,0,0,0,0,0,0,0,0,0,0
0,-0.1764705882352941,0.0,1.082084493017009,2.091599394282046,0.0,0.1866524112389433,1,0.0,1,0,0,0,1,0,0,0,1,0,0,0,0,0,0,0,0
1,-0.5882352941176471,0.0,0.0,0.0,0.0,0.0,1,3.5,0,0,0,0,1,0,0,0,0,0,1,0,0,0,0,1,0
0,0.0,1.8908358871748927,0.6020900746029018,0.4421294589150075,0.0,0.4333934776341722,1,0.5,1,0,1,0,0,0,0,0,0,1,0,0,0,0,0,0,0
1,-1.588235294117647,0.0,0.0,0.0,0.0,0.0,0,2.0,0,0,0,0,1,0,0,0,0,0,1,0,0,0,0,0,0
0,0.1176470588235294,0.0,2.263785344712522,0.818036705164662,1.6745113813121275,1.6154086831201775,1,0.0,1,1,0,0,0,0,1,0,0,0,0,0,0,0,0,0,0
0,0.0,0.0,1.7487783915758484,0.0,1.7912320660072212,0.0,1,0.0,1,0,0,0,1,0,0,0,0,1,0,0,0,0,0,1,0
0,0.4117647058823529,1.804663610846992,0.9573818901800208,1.8911178701162945,0.0,0.8667869552683445,1,0.0,1,0,1,0,1,0,0,0,1,0,0,0,0,0,0,0,0
1,-0.1176470588235294,0.0,0.0,0.0,0.0,0.0,1,0.0,0,0,0,0,0,0,0,0,0,0,1,0,0,0,0,0,0
1,0.6470588235294118,0.0,0.0,0.0,0.0,0.0,0,0.5,0,1,0,0,0,0,1,0,0,0,0,0,0,0,0,0,0
0,0.1176470588235294,1.5304487450216715,0.0,1.2412143126717117,1.718056280292434,0.0,0,0.5,1,0,1,0,1,0,0,0,1,0,0,0,1,0,0,0,0
0,-0.2941176470588235,0.0,0.8997943173744595,2.0847404419957662,0.0,1.1800031225899457,0,0.0,1,0,0,0,1,0,0,0,0,0,1,0,0,0,1,0,0
0,-0.5882352941176471,0.0,0.7376843479474341,0.0,0.6788821839071186,1.82724005973848,1,0.5,1,0,0,1,0,0,0,0,0,1,0,0,0,0,1,0,0
0,-0.6470588235294118,0.0,1.0259192237451216,2.341205260985609,0.0,0.0,1,0.0,1,0,0,0,1,0,0,0,1,0,0,0,1,0,0,0,0
0,0.2941176470588235,0.0,0.0,0.0,1.479733502189693,1.913021739010509,0,0.0,1,0,0,0,1,0,0,0,1,0,0,0,1,0,0,0,0
0,-0.0588235294117647,1.782697075042988,0.0,0.0,1.961813995962266,0.1866524112389433,1,0.0,1,0,1,0,1,0,0,1,0,0,0,0,0,0,0,0,0
0,0.8823529411764706,0.0,0.0,1.115137621272999,1.6671611044208938,0.0,0,0.0,1,0,0,0,1,0,0,0,0,1,0,0,1,0,0,0,0
1,0.8235294117647058,0.0,0.0,0.0,0.0,0.0,1,0.5,0,1,0,0,1,0,1,0,0,0,0,0,0,0,0,0,0
1,-0.2352941176470588,0.0,0.0,0.0,0.0,0.0,0,0.0,0,0,1,0,1,0,0,0,0,1,0,0,0,0,0,0,1
0,0.2941176470588235,1.9059129117132505,0.0,1.3004448942022404,0.0,0.0,0,0.0,1,0,1,0,1,0,0,0,1,0,0,0,0,0,0,0,0
0,0.8235294117647058,0.0,1.569363087947745,0.0,1.7177914198362707,0.0,1,1.5,1,1,0,0,1,1,0,0,0,0,0,0,0,0,0,0,0
0,-0.2352941176470588,0.0,0.0,0.0,0.0,1.7617732584662258,0,0.0,1,0,0,0,1,0,0,0,0,1,0,0,0,0,0,0,1
0,-0.1764705882352941,1.7789117897152484,0.0,1.0,0.0,0.0,1,0.0,1,0,0,0,1,0,0,0,1,0,0,0,1,0,0,0,0
0,1.1176470588235294,0.0,2.184219830622097,0.0,1.7344504611342246,1.3683333118923604,1,1.0,1,1,0,0,0,0,1,0,0,0,0,0,0,0,0,0,0
0,-0.8235294117647058,1.5740616451783565,1.015148611881377,2.040166307026826,1.633917608300782,0.0,0,0.5,1,0,1,1,0,0,0,0,0,1,0,0,0,0,1,0,0
1,-1.1176470588235294,0.0,0.0,0.0,0.0,0.0,0,3.5,0,0,0,0,1,0,0,0,0,0,1,0,0,1,0,0,0
1,-0.1764705882352941,0.0,0.0,0.0,0.0,0.0,1,0.0,0,0,0,0,1,0,0,0,0,0,1,0,0,0,0,0,0
0,0.8823529411764706,0.0,0.0,1.7113653049529662,1.283031908043077,1.9114683951429,1,0.0,1,0,0,0,1,0,0,0,1,0,0,0,0,0,0,0,0
0,0.8823529411764706,0.9009078313168304,0.0,0.0,0.0,1.7189666768872458,1,0.5,1,0,0,0,0,0,0,0,0,0,1,0,0,0,0,0,0
0,-0.1764705882352941,1.903965537585923,0.0,0.0,0.17376534287144,0.3733048224778867,1,0.5,1,0,0,0,1,0,0,0,0,1,0,0,0,0,1,0,0
1,-0.4705882352941176,0.0,0.0,0.0,0.0,0.0,0,3.5,0,0,0,0,0,0,0,0,0,0,1,0,0,1,0,0,0
0,0.2352941176470588,0.1854490234153689,1.1276493363098172,2.296186135223876,1.6419345542068655,1.3044548481747045,1,1.0,1,1,0,0,1,0,1,0,0,0,0,0,1,0,0,0,0
0,0.0588235294117647,0.0,2.314510904573707,0.0,1.7132454427086714,1.5945774885416597,1,2.5,1,1,0,0,1,0,1,0,0,0,0,0,0,0,0,0,0
0,0.0,1.0769682989220186,0.0,1.2539731735908168,1.8859290561845956,0.1866524112389433,1,0.0,1,0,1,0,1,0,0,1,0,0,0,0,0,0,0,0,0
0,0.4117647058823529,1.0357258415701949,1.3721289281628457,0.0,2.0975435437113825,0.0,1,1.0,1,1,0,0,1,1,0,0,0,0,0,0,0,0,0,0,0
0,1.0588235294117647,0.0,0.7894331112229788,1.4279525032232998,1.729188400507556,1.6641703843752695,0,0.0,1,0,0,0,1,0,0,0,0,1,0,0,0,0,0,0,0
0,-0.4117647058823529,1.6467100419761584,1.177527056538668,0.0,0.0,0.6200458888731157,0,0.0,1,0,0,0,0,0,0,0,0,1,0,0,1,0,0,0,0
1,1.1176470588235294,0.0,0.0,0.0,0.0,0.0,0,0.5,0,0,1,0,1,0,0,0,0,1,0,0,0,1,0,0,0
0,1.1176470588235294,1.7833795917050084,0.0,0.0,0.0,0.4333934776341722,1,0.0,1,0,0,0,1,0,0,0,0,1,0,0,1,0,0,0,0
1,-0.3529411764705882,0.0,0.0,0.0,0.0,0.0,0,0.5,0,0,0,0,1,0,0,0,0,0,1,0,0,0,0,0,0
1,1.0,0.0,0.0,0.0,0.0,0.0,1,0.5,0,1,0,0,0,0,1,0,0,0,0,0,0,0,0,0,0
0,1.0,1.909765646253858,0.3358975579140839,0.0,0.17376534287144,0.0,0,0.0,1,0,0,0,1,0,0,0,0,1,0,0,0,1,0,0,0
1,0.6470588235294118,0.0,0.0,0.0,0.0,0.0,1,3.0,0,0,1,0,0,0,0,0,0,1,0,0,0,1,0,0,0
0,0.0588235294117647,0.0,1.465271448625293,0.0,1.8861999264415683,2.30237824248692,1,0.0,1,1,0,0,1,0,0,0,1,0,0,0,0,0,0,0,0
0,0.5882352941176471,1.8349842910785028,0.0,0.0,1.1016462095047468,0.0,0,0.0,1,0,0,0,1,0,0,0,0,1,0,0,0,0,0,1,0
1,0.6470588235294118,0.0,0.0,0.0,0.0,0.0,0,0.0,0,0,1,0,1,0,0,0,1,0,0,0,0,0,0,0,0
0,0.7058823529411765,0.0,0.0,0.0,0.0,0.0,0,0.0,0,1,0,0,1,1,0,0,0,0,0,0,0,0,0,0,0
0,1.2941176470588236,0.0,0.7134342389808734,0.0,0.0,1.7590433617246626,1,0.0,1,0,0,1,0,0,0,0,0,1,0,0,0,0,0,0,1
0,0.4705882352941176,1.919980968064546,0.0,0.0,0.2754115523761867,0.0,1,1.5,1,0,1,0,1,0,0,0,0,1,0,0,0,0,1,0,0
0,0.1764705882352941,0.0,1.1496916954186869,0.0,1.651780603938134,1.136239617646845,1,0.0,1,0,0,0,1,0,0,0,0,0,1,0,0,0,0,1,0
0,0.8235294117647058,0.0,1.2541752338692689,1.9225927732876784,1.2278414109400706,0.0,0,0.0,1,0,0,0,1,0,0,0,0,1,0,0,0,0,0,1,0
0,-0.7647058823529411,1.7736621827164525,1.076449381582659,0.0,0.5508231047523734,1.2400917777462317,1,0.0,1,0,0,0,1,0,0,0,0,1,0,0,0,0,0,0,0
0,0.3529411764705882,1.7708196976909545,1.1812548049965876,2.2180359413675714,1.5364940392126956,0.0,1,0.0,1,0,1,0,1,0,0,1,0,0,0,0,0,0,0,0,0
0,-0.2352941176470588,2.0578749885184235,0.0,0.0,0.0,0.0,1,0.0,1,0,0,0,1,0,0,0,0,1,0,0,0,0,0,1,0
0,0.7647058823529411,0.4305992976375693,0.6020900746029018,2.075359501327191,0.0,1.791151956690802,0,0.0,1,0,0,0,1,0,0,0,0,1,0,0,0,1,0,0,0
0,-0.1764705882352941,0.0,1.9126939909783705,0.0,0.2754115523761867,1.030986157725736,0,0.0,1,0,0,0,1,0,0,0,0,1,0,0,0,0,0,1,0
0,0.1764705882352941,0.0,0.0,0.4421294589150075,2.041064117984875,0.0,0,3.0,1,0,0,0,1,0,0,0,0,1,0,0,0,0,1,0,0
0,-0.7058823529411765,0.0,0.0,0.0,0.0,0.0,0,2.0,0,1,0,0,0,0,0,0,1,0,0,0,1,0,0,0,0
0,-0.2352941176470588,1.4814937735352105,0.0,0.0,1.7022121814105118,0.0,0,0.0,1,0,1,0,0,0,0,0,0,1,0,0,1,0,0,0,0
0,-0.2941176470588235,0.0,0.0,1.9426953017907715,0.0,1.6290873979459155,0,0.0,1,0,0,0,1,0,0,0,0,1,0,0,0,0,0,0,1
1,1.1176470588235294,0.0,0.0,0.0,0.0,0.0,1,0.0,0,0,1,0,1,0,0,0,0,1,0,0,0,0,1,0,0
0,-0.9411764705882352,0.0,0.0,0.0,0.0,0.0,1,3.0,0,0,0,0,1,0,0,0,0,0,1,0,0,0,0,0,0
0,2.0,1.8772685658388388,0.0,1.3503793064222112,0.0,0.0,0,0.5,1,0,1,0,1,0,0,1,0,0,0,0,0,0,0,0,0
0,1.5294117647058822,1.546617038465615,1.1620146324710343,0.8636757125382628,1.5320861823868426,0.0,0,0.0,1,0,0,0,1,0,0,0,0,0,1,0,1,0,0,0,0
1,-1.588235294117647,0.0,0.0,0.0,0.0,0.0,1,0.5,0,0,0,0,1,0,0,0,0,0,1,0,1,0,0,0,0
0,1.1176470588235294,1.9352848585754912,1.3176404743757286,0.0,1.8452668191035029,0.1866524112389433,0,1.0,1,1,0,0,1,0,1,0,0,0,0,0,0,0,0,0,0
0,0.8823529411764706,1.9795185318754984,0.0,1.0847404419957667,0.4034706315309319,1.2480514461492138,0,0.0,1,0,1,0,1,0,0,0,0,1,0,0,0,1,0,0,0
0,0.1764705882352941,1.1656217032607967,1.878277906619199,0.5714440358797147,1.1959648293340936,0.1866524112389433,0,3.0,1,0,0,0,1,0,0,0,0,1,0,0,0,0,1,0,0
0,2.235294117647059,1.6398052358826425,0.0,2.0158762411805413,0.0,0.0,0,0.0,1,0,0,0,1,0,0,0,0,0,1,0,0,0,1,0,0
1,0.0,0.0,0.0,0.0,0.0,0.0,1,0.0,0,0,0,0,1,0,0,0,0,0,1,0,0,0,0,1,0
0,0.4117647058823529,0.0,1.98658770954884,0.0,1.0686129167933816,0.8973043878834545,0,0.0,1,1,0,0,1,0,0,0,0,0,0,0,0,0,0,0,0
1,-1.588235294117647,0.0,0.0,0.0,0.0,0.0,1,2.0,0,0,0,0,1,0,0,0,0,0,1,0,0,0,0,0,0
0,-0.4117647058823529,0.0,0.961997246306954,0.0,1.1806340026274782,1.7292305501170817,1,0.0,1,0,0,0,1,0,0,0,0,1,0,0,0,0,0,0,1
0,-0.1764705882352941,0.0,0.7700388535599437,0.0,1.308693081782223,2.11400049328738,1,0.0,1,0,0,1,0,0,0,0,0,1,0,0,0,0,0,0,0
0,0.0588235294117647,1.9915253201363223,0.0,1.336202350730503,0.17376534287144,0.0,1,1.0,1,0,1,0,1,0,0,0,0,1,0,0,0,0,0,0,1
1,0.2941176470588235,0.0,0.0,0.0,0.0,0.0,0,3.5,0,0,0,1,0,0,0,0,0,0,1,0,0,0,0,1,0
1,-0.5882352941176471,0.0,0.0,0.0,0.0,0.0,0,0.0,0,0,0,0,0,0,0,0,0,0,1,0,0,1,0,0,0
0,3.0,0.0,0.0,0.0,1.5270329013534572,0.4333934776341722,1,1.5,1,0,0,0,1,0,0,0,0,0,1,0,0,0,0,0,0
0,1.588235294117647,0.1854490234153689,0.0,1.499119450424344,0.0,0.1866524112389433,1,0.0,1,0,0,0,1,0,0,0,0,0,1,0,0,0,1,0,0
0,-0.5294117647058824,0.0,2.032070690933775,0.0,1.934107410200642,0.0,1,0.0,1,0,0,0,0,0,1,0,0,0,0,0,0,0,0,0,0
0,-1.1176470588235294,0.0,0.0,0.0,0.0,0.0,0,0.0,0,0,1,0,1,0,0,0,0,1,0,0,0,1,0,0,0
0,-0.6470588235294118,0.0,0.0,0.9554258650310592,1.7245884476238134,0.0,1,0.0,1,0,0,0,1,0,0,0,1,0,0,0,1,0,0,0,0
1,0.0588235294117647,0.0,0.0,0.0,0.0,0.0,1,3.5,0,0,0,1,0,0,0,0,0,0,1,0,0,0,0,1,0
0,0.7058823529411765,0.0,0.0,0.0,1.6903754332132688,0.1866524112389433,0,0.0,1,0,0,0,1,0,0,0,0,0,1,0,0,0,0,1,0
0,-0.2352941176470588,0.3708980468307378,1.4151808767209757,0.0,2.0962585481752214,0.0,0,0.0,1,1,0,0,1,0,0,0,1,0,0,0,0,0,0,0,0
1,1.0,0.0,0.0,0.0,0.0,0.0,1,2.0,0,1,0,0,1,1,0,0,0,0,0,0,0,0,0,0,0
1,0.0,0.0,0.0,0.0,0.0,0.0,0,1.0,0,0,0,0,1,0,0,0,0,0,1,0,0,0,1,0,0
0,0.2941176470588235,1.4080137428845103,0.0,1.9426953017907715,0.738142580866548,0.0,0,0.0,1,0,1,1,0,0,0,0,0,1,0,0,0,0,1,0,0
0,0.2352941176470588,2.0400698635694154,0.0,2.2158985442606114,1.2333919786081171,0.0,0,0.0,1,0,1,0,1,0,0,1,0,0,0,0,0,0,0,0,0
1,1.9411764705882355,0.0,0.0,0.0,0.0,0.0,1,0.0,0,1,0,0,1,1,0,0,0,0,0,0,1,0,0,0,0
0,-0.7647058823529411,0.5563470702461066,1.6141598792336214,0.0,0.0,0.0,1,0.0,1,0,0,0,1,0,0,0,1,0,0,0,0,0,0,0,0
1,-0.5294117647058824,0.0,0.0,0.0,0.0,0.0,1,0.0,0,0,0,1,0,0,0,0,0,0,1,0,0,0,0,0,0
1,0.1176470588235294,0.0,0.0,0.0,0.0,0.0,0,0.0,0,0,0,0,1,0,0,0,0,0,1,0,0,0,1,0,0
0,-0.1764705882352941,0.0,0.0,2.097870671967357,0.0,0.0,1,3.5,1,0,0,0,1,0,0,0,0,1,0,0,0,0,0,0,0
1,-0.7058823529411765,0.0,0.0,0.0,0.0,0.0,1,1.5,0,0,0,0,1,0,0,0,0,0,1,0,0,0,1,0,0
0,-1.0,0.0,0.0,0.0,0.0,0.0,1,0.5,0,1,0,0,0,1,0,0,0,0,0,0,0,0,0,0,0
0,0.3529411764705882,1.933151458180727,0.0,1.0135734947947224,1.711077296018293,0.5239995654055677,1,0.0,1,0,1,0,1,0,0,1,0,0,0,0,0,0,0,0,0
1,0.2941176470588235,0.0,0.0,0.0,0.0,0.0,1,0.0,0,1,0,0,1,0,0,0,1,0,0,0,1,0,0,0,0
1,-0.6470588235294118,0.0,0.0,0.0,0.0,0.0,1,2.0,0,0,1,0,1,0,0,0,0,1,0,0,1,0,0,0,0
0,-0.0588235294117647,1.1948375792255497,1.4380181602821118,0.0,0.0,1.1731854797572434,0,0.0,1,0,0,1,0,0,0,0,0,0,1,0,1,0,0,0,0
1,0.5882352941176471,0.0,0.0,0.0,0.0,0.0,1,0.5,0,1,0,0,0,0,0,0,0,1,0,0,1,0,0,0,0
0,1.411764705882353,0.0,2.352345362562436,2.164480775032766,0.0,1.5880003839188452,1,0.5,1,1,0,0,1,1,0,0,0,0,0,0,0,0,0,0,0
0,1.9411764705882355,0.0,0.5323850333776358,0.0,1.476285161733096,1.1626240277512538,1,0.0,1,0,0,0,1,0,0,0,0,0,1,0,0,0,0,1,0
0,-1.1764705882352942,0.0,0.0,0.0,0.0,0.0,1,3.5,0,0,0,0,1,0,0,0,0,0,1,0,0,1,0,0,0
1,-0.2941176470588235,0.0,0.0,0.0,0.0,0.0,0,0.5,0,1,0,0,1,1,0,0,0,0,0,0,0,0,0,0,0
0,-0.1764705882352941,0.0,0.0,1.7343611355735558,1.559442228268011,0.4824894837218527,0,0.0,1,0,0,0,1,0,0,0,0,1,0,0,0,0,0,0,0
0,0.8823529411764706,0.9660880391837954,0.0,2.502255453950131,0.0,0.6200458888731157,1,0.0,1,0,1,0,1,0,0,0,0,1,0,0,0,1,0,0,0
0,-0.0588235294117647,0.0,0.5579137673194251,0.0,0.34753068574288,2.053176523628377,1,1.0,1,1,0,0,1,1,0,0,0,0,0,0,0,0,0,0,0
1,1.0,0.0,0.0,0.0,0.0,0.0,1,1.0,0,1,0,0,0,0,1,0,0,0,0,0,0,0,0,0,0
0,-1.0,0.0,0.0,0.0,0.0,0.0,0,1.0,0,0,0,0,1,0,0,0,0,0,1,0,0,0,0,1,0
0,0.1176470588235294,1.5007939085213395,1.556345484365259,0.0,0.0,0.1866524112389433,0,0.0,1,0,0,0,1,0,0,0,0,0,1,0,0,0,0,0,0
0,-0.3529411764705882,0.0,0.2661925166888179,2.073449741196172,0.0,0.6200458888731157,1,0.0,1,0,0,0,1,0,0,0,0,0,1,0,0,0,0,0,0
1,-0.5294117647058824,0.0,0.0,0.0,0.0,0.0,1,0.0,0,0,0,0,1,0,0,0,0,1,0,0,1,0,0,0,0
0,-0.1764705882352941,1.856312941646128,0.0,0.0,0.0,1.8913754273716932,0,0.0,1,0,0,0,0,0,0,0,0,1,0,0,1,0,0,0,0
1,2.176470588235294,0.0,0.0,0.0,0.0,0.0,1,0.0,0,0,0,0,1,0,0,0,0,0,1,0,1,0,0,0,0
0,0.0,0.1854490234153689,0.832051221042958,2.107052263925305,0.0,0.9495872064079016,1,0.0,1,0,0,0,1,0,0,0,0,1,0,0,0,0,0,0,1
0,-0.1764705882352941,1.697752077869047,1.2251226477310515,0.0,0.6430081763978817,0.0,0,0.5,1,0,0,0,1,0,0,0,0,1,0,0,0,0,0,0,1
0,-1.3529411764705883,0.0,0.0,0.0,0.0,0.0,1,1.0,0,0,0,0,0,0,0,0,0,0,1,0,0,1,0,0,0
1,0.0588235294117647,0.0,0.0,0.0,0.0,0.0,1,0.5,0,0,0,0,1,0,0,0,0,0,1,0,0,0,0,0,0
1,0.4117647058823529,0.0,0.0,0.0,0.0,0.0,0,0.0,0,0,1,0,1,0,0,0,1,0,0,0,0,0,0,0,0
1,0.0,0.0,0.0,0.0,0.0,0.0,0,1.5,0,1,0,0,0,0,0,0,0,0,0,0,0,0,0,0,0
1,-0.2941176470588235,0.0,0.0,0.0,0.0,0.0,1,0.0,0,0,0,0,1,0,0,0,0,0,1,0,0,0,0,0,0
0,-1.3529411764705883,0.0,0.0,0.0,0.0,0.0,1,1.5,0,0,0,0,0,0,0,0,0,0,1,0,0,0,0,1,0
0,-0.2941176470588235,0.0,0.0,0.0,0.0,1.909682103298692,1,0.0,1,0,0,0,1,0,0,0,0,1,0,0,0,0,0,1,0
0,-0.5882352941176471,0.0,0.0,2.3434722940387407,0.0,0.0,1,0.0,1,0,0,0,1,0,0,0,0,1,0,0,0,0,1,0,0
0,1.1176470588235294,0.0,1.6809033663554638,0.0,0.0,0.0,1,0.0,1,0,0,0,1,0,0,0,0,1,0,0,0,1,0,0,0
0,0.0,0.0,0.4714918312586162,0.0,1.6804248989198995,1.2608160399266148,1,1.5,1,0,0,0,1,0,0,0,0,0,1,0,0,1,0,0,0
1,0.2941176470588235,0.0,0.0,0.0,0.0,0.0,0,0.0,0,1,0,1,0,0,1,0,0,0,0,0,0,0,0,0,0
0,1.3529411764705883,0.0,1.8176375562341796,0.0,1.2143911908173477,1.4846699208016172,0,0.0,1,1,0,0,1,0,0,1,0,0,0,0,0,0,0,0,0
0,-0.2941176470588235,0.0,0.0,2.1549816149940666,1.0386440953455376,0.0,0,0.5,1,0,0,0,1,0,0,0,0,1,0,0,0,0,0,1,0
0,-0.2941176470588235,0.0,0.0,1.6303610966291304,0.6788821839071186,1.735719599244502,0,0.0,1,0,0,0,1,0,0,0,0,0,1,0,0,0,1,0,0
0,0.4117647058823529,0.0,2.092804320346765,1.221064729457504,1.8974494696026951,1.0887229856354037,0,0.0,1,1,0,0,0,0,1,0,0,0,0,0,0,0,0,0,0
1,-0.4117647058823529,0.0,0.0,0.0,0.0,0.0,1,0.0,0,0,1,0,1,0,0,0,0,1,0,0,0,0,0,0,1
0,-0.7058823529411765,0.0,1.5212786496403965,1.0847404419957667,0.0,1.3733048224778868,1,0.0,1,0,0,0,1,0,0,0,0,1,0,0,0,0,0,1,0
1,1.3529411764705883,0.0,0.0,0.0,0.0,0.0,1,0.0,0,1,0,0,1,1,0,0,0,0,0,0,0,0,0,0,0
1,0.7058823529411765,0.0,0.0,0.0,0.0,0.0,1,1.0,0,1,0,0,0,0,1,0,0,0,0,0,0,0,0,0,0
1,-0.7647058823529411,0.0,0.0,0.0,0.0,0.0,0,0.0,0,0,1,0,1,0,0,0,0,1,0,0,0,0,0,0,1
0,-1.2352941176470589,0.0,0.0,0.0,0.0,0.0,1,2.5,0,0,0,0,1,0,0,0,0,0,1,0,0,0,1,0,0
1,-0.5882352941176471,0.0,0.0,0.0,0.0,0.0,0,0.0,0,0,0,0,1,0,0,0,0,0,1,0,0,0,1,0,0
1,-0.7058823529411765,0.0,0.0,0.0,0.0,0.0,1,0.5,0,0,0,0,1,0,0,0,0,0,1,0,0,1,0,0,0
1,-0.0588235294117647,0.0,0.0,0.0,0.0,0.0,1,1.0,0,1,0,0,1,0,0,0,0,0,0,0,0,0,0,0,0
0,1.3529411764705883,1.4175456655212453,0.0,1.6614561514340669,0.0,0.0,1,0.0,1,0,0,1,0,0,0,0,0,1,0,0,0,0,1,0,0
0,1.4705882352941178,0.0,1.7597267070563034,1.1053236472875188,0.0,1.9351029616344104,0,1.0,1,1,0,0,0,0,1,0,0,0,0,0,0,0,0,0,0
0,-0.1764705882352941,0.2939297479087193,0.0,0.0,0.9953140617275088,1.739539273331114,0,0.0,1,0,0,0,1,0,0,0,0,1,0,0,0,0,0,1,0
0,-0.0588235294117647,0.0,0.0,2.1428880717594296,0.17376534287144,0.0,0,0.0,1,0,0,0,1,0,0,0,0,1,0,0,0,0,1,0,0
1,0.3529411764705882,0.0,0.0,0.0,0.0,0.0,0,0.0,0,0,0,1,0,0,0,0,0,0,1,0,0,1,0,0,0
1,-1.1176470588235294,0.0,0.0,0.0,0.0,0.0,1,1.5,0,0,0,0,0,0,0,0,0,0,1,0,1,0,0,0,0
0,-0.0588235294117647,0.6862429319367085,1.0362313702487616,0.0,1.1643042050122017,1.733573910536689,1,1.0,1,0,0,0,0,0,0,0,0,1,0,0,1,0,0,0,0
1,-0.7647058823529411,0.0,0.0,0.0,0.0,0.0,0,3.0,0,1,0,0,1,0,1,0,0,0,0,0,0,0,0,0,0
1,-0.2352941176470588,0.0,0.0,0.0,0.0,0.0,1,0.0,0,0,0,0,0,0,0,0,0,0,1,0,1,0,0,0,0
0,0.0,1.0124462620792734,1.2188694265979116,1.6614561514340669,0.17376534287144,2.0475967160293,0,0.0,1,0,1,0,1,0,0,1,0,0,0,0,0,0,0,0,0
1,-0.4117647058823529,0.0,0.0,0.0,0.0,0.0,0,0.0,0,0,0,0,1,0,0,0,0,0,1,0,0,0,0,0,0
0,0.8235294117647058,1.3660772607948242,0.0,2.238086138794467,0.17376534287144,0.7928859131524942,1,0.0,1,0,1,0,1,0,0,0,1,0,0,0,1,0,0,0,0
0,-0.4705882352941176,1.8160633965896351,0.0,0.0,1.8476460561819208,0.6906959960353908,1,0.0,1,0,0,0,1,0,0,0,0,1,0,0,0,0,0,0,1
1,-0.4705882352941176,0.0,0.0,0.0,0.0,0.0,1,0.0,0,0,1,0,1,0,0,0,0,1,0,0,0,0,0,0,1
0,-0.7647058823529411,0.0,0.0,2.093853318778921,1.3930434408444556,0.3733048224778867,0,0.0,1,0,0,0,1,0,0,0,0,1,0,0,0,1,0,0,0
0,-0.2941176470588235,1.759883036623798,0.2661925166888179,1.2539731735908168,0.0,0.0,1,1.0,1,0,0,0,1,0,0,0,0,1,0,0,1,0,0,0,0
1,-0.5882352941176471,0.0,0.0,0.0,0.0,0.0,0,0.0,0,0,0,0,1,0,0,0,0,0,1,0,0,0,0,1,0
1,-1.1764705882352942,0.0,0.0,0.0,0.0,0.0,1,1.0,0,0,0,1,0,0,0,0,0,0,1,0,0,0,1,0,0
1,-0.5294117647058824,0.0,0.0,0.0,0.0,0.0,0,0.0,0,0,0,0,1,0,0,0,0,0,1,0,0,0,0,1,0
0,-0.1764705882352941,0.0,0.0,2.1275007579209038,0.0,0.3733048224778867,1,0.0,1,0,0,0,1,0,0,0,1,0,0,0,0,0,0,0,0
0,-0.0588235294117647,0.0,1.061760104190551,1.272202648724137,0.0,0.0,0,0.0,1,0,0,0,1,0,0,0,0,0,1,0,0,0,0,1,0
1,-0.1764705882352941,0.0,0.0,0.0,0.0,0.0,1,0.0,0,0,0,1,0,0,0,0,0,0,1,0,0,0,0,1,0
1,-0.5294117647058824,0.0,0.0,0.0,0.0,0.0,1,0.0,0,0,1,0,1,0,0,0,0,1,0,0,0,0,0,1,0
0,1.3529411764705883,1.7686678384789691,0.7489560951925592,0.7647583148507885,0.82623465712856,0.4333934776341722,1,0.0,1,0,0,0,1,0,0,0,0,1,0,0,1,0,0,0,0
1,-1.0,0.0,0.0,0.0,0.0,0.0,1,2.5,0,0,0,0,0,0,0,0,0,0,1,0,0,0,0,1,0
1,-1.0588235294117647,0.0,0.0,0.0,0.0,0.0,1,3.5,0,0,0,0,1,0,0,0,0,0,1,0,0,0,0,1,0
0,-0.1764705882352941,0.0,1.3426418982714767,0.8416718857933595,0.0,1.661368251826284,0,0.5,1,0,0,0,0,0,0,0,0,1,0,0,0,0,0,1,0
1,-0.6470588235294118,0.0,0.0,0.0,0.0,0.0,0,0.0,0,0,0,0,1,0,0,0,0,0,1,0,0,1,0,0,0
1,0.0588235294117647,0.0,0.0,0.0,0.0,0.0,1,0.0,0,1,0,0,0,0,1,0,0,0,0,0,0,0,0,0,0
1,1.3529411764705883,0.0,0.0,0.0,0.0,0.0,1,0.0,0,1,0,1,0,0,1,0,0,0,0,0,0,0,0,0,0
0,1.588235294117647,1.7534811990782353,0.8471998329243351,1.6416852088780145,0.5508231047523734,0.0,1,0.0,1,0,0,0,1,0,0,0,0,0,1,0,1,0,0,0,0
0,-0.8235294117647058,0.0,0.0,1.1053236472875188,0.0,1.8037264212997863,0,0.0,1,0,0,0,1,0,0,0,1,0,0,0,0,0,0,0,0
0,-0.4117647058823529,0.0,0.7894331112229788,0.0,0.6229422381190667,0.0,1,0.0,1,0,0,0,1,0,0,0,0,1,0,0,0,0,0,0,1
0,1.2352941176470589,1.5920729118163015,0.0,0.0,1.4982137906631603,0.6457112531348923,0,0.0,1,0,0,0,1,0,0,0,0,1,0,0,0,0,1,0,0
1,-0.5882352941176471,0.0,0.0,0.0,0.0,0.0,0,0.5,0,1,0,0,0,1,0,0,0,0,0,0,0,0,0,0,0
1,-0.4117647058823529,0.0,0.0,0.0,0.0,0.0,0,0.0,0,0,1,0,1,0,0,0,0,1,0,0,0,0,1,0,0
1,0.0,0.0,0.0,0.0,0.0,0.0,1,0.0,0,1,0,0,0,0,0,1,0,0,0,0,0,0,0,0,0
0,0.0,1.389356840285746,0.0,2.3916069421785777,1.2240715594718772,0.0,0,0.5,1,0,1,0,1,0,0,0,1,0,0,0,0,0,0,0,0
0,1.1764705882352942,0.7580159921564845,1.8567211860676576,2.329836291287264,0.0,1.4226743506897082,1,0.5,1,1,0,0,0,0,1,0,0,0,0,0,0,0,0,0,0
1,-0.2941176470588235,0.0,0.0,0.0,0.0,0.0,0,0.5,0,1,0,0,0,0,0,1,0,0,0,0,0,0,0,0,0
1,0.5294117647058824,0.0,0.0,0.0,0.0,0.0,1,0.5,0,1,0,0,1,0,1,0,0,0,0,0,0,0,0,0,0
1,1.2352941176470589,0.0,0.0,0.0,0.0,0.0,1,1.0,0,1,0,0,1,1,0,0,0,0,0,0,0,0,0,0,0
1,2.235294117647059,0.0,0.0,0.0,0.0,0.0,1,0.0,0,1,0,0,0,1,0,0,0,0,0,0,1,0,0,0,0
1,-0.7058823529411765,0.0,0.0,0.0,0.0,0.0,1,0.5,0,0,1,0,1,0,0,0,0,1,0,0,0,0,0,0,0
0,0.7058823529411765,0.0,2.073814416070824,0.350379306422211,1.1980803726773,1.1113650983237304,1,3.0,1,1,0,0,0,0,0,0,0,1,0,0,1,0,0,0,0
1,0.0,0.0,0.0,0.0,0.0,0.0,0,0.0,0,0,0,1,0,0,0,0,0,0,1,0,1,0,0,0,0
1,-0.3529411764705882,0.0,0.0,0.0,0.0,0.0,1,0.5,0,0,0,0,1,0,0,0,0,0,1,0,0,1,0,0,0
1,0.1764705882352941,0.0,0.0,0.0,0.0,0.0,0,0.0,0,0,0,0,1,0,0,0,0,0,1,0,0,0,1,0,0
0,-0.6470588235294118,1.7904428229213472,0.3899649883623831,0.0,0.0,0.0,1,0.0,1,0,0,0,1,0,0,0,0,0,1,0,0,0,1,0,0
1,0.8235294117647058,0.0,0.0,0.0,0.0,0.0,0,1.5,0,1,0,0,0,0,1,0,0,0,0,0,0,0,0,0,0
0,0.6470588235294118,0.9512205263134812,1.8469628657949095,0.0,1.8050773853424429,0.0,1,1.0,1,1,0,0,1,0,0,0,0,0,0,0,0,0,0,0,0
0,0.6470588235294118,0.0,1.6150876360934348,0.0,0.0,0.0,0,1.0,1,0,0,0,1,0,0,0,0,0,1,0,0,0,1,0,0
0,2.235294117647059,0.0,0.0,1.9957515966994972,1.1690794045989483,0.0,0,0.0,1,0,0,0,1,0,0,0,0,0,1,0,0,0,0,0,0
0,0.2941176470588235,1.0954270923770264,0.0,1.9622848173173388,0.0,0.0,0,0.0,1,0,0,1,0,0,0,0,0,0,1,0,1,0,0,0,0
0,0.9411764705882352,0.0,0.8938113252335089,1.8475599728279148,2.1166620984834603,1.1994778117249834,0,0.5,1,1,0,0,0,1,0,0,0,0,0,0,0,0,0,0,0
1,-0.8235294117647058,0.0,0.0,0.0,0.0,0.0,0,0.5,0,1,0,0,1,0,0,0,0,0,0,0,0,0,0,0,0
0,-0.2941176470588235,0.0,0.0,2.075835159862644,0.0,0.9415483256178016,1,0.0,1,0,0,0,1,0,0,0,0,1,0,0,1,0,0,0,0
1,-0.2352941176470588,0.0,0.0,0.0,0.0,0.0,0,0.0,0,0,0,1,0,0,0,0,0,0,1,0,0,0,1,0,0
0,-0.3529411764705882,1.6626959397434458,0.0,1.6800726763587055,0.17376534287144,0.1866524112389433,1,0.0,1,0,0,0,0,0,0,0,0,1,0,0,0,0,0,0,1
0,-0.4705882352941176,0.0,0.0,0.0,0.0,0.0,0,3.0,0,0,1,0,1,0,0,0,1,0,0,0,0,0,0,0,0
1,0.2941176470588235,0.0,0.0,0.0,0.0,0.0,0,0.0,0,0,0,0,0,0,0,0,0,0,1,0,0,0,0,0,0
1,0.1176470588235294,0.0,0.0,0.0,0.0,0.0,1,0.0,0,0,1,0,1,0,0,0,0,1,0,0,0,0,0,1,0
0,0.9411764705882352,0.0,2.204749403400743,0.0,1.262715654817415,1.8235637909269136,1,0.5,1,1,0,0,1,1,0,0,0,0,0,0,1,0,0,0,0
1,0.5294117647058824,0.0,0.0,0.0,0.0,0.0,1,0.0,0,1,0,0,1,1,0,0,0,0,0,0,0,0,0,0,0
0,-0.5294117647058824,0.0,0.0,0.0,0.17376534287144,1.5664462828442505,1,0.5,1,0,0,1,0,0,0,0,0,0,1,0,0,0,0,1,0
0,-1.588235294117647,0.0,0.0,0.0,0.0,0.0,0,1.0,0,1,0,0,1,0,0,0,0,0,0,0,0,0,0,0,0
1,-0.5294117647058824,0.0,0.0,0.0,0.0,0.0,1,0.5,0,0,0,1,0,0,0,0,0,1,0,0,0,0,1,0,0
0,0.4117647058823529,0.0,0.4341412956458598,0.7925087653372185,1.0386440953455376,2.3337300955689404,0,0.0,1,1,0,0,0,0,1,0,0,0,0,0,1,0,0,0,0
0,0.2352941176470588,0.0,1.6027405417600644,0.0,2.208136097386741,2.0677635603323203,0,0.0,1,1,0,0,1,0,1,0,0,0,0,0,0,0,0,0,0
1,-0.2941176470588235,0.0,0.0,0.0,0.0,0.0,0,0.0,0,1,0,0,0,0,0,1,0,0,0,0,0,0,0,0,0
1,1.1176470588235294,0.0,0.0,0.0,0.0,0.0,0,0.0,0,1,0,0,0,0,1,0,0,0,0,0,0,0,0,0,0
0,-0.1764705882352941,1.6534411236943198,1.6658609693421602,1.8682646980254631,0.7510013172738119,0.0,1,0.0,1,0,0,0,1,0,0,0,0,0,1,0,0,0,0,1,0
0,1.8235294117647056,1.424152084791045,2.023070626739212,0.0,2.009365596717628,1.1113650983237304,0,0.0,1,1,0,0,1,0,1,0,0,0,0,0,0,0,0,0,0
0,0.1764705882352941,1.1917445229681092,0.0,0.2210647294575037,1.8678091236360843,0.0,1,0.0,1,0,1,0,1,0,0,0,0,1,0,0,0,0,0,0,0
0,-0.2352941176470588,0.0,1.244398160539701,0.0,0.0,0.0,0,0.0,1,0,0,0,1,0,0,0,0,1,0,0,1,0,0,0,0
0,0.4117647058823529,1.459551451169516,0.0,0.0,1.7451300794010332,1.3615585518542488,0,0.0,1,0,0,0,1,0,0,0,0,1,0,0,0,0,1,0,0
0,-0.3529411764705882,0.6415482152485357,1.6806680104646663,0.4421294589150075,1.9634107554907896,0.0,0,1.0,1,0,0,1,0,0,0,0,0,0,1,0,0,0,0,1,0
0,-0.2941176470588235,1.6706042904700464,0.0,0.350379306422211,1.2202441508002535,1.7153029127778143,1,0.0,1,0,0,0,1,0,0,0,0,1,0,0,0,0,1,0,0
1,-0.5294117647058824,0.0,0.0,0.0,0.0,0.0,1,1.0,0,0,1,0,1,0,0,0,0,1,0,0,0,0,0,0,1
0,0.4705882352941176,1.9853490712801185,0.0,0.6631941883725112,0.0,1.2146955614409585,0,3.0,1,0,0,0,0,0,0,0,0,0,1,0,0,0,1,0,0
0,-0.3529411764705882,2.0599438132771355,0.0,1.871888930081955,0.0,0.806698300112059,0,0.0,1,0,1,0,1,0,0,1,0,0,0,0,0,0,0,0,0
0,-0.3529411764705882,1.7718891716789889,0.4341412956458598,0.0,0.17376534287144,0.0,1,0.0,1,0,0,1,0,0,0,0,0,1,0,0,0,0,1,0,0
0,1.7647058823529411,0.5206212286759118,1.5110653078808258,1.88856301809157,0.0,0.0,0,0.0,1,0,0,0,1,0,0,0,0,0,1,0,0,0,0,1,0
0,0.0,0.0,1.877547618835501,2.241497176538506,1.953673982201431,1.2800586889714096,0,0.5,1,1,0,0,1,0,1,0,0,0,0,0,0,0,0,0,0
0,-0.1176470588235294,1.909765646253858,0.0,1.0,0.7510013172738119,0.0,0,0.0,1,0,0,0,1,0,0,0,1,0,0,0,1,0,0,0,0
1,-1.588235294117647,0.0,0.0,0.0,0.0,0.0,0,2.5,0,0,0,0,0,0,0,0,0,0,1,0,0,0,1,0,0
0,0.0588235294117647,0.0,1.061760104190551,2.424785357147204,0.0,0.0,0,0.0,1,0,1,0,1,0,0,0,1,0,0,0,0,0,0,0,0
1,0.2352941176470588,0.0,0.0,0.0,0.0,0.0,0,0.0,0,1,0,0,0,0,0,0,0,0,0,0,0,0,0,0,0
0,1.0,0.0,1.9954185823448467,0.0,1.5687371809050952,0.4333934776341722,1,0.0,1,1,0,0,1,0,1,0,0,0,0,0,1,0,0,0,0
0,1.3529411764705883,1.018458793455008,1.884956059499218,0.0,1.0,0.0,0,0.0,1,0,0,0,0,0,0,0,0,1,0,0,0,0,0,0,0
1,-0.2941176470588235,0.0,0.0,0.0,0.0,0.0,1,0.5,0,1,0,0,1,1,0,0,0,0,0,0,0,0,0,0,0
0,-0.0588235294117647,0.0,1.6363503798347954,0.5714440358797147,0.8765408737289972,0.0,0,0.5,1,0,0,0,1,0,0,0,0,0,1,0,0,0,0,0,0
0,1.8235294117647056,1.0124462620792734,1.982557139139442,0.0,2.2091459668251745,1.053439366507288,1,0.5,1,1,0,0,1,0,0,0,0,0,0,0,0,0,0,0,0
1,0.0,0.0,0.0,0.0,0.0,0.0,1,0.5,0,1,0,0,1,1,0,0,0,0,0,0,0,0,0,0,0
0,2.117647058823529,0.1854490234153689,1.6476735269253666,0.0,0.0,0.5916741449658187,1,0.0,1,0,0,1,0,0,0,0,1,0,0,0,0,0,0,0,0
0,1.2352941176470589,0.0,2.1895247934520943,0.0,2.241067114424788,1.1931414603663637,0,0.0,1,1,0,0,1,1,0,0,0,0,0,0,0,0,0,0,0
0,-1.1764705882352942,0.0,0.0,0.0,0.0,0.0,1,1.5,0,1,0,0,1,1,0,0,0,0,0,0,0,0,0,0,0
0,1.588235294117647,1.2624173223373871,0.0,2.2462678706939414,0.5508231047523734,0.8557943061997394,0,1.0,1,0,1,0,1,0,0,0,0,1,0,0,0,1,0,0,0
0,-0.2941176470588235,0.0,0.0,0.0,1.6562237675251037,0.915882961356025,0,0.0,1,0,0,0,1,0,0,0,0,0,1,0,1,0,0,0,0
0,0.5882352941176471,1.6982210462387606,0.0,0.6631941883725112,1.17376534287144,0.0,0,0.0,1,0,0,1,0,0,0,0,0,1,0,0,0,0,0,0,1
0,1.3529411764705883,0.0,1.4714918312586165,0.5132964061160518,0.0,2.0496028030926245,1,0.0,1,0,0,0,0,0,0,0,0,1,0,0,0,0,0,0,1
1,-1.3529411764705883,0.0,0.0,0.0,0.0,0.0,1,2.5,0,0,0,0,1,0,0,0,0,0,1,0,0,0,0,0,0
1,-0.2941176470588235,0.0,0.0,0.0,0.0,0.0,0,0.0,0,0,0,0,0,0,0,0,0,0,1,0,0,1,0,0,0
0,-1.588235294117647,0.0,0.0,0.0,0.0,0.0,1,0.0,0,0,0,0,1,0,0,0,0,0,1,0,0,1,0,0,0
1,0.4705882352941176,0.0,0.0,0.0,0.0,0.0,0,2.5,0,1,0,0,0,0,0,0,0,0,0,0,0,0,0,0,0
0,-0.5882352941176471,0.0,1.073581905861518,0.0,0.0,1.8446191545771715,0,0.0,1,0,0,0,1,0,0,0,0,0,1,0,1,0,0,0,0
0,0.0,0.0,0.0,0.0,0.0,0.0,0,1.0,0,0,0,0,1,0,0,0,0,0,1,0,0,0,0,1,0
1,2.0,0.0,0.0,0.0,0.0,0.0,0,0.0,0,0,0,1,0,0,0,0,0,0,1,0,1,0,0,0,0
1,-0.4705882352941176,0.0,0.0,0.0,0.0,0.0,0,0.0,0,0,0,1,0,0,0,0,0,0,1,0,0,0,0,1,0
0,0.1764705882352941,0.0,1.57850752679122,1.176490594488563,0.0,0.6457112531348923,1,0.5,1,0,0,0,1,0,0,0,0,0,1,0,0,1,0,0,0
1,0.0588235294117647,0.0,0.0,0.0,0.0,0.0,1,1.0,0,0,0,0,0,0,0,0,0,0,1,0,0,0,1,0,0
1,0.5294117647058824,0.0,0.0,0.0,0.0,0.0,1,0.0,0,1,0,0,1,0,0,0,0,1,0,0,1,0,0,0,0
1,0.1764705882352941,0.0,0.0,0.0,0.0,0.0,0,3.0,0,1,0,0,1,0,1,0,0,0,0,0,0,0,0,0,0
0,-1.411764705882353,0.0,0.0,0.0,0.0,0.0,0,0.5,0,0,0,0,0,0,0,0,0,0,1,0,0,0,0,1,0
0,0.4117647058823529,0.0,0.0,0.0,1.69823288518596,0.0,1,0.0,1,0,0,0,1,0,0,0,0,1,0,0,0,0,0,0,0
1,-0.3529411764705882,0.0,0.0,0.0,0.0,0.0,0,0.0,0,0,0,0,1,0,0,0,0,0,1,0,1,0,0,0,0
1,0.1176470588235294,0.0,0.0,0.0,0.0,0.0,0,0.5,0,0,1,0,1,0,0,0,0,1,0,0,0,1,0,0,0
1,0.5294117647058824,0.0,0.0,0.0,0.0,0.0,1,0.0,0,0,0,1,0,0,0,0,0,0,1,0,0,0,0,0,0
1,1.3529411764705883,0.0,0.0,0.0,0.0,0.0,0,0.0,0,0,0,0,1,0,0,0,0,0,1,0,0,1,0,0,0
1,1.2352941176470589,0.0,0.0,0.0,0.0,0.0,0,0.0,0,0,0,1,0,0,0,0,0,0,1,0,0,0,1,0,0
1,-0.2352941176470588,0.0,0.0,0.0,0.0,0.0,1,0.0,0,0,1,0,0,0,0,0,0,1,0,0,1,0,0,0,0
1,-0.2941176470588235,0.0,0.0,0.0,0.0,0.0,1,0.0,0,0,0,0,0,0,0,0,0,0,1,0,0,1,0,0,0
0,-0.1764705882352941,1.3981296388933582,0.0,1.9669997984865373,1.880587731190501,1.0741636286876712,1,0.0,1,0,0,0,1,0,0,0,0,1,0,0,0,1,0,0,0
0,-0.0588235294117647,0.0,2.26759618014707,0.0,0.34753068574288,1.604499545451859,0,1.5,1,1,0,0,0,1,0,0,0,0,0,0,0,0,0,0,0
1,-1.411764705882353,0.0,0.0,0.0,0.0,0.0,1,0.5,0,0,0,0,1,0,0,0,0,0,1,0,0,1,0,0,0
0,0.5294117647058824,1.0817037568161083,0.0,1.4054305139129073,0.0,1.6562497395950009,0,0.0,1,0,0,1,0,0,0,0,0,1,0,0,0,0,0,1,0
0,-0.5882352941176471,1.7664985315694552,0.0,0.350379306422211,0.763232542969351,0.0,0,0.0,1,0,0,0,1,0,0,0,0,1,0,0,1,0,0,0,0
0,0.0,1.812724714296223,0.0,1.3162627964925415,1.4213847076836537,0.0,0,1.0,1,0,1,0,1,0,0,0,0,1,0,0,0,0,1,0,0
0,-0.5294117647058824,1.8719368490867216,0.8397438947852097,1.8295592026085932,0.0,0.0,0,0.0,1,0,1,0,1,0,0,0,0,1,0,0,0,0,1,0,0
1,-0.1176470588235294,0.0,0.0,0.0,0.0,0.0,0,0.0,0,1,0,0,0,0,1,0,0,0,0,0,0,0,0,0,0
1,0.0,0.0,0.0,0.0,0.0,0.0,0,0.5,0,0,0,0,0,0,0,0,0,0,1,0,1,0,0,0,0
0,-0.1764705882352941,1.517877139118874,1.01144932062832,1.9218233423019255,0.8983537904952533,0.0,1,0.0,1,0,0,0,1,0,0,0,0,1,0,0,0,0,1,0,0
0,0.1176470588235294,0.0,2.1907040056664204,0.0,2.0062824450947025,2.4437946901185845,1,1.5,1,1,0,0,1,0,0,0,0,0,0,0,0,0,0,0,0
1,-0.2352941176470588,0.0,0.0,0.0,0.0,0.0,1,0.0,0,0,1,0,1,0,0,0,0,1,0,0,0,0,0,0,0
0,-0.1176470588235294,1.2874825350621948,1.076449381582659,0.0,0.0,0.0,0,3.0,1,0,0,0,1,0,0,0,1,0,0,0,0,0,0,0,0
1,0.6470588235294118,0.0,0.0,0.0,0.0,0.0,0,1.0,0,0,0,0,1,0,0,0,0,0,1,0,0,0,0,0,0
1,0.7058823529411765,0.0,0.0,0.0,0.0,0.0,1,0.0,0,0,1,0,0,0,0,0,0,1,0,0,0,0,1,0,0
0,0.0588235294117647,0.0,0.0,0.0,0.0,0.0,0,0.0,0,0,0,0,1,0,0,0,0,0,1,0,0,0,0,1,0
0,0.6470588235294118,1.732066061880984,0.7700388535599437,0.2210647294575037,0.0,0.0,0,3.5,1,0,0,1,0,0,0,0,0,1,0,0,0,0,0,0,1
1,-0.0588235294117647,0.0,0.0,0.0,0.0,0.0,0,0.0,0,1,0,0,1,0,1,0,0,0,0,0,0,0,0,0,0
1,0.7647058823529411,0.0,0.0,0.0,0.0,0.0,0,0.0,0,0,1,0,1,0,0,0,0,1,0,0,0,1,0,0,0
0,0.0,1.5365197500915346,0.0,2.109627747549073,1.3665230018306789,0.0,0,0.5,1,0,1,0,1,0,0,0,0,1,0,0,1,0,0,0,0
0,1.6470588235294117,0.1854490234153689,1.911788538241106,1.1339035624519076,1.5786248444281588,1.938948474301492,1,0.0,1,1,0,0,0,1,0,0,0,0,0,0,0,0,0,0,0
1,-0.5294117647058824,0.0,0.0,0.0,0.0,0.0,1,0.5,0,0,1,0,1,0,0,0,0,1,0,0,0,0,1,0,0
0,0.0588235294117647,0.0,1.7024952795722612,0.4421294589150075,1.5876923934039209,0.55995723371683,0,0.0,1,0,0,0,1,0,0,0,0,0,1,0,0,1,0,0,0
0,0.1176470588235294,2.061996763349609,0.0,0.0,0.0,0.0,1,0.5,1,0,1,0,1,0,0,0,0,1,0,0,0,0,0,1,0
1,-0.7058823529411765,0.0,0.0,0.0,0.0,0.0,1,1.0,0,0,0,0,1,0,0,0,0,0,1,0,0,0,1,0,0
1,0.5294117647058824,0.0,0.0,0.0,0.0,0.0,0,0.0,0,0,0,1,0,0,0,0,0,0,1,0,0,1,0,0,0
0,-0.2941176470588235,1.79011067342317,0.0,0.0,0.0,0.0,1,0.0,1,0,0,0,1,0,0,0,0,1,0,0,0,0,0,0,1
0,0.3529411764705882,0.0,0.0,1.6084944731510895,0.7860382942944486,1.8070264933374056,0,1.0,1,0,0,0,1,0,0,0,1,0,0,0,0,0,0,0,0
0,0.8235294117647058,0.3708980468307378,0.0,2.074883132323161,0.0,0.0,1,0.0,1,0,0,0,1,0,0,0,0,1,0,0,1,0,0,0,0
0,-0.2352941176470588,1.9757258231316248,0.2661925166888179,1.959558911928952,0.0,0.0,0,0.0,1,0,1,0,1,0,0,0,1,0,0,0,1,0,0,0,0
1,2.0,0.0,0.0,0.0,0.0,0.0,0,0.0,0,0,0,0,1,0,0,0,0,0,1,0,0,0,0,0,0
1,-0.4117647058823529,0.0,0.0,0.0,0.0,0.0,1,0.0,0,0,0,1,0,0,0,0,0,0,1,0,0,0,1,0,0
0,0.8823529411764706,0.4305992976375693,0.0,0.0,0.0,1.7976824205163346,1,0.0,1,0,0,0,1,0,0,0,0,1,0,0,0,0,0,0,1
0,1.0588235294117647,0.0,1.7535312279504724,0.0,2.006114703102201,0.0,1,0.0,1,1,0,0,1,0,0,0,0,0,0,0,0,0,0,0,0
0,-0.0588235294117647,0.1854490234153689,1.4781003919147675,1.6398255593589148,1.6098390449411506,1.140170818969702,0,1.0,1,0,1,0,1,0,0,0,1,0,0,0,1,0,0,0,0
0,-0.4117647058823529,0.0,1.538389206415538,1.4092963671716263,0.0,0.0,0,0.0,1,0,0,1,0,0,0,0,0,1,0,0,0,0,0,0,1
1,0.2941176470588235,0.0,0.0,0.0,0.0,0.0,0,1.0,0,0,0,0,1,0,0,0,0,0,1,0,0,0,1,0,0
0,-0.1764705882352941,1.769745931488124,1.5656064410616766,2.1959886371515487,0.4034706315309319,0.0,1,0.0,1,0,1,0,1,0,0,0,0,1,0,0,0,0,0,0,1
1,0.7058823529411765,0.0,0.0,0.0,0.0,0.0,1,0.0,0,0,0,0,0,0,0,0,0,1,0,0,0,0,1,0,0
0,0.6470588235294118,0.0,0.0,0.0,0.0,0.0,1,0.0,0,0,0,0,1,0,0,0,0,1,0,0,1,0,0,0,0
1,-0.2352941176470588,0.0,0.0,0.0,0.0,0.0,1,0.5,0,1,0,0,0,1,0,0,0,0,0,0,0,0,0,0,0
0,0.8823529411764706,0.0,1.620580792857727,0.0,1.9734533625540864,1.753098694083194,1,0.5,1,1,0,0,1,0,1,0,0,0,0,0,0,0,0,0,0
1,0.8823529411764706,0.0,0.0,0.0,0.0,0.0,1,0.0,0,0,1,0,1,0,0,0,0,1,0,0,0,0,1,0,0
1,0.5882352941176471,0.0,0.0,0.0,0.0,0.0,1,0.5,0,0,1,0,1,0,0,1,0,0,0,0,0,0,0,0,0
0,0.7058823529411765,0.0,0.3358975579140839,0.0,1.6767063081406566,1.053439366507288,0,0.0,1,0,0,0,1,0,0,0,0,0,1,0,0,1,0,0,0
0,-0.2941176470588235,0.0,0.0,2.041227635756367,1.3073343229087686,0.4333934776341722,1,0.0,1,0,0,0,1,0,0,0,1,0,0,0,0,0,0,0,0
1,0.2352941176470588,0.0,0.0,0.0,0.0,0.0,1,0.5,0,0,1,0,1,0,0,0,0,1,0,0,0,1,0,0,0
0,0.2352941176470588,0.3708980468307378,0.0,0.0,1.6589193891798262,1.019016075612779,0,0.0,1,0,0,0,1,0,0,0,0,1,0,0,0,0,0,1,0
0,-0.0588235294117647,0.0,1.5358341858630633,0.2210647294575037,1.6342876310962835,1.7983607143461673,0,0.5,1,1,0,0,1,0,0,1,0,0,0,0,0,0,0,0,0
1,1.411764705882353,0.0,0.0,0.0,0.0,0.0,1,0.0,0,0,0,0,0,0,0,0,0,0,1,0,0,1,0,0,0
0,0.6470588235294118,0.0,1.576344129646544,1.4168902732846578,1.401606753811511,0.0,1,0.5,1,0,0,0,1,0,0,0,0,0,1,0,0,1,0,0,0
0,-0.4117647058823529,0.4305992976375693,1.6169325602647524,0.0,0.69506137148576,0.0,0,0.0,1,0,0,0,1,0,0,0,0,0,1,0,1,0,0,0,0
0,-0.7058823529411765,0.0,1.9508308143460205,0.0,0.0,0.0,0,0.0,1,0,0,0,1,0,0,0,0,1,0,0,0,0,0,0,1
1,0.2941176470588235,0.0,0.0,0.0,0.0,0.0,1,0.0,0,1,0,0,1,0,1,0,0,0,0,0,0,0,0,0,0
1,-0.1764705882352941,0.0,0.0,0.0,0.0,0.0,0,0.0,0,0,0,0,1,0,0,0,0,0,1,0,0,0,0,1,0
0,0.0588235294117647,0.0,0.9753381681297422,0.0,1.6264000915402193,0.0,1,0.0,1,0,0,0,1,0,0,0,0,1,0,0,1,0,0,0,0
0,-1.588235294117647,0.0,0.0,0.0,0.0,0.0,0,1.5,0,0,0,0,0,0,0,0,0,0,1,0,1,0,0,0,0
0,0.0,1.7624752018211596,0.0,2.3649143002536,0.0,0.0,0,0.0,1,0,1,0,1,0,0,1,0,0,0,0,0,0,0,0,0
1,0.9411764705882352,0.0,0.0,0.0,0.0,0.0,0,0.5,0,0,1,0,1,0,0,0,0,1,0,0,0,0,0,0,1
0,0.0,0.9272451170768444,1.313389507963178,1.8514258260866336,0.0,0.7292305501170816,1,0.5,1,0,0,0,0,0,0,0,0,1,0,0,0,0,0,0,1
1,-1.2941176470588236,0.0,0.0,0.0,0.0,0.0,1,1.0,0,0,1,0,1,0,0,0,0,1,0,0,0,1,0,0,0
1,1.2352941176470589,0.0,0.0,0.0,0.0,0.0,1,2.0,0,1,0,0,1,1,0,0,0,0,0,0,1,0,0,0,0
0,1.3529411764705883,0.0,2.0413337183158853,0.0,0.17376534287144,1.5055549966673198,0,1.0,1,1,0,0,0,1,0,0,0,0,0,0,0,0,0,0,0
0,0.2352941176470588,0.0,1.084853653106643,0.0,1.936555360750702,1.4584611002341632,1,1.0,1,1,0,0,1,0,1,0,0,0,0,0,0,0,0,0,0
1,-0.5294117647058824,0.0,0.0,0.0,0.0,0.0,0,0.5,0,1,0,0,1,1,0,0,0,0,0,0,0,0,0,0,0
1,-0.8235294117647058,0.0,0.0,0.0,0.0,0.0,0,0.0,0,0,0,1,0,0,0,0,0,0,1,0,1,0,0,0,0
0,0.0,1.8049781862934844,0.0,2.08102111134333,0.17376534287144,0.0,1,0.0,1,0,1,0,1,0,0,0,0,1,0,0,0,0,1,0,0
0,0.5882352941176471,0.0,0.8073893891727001,0.7925087653372185,1.6538410845660805,0.4824894837218527,1,1.0,1,0,0,0,1,0,0,0,0,1,0,0,1,0,0,0,0
0,0.1176470588235294,1.6787899044228,1.462969304270951,0.0,0.0,2.455673623612254,0,1.5,1,1,0,0,0,0,1,0,0,0,0,0,0,0,0,0,0
1,-0.1764705882352941,0.0,0.0,0.0,0.0,0.0,1,1.0,0,0,1,0,1,0,0,0,0,1,0,0,0,0,0,0,0
0,-0.2352941176470588,0.0,1.1008351942046988,0.2210647294575037,0.0,1.6957013912274617,1,0.5,1,0,0,0,1,0,0,0,0,1,0,0,0,1,0,0,0
0,-0.4705882352941176,1.66904121073832,0.0,0.0,1.401606753811511,0.0,1,0.0,1,0,0,0,1,0,0,0,0,1,0,0,0,0,0,0,1
0,0.2941176470588235,0.0,1.810164893410283,0.0,0.0,1.136239617646845,1,0.0,1,0,0,0,1,0,0,0,0,0,1,0,0,0,0,0,0
0,-0.4117647058823529,0.0,0.0,2.472992168074524,1.2022586427056212,0.0,0,0.5,1,0,0,0,1,0,0,0,0,1,0,0,0,0,0,1,0
1,0.0,0.0,0.0,0.0,0.0,0.0,0,0.5,0,1,0,0,1,1,0,0,0,0,0,0,0,0,0,0,0
0,1.0588235294117647,0.0,0.0,0.0,0.0,0.0,0,0.0,0,1,0,0,1,1,0,0,0,0,0,0,0,0,0,0,0
0,0.1764705882352941,1.679293284414039,1.6220848254370452,1.1428880717594294,1.3294876204448174,0.0,1,0.5,1,0,1,0,1,0,0,0,0,1,0,0,0,1,0,0,0
0,-0.1176470588235294,1.9757258231316248,0.8241062840082429,0.6206071563358557,0.0,0.0,1,1.5,1,0,1,0,1,0,0,0,0,1,0,0,0,0,0,1,0
1,-0.1176470588235294,0.0,0.0,0.0,0.0,0.0,1,0.0,0,0,0,0,1,0,0,0,0,0,1,0,0,0,0,0,0
1,-0.1764705882352941,0.0,0.0,0.0,0.0,0.0,1,0.0,0,0,1,0,0,0,0,0,0,1,0,0,1,0,0,0,0
1,-0.8235294117647058,0.0,0.0,0.0,0.0,0.0,0,0.0,0,0,0,0,1,0,0,0,0,0,1,0,0,1,0,0,0
0,0.0588235294117647,0.0,0.1679487789570419,0.818036705164662,1.6985192249069128,0.0,1,0.0,1,0,0,0,1,0,0,0,0,0,1,0,0,0,0,1,0
0,2.411764705882353,0.0,0.0,2.1936977058824048,0.0,0.0,1,0.0,1,0,0,0,1,0,0,0,0,1,0,0,0,0,1,0,0
0,1.2352941176470589,0.0,1.3876087409071918,0.4421294589150075,0.0,1.585024856316821,0,0.0,1,0,0,1,0,0,0,0,0,1,0,0,0,0,0,0,0
0,-1.588235294117647,0.0,0.0,0.0,0.0,0.0,1,0.5,0,0,1,0,1,0,0,0,0,1,0,0,1,0,0,0,0
0,-1.1764705882352942,0.0,0.0,0.0,0.0,0.0,1,2.0,0,0,0,0,1,0,0,0,0,0,1,0,0,0,1,0,0
0,-0.4117647058823529,0.0,1.4577080846938846,2.201484761825046,1.34753068574288,0.0,0,0.0,1,0,0,0,1,0,0,0,1,0,0,0,0,0,0,0,0
0,-0.5882352941176471,0.0,1.5614057250113107,0.0,1.0540760680686303,1.6451135114731066,1,0.0,1,0,0,0,1,0,0,0,0,1,0,0,0,1,0,0,0
0,-0.2352941176470588,1.70101772382657,1.2932794480941046,0.0,0.0,0.6200458888731157,0,0.0,1,0,0,0,1,0,0,0,1,0,0,0,1,0,0,0,0
1,0.0,0.0,0.0,0.0,0.0,0.0,0,0.0,0,1,0,0,0,0,1,0,0,0,0,0,0,0,0,0,0
0,-0.7647058823529411,1.8284410974645209,1.635216815799892,1.4054305139129073,0.0,0.0,0,0.5,1,0,1,0,1,0,0,0,0,1,0,0,0,0,0,0,0
1,0.1176470588235294,0.0,0.0,0.0,0.0,0.0,1,0.0,0,0,1,0,0,0,0,0,1,0,0,0,1,0,0,0,0
1,-0.6470588235294118,0.0,0.0,0.0,0.0,0.0,1,0.0,0,0,0,0,0,0,0,0,0,0,1,0,0,0,1,0,0
0,-0.4117647058823529,1.5356608524472524,0.0,1.8902685247703663,0.0,0.4824894837218527,0,0.0,1,0,0,0,1,0,0,0,0,1,0,0,0,1,0,0,0
1,-0.1764705882352941,0.0,0.0,0.0,0.0,0.0,1,0.0,0,0,0,1,0,0,0,0,0,0,1,0,0,0,0,0,0
0,0.5882352941176471,0.1854490234153689,1.4948897120596305,0.0,0.0,2.387501395698882,1,0.0,1,1,0,0,1,0,1,0,0,0,0,0,0,0,0,0,0
1,-0.4705882352941176,0.0,0.0,0.0,0.0,0.0,1,0.0,0,0,0,0,1,0,0,0,0,0,1,0,1,0,0,0,0
0,-0.5294117647058824,1.8864667472419387,0.0,0.0,1.817842563100201,1.421303953289022,1,0.0,1,0,0,0,1,0,0,0,0,1,0,0,1,0,0,0,0
1,0.3529411764705882,0.0,0.0,0.0,0.0,0.0,1,0.5,0,0,0,0,1,0,0,0,0,0,1,0,0,1,0,0,0
0,0.0,0.3708980468307378,1.617238686484279,0.0,1.477670195081808,0.0,1,0.0,1,0,0,0,1,0,0,0,0,1,0,0,0,0,1,0,0
0,-1.1764705882352942,0.0,0.0,0.0,0.0,0.0,0,1.0,0,0,0,0,0,0,0,0,0,0,1,0,0,0,0,0,0
1,0.0,0.0,0.0,0.0,0.0,0.0,0,3.5,0,0,0,0,1,0,0,0,0,0,1,0,0,0,0,1,0
0,0.1176470588235294,0.3708980468307378,0.0,0.4421294589150075,0.0,1.763320863347008,0,1.0,1,0,0,0,1,0,0,0,0,1,0,0,1,0,0,0,0
0,0.8823529411764706,1.1886152897940538,1.4474473216854056,1.820162906298863,0.0,0.0,1,0.0,1,0,0,0,1,0,0,0,0,1,0,0,0,0,1,0,0
0,-1.0,0.0,0.0,0.0,0.0,0.0,1,1.0,0,0,0,0,0,0,0,0,0,0,1,0,0,0,0,0,0
0,-0.9411764705882352,0.0,0.0,0.0,0.0,0.0,0,1.0,0,0,0,0,1,0,0,0,0,0,1,0,0,0,0,1,0
0,-0.1764705882352941,1.7957018892800745,0.0,0.0,1.0614498466706352,0.0,0,0.0,1,0,0,0,1,0,0,0,0,0,1,0,0,0,1,0,0
0,0.1176470588235294,0.0,1.6538012575960097,0.0,1.9120300627895828,2.211574041692195,1,0.5,1,1,0,0,1,1,0,0,0,0,0,0,0,0,0,0,0
0,1.1764705882352942,2.02057379566613,0.7134342389808734,0.0,1.1280590791547451,2.25984126055244,1,0.0,1,1,0,0,0,0,0,0,0,0,0,0,0,0,0,0,0
0,-0.3529411764705882,0.0,1.5934711486203208,0.0,0.0,0.0,0,0.0,1,0,0,0,1,0,0,0,0,1,0,0,0,0,0,1,0
0,-0.2352941176470588,1.7492556837515505,0.0,0.0,1.423964734556765,1.9861960440587068,0,0.5,1,0,1,0,1,0,0,1,0,0,0,0,0,0,0,0,0
0,0.3529411764705882,0.0,0.0,1.6398255593589148,0.6788821839071186,1.8037264212997863,0,0.0,1,0,0,0,1,0,0,0,1,0,0,0,0,0,0,0,0
1,-0.0588235294117647,0.0,0.0,0.0,0.0,0.0,1,0.5,0,1,0,0,1,0,0,1,0,0,0,0,0,0,0,0,0
0,-0.2941176470588235,1.3561670024083805,1.7810217662087806,2.258562159078017,1.689783483945456,1.2318896459610953,1,0.5,1,0,0,0,1,0,0,0,1,0,0,0,0,0,0,0,0
0,0.1764705882352941,0.0,1.6160118541390822,1.518795318009084,1.895891575007839,0.2958370724829093,1,0.5,1,1,0,0,0,0,0,1,0,0,0,0,0,0,0,0,0
0,0.5294117647058824,0.6648277947394572,1.061760104190551,0.0,1.3416594478701012,2.032410182768626,0,1.5,1,1,0,0,0,0,0,0,0,0,0,0,0,0,0,0,0
0,1.411764705882353,0.0,0.0,0.7647583148507885,1.755373266141438,0.0,1,0.0,1,0,0,1,0,0,0,0,0,1,0,0,0,1,0,0,0
1,1.0,0.0,0.0,0.0,0.0,0.0,0,2.0,0,1,0,0,0,0,1,0,0,0,0,0,0,0,0,0,0
0,-0.1764705882352941,0.0,0.5038463368711258,1.547453106202526,1.619828031631012,0.9795383243914376,1,0.0,1,0,0,0,1,0,0,0,0,0,1,0,0,0,0,1,0
0,0.8823529411764706,1.8163648573386213,0.0,0.7343611355735556,0.4878209905931642,0.0,1,0.0,1,0,0,0,1,0,0,0,0,1,0,0,0,0,0,0,0
1,1.1176470588235294,0.0,0.0,0.0,0.0,0.0,1,0.5,0,0,1,0,1,0,0,0,0,1,0,0,0,0,0,0,1
0,0.2941176470588235,0.0,0.0,0.0,1.681345991438444,0.5916741449658187,0,1.0,1,0,0,0,0,0,0,0,0,0,1,0,0,0,0,0,0
0,0.5294117647058824,0.0,0.0,0.0,1.6514355379532475,0.2958370724829093,0,0.0,1,0,0,0,0,0,0,0,0,1,0,0,0,0,1,0,0
1,-0.4705882352941176,0.0,0.0,0.0,0.0,0.0,1,0.0,0,0,0,0,1,0,0,0,0,0,1,0,1,0,0,0,0
0,0.0588235294117647,1.89558334939367,0.0,2.4965882546863907,0.0,0.0,1,0.5,1,0,1,0,1,0,0,0,0,1,0,0,1,0,0,0,0
0,-0.2941176470588235,2.108581818916023,0.0,2.040166307026826,1.1959648293340936,0.0,0,1.0,1,0,1,0,1,0,0,1,0,0,0,0,0,0,0,0,0
1,1.8823529411764703,0.0,0.0,0.0,0.0,0.0,0,0.0,0,0,1,0,0,0,0,0,0,1,0,0,0,0,0,1,0
0,0.0,0.0,0.0,0.0,0.0,0.0,0,2.5,0,1,0,0,1,0,1,0,0,0,0,0,0,0,0,0,0
0,-0.2941176470588235,1.79011067342317,0.0,1.89365241846665,0.0,0.0,0,2.0,1,0,1,0,1,0,0,0,1,0,0,0,1,0,0,0,0
1,-1.588235294117647,0.0,0.0,0.0,0.0,0.0,0,1.0,0,0,0,1,0,0,0,0,0,0,1,0,1,0,0,0,0
1,-0.5294117647058824,0.0,0.0,0.0,0.0,0.0,0,0.0,0,0,0,0,0,0,0,0,0,0,1,0,0,0,0,1,0
0,0.8235294117647058,1.6374634582501897,1.380399317053777,0.0,0.2754115523761867,0.0,0,0.0,1,0,0,1,0,0,0,0,0,0,1,0,0,1,0,0,0
0,0.5882352941176471,0.0,1.884956059499218,0.0,1.7988263753033795,0.0,1,1.5,1,1,0,0,1,0,0,0,0,0,0,0,0,0,0,0,0
0,-0.3529411764705882,0.5563470702461066,0.0,2.052163415291355,0.0,0.0,0,1.0,1,0,0,0,1,0,0,0,0,1,0,0,0,0,0,0,1
0,-0.4705882352941176,0.0,1.622982783983718,0.9858230443082924,1.672297066866293,0.0,1,0.5,1,0,0,0,1,0,0,0,1,0,0,0,1,0,0,0,0
0,-0.2352941176470588,1.4606923756550825,0.1679487789570419,2.013573494794722,0.0,0.1866524112389433,0,0.0,1,0,0,0,1,0,0,0,1,0,0,0,0,0,0,0,0
1,0.6470588235294118,0.0,0.0,0.0,0.0,0.0,0,0.0,0,0,1,0,1,0,0,0,0,1,0,0,1,0,0,0,0
1,1.0588235294117647,0.0,0.0,0.0,0.0,0.0,1,0.5,0,1,0,0,1,0,1,0,0,0,0,0,0,0,0,0,0
1,0.4705882352941176,0.0,0.0,0.0,0.0,0.0,1,2.0,0,0,0,0,1,0,0,0,0,0,1,0,0,1,0,0,0
0,0.2941176470588235,1.1209269865726237,0.0,0.0,1.1252580399759224,2.475072851766536,0,0.0,1,1,0,0,0,0,1,0,0,0,0,0,0,0,0,0,0
0,0.4705882352941176,0.0,0.0,2.164480775032766,0.0,0.0,1,0.0,1,0,0,0,1,0,0,0,0,0,1,0,0,0,1,0,0
0,1.2941176470588236,0.0,0.0,0.0,0.0,0.0,1,3.0,0,0,0,0,1,0,0,0,0,0,1,0,0,0,1,0,0
1,-1.411764705882353,0.0,0.0,0.0,0.0,0.0,0,1.0,0,0,1,0,1,0,0,0,0,1,0,0,0,0,0,0,1
0,0.5294117647058824,1.9264476607892267,0.4714918312586162,2.858652466993686,0.0,0.0,1,0.0,1,0,1,0,0,0,0,0,1,0,0,0,1,0,0,0,0
0,0.1176470588235294,1.8619619235715856,0.0,2.058749950979334,0.0,0.0,1,0.5,1,0,1,0,1,0,0,0,0,1,0,0,1,0,0,0,0
0,-0.0588235294117647,0.0,0.0,0.0,0.0,0.0,0,0.5,0,1,0,0,1,0,0,1,0,0,0,0,0,0,0,0,0
0,-1.5294117647058822,0.0,0.0,0.0,0.0,0.0,1,3.0,0,0,0,0,0,0,0,0,0,0,1,0,0,0,0,0,0
0,0.1176470588235294,0.0,0.5038463368711258,1.1053236472875188,1.6426508129753707,0.0,1,0.0,1,0,0,0,1,0,0,0,0,1,0,0,0,0,0,1,0
0,-0.4117647058823529,1.8380579648324813,0.0,2.688536569510267,1.1690794045989483,0.0,0,0.0,1,0,0,0,1,0,0,0,1,0,0,0,0,0,0,0,0
0,0.7647058823529411,0.0,1.6220848254370452,0.0,0.0,0.0,1,0.5,1,0,0,0,1,0,0,0,0,1,0,0,1,0,0,0,0
0,2.117647058823529,0.0,1.167948778957042,2.189065875670571,0.8167735192693216,0.0,0,0.0,1,0,0,0,1,0,0,0,0,1,0,0,0,0,0,0,0
1,0.0,0.0,0.0,0.0,0.0,0.0,0,0.0,0,0,0,0,1,0,0,0,0,0,1,0,1,0,0,0,0
0,-0.2352941176470588,2.001512420005004,0.0,1.393543585655192,0.0,0.3733048224778867,1,0.0,1,0,1,0,1,0,0,0,0,1,0,0,1,0,0,0,0
0,0.8235294117647058,0.5878594958174387,1.5212786496403965,0.0,0.0,1.242771227794443,1,3.5,1,0,0,0,1,0,0,0,0,1,0,0,0,0,1,0,0
1,-0.3529411764705882,0.0,0.0,0.0,0.0,0.0,1,0.0,0,0,0,0,0,0,0,0,0,0,1,0,0,0,1,0,0
0,0.4117647058823529,1.375633504724828,1.729161820959769,0.0,2.074621246406297,2.388790012552642,1,0.0,1,0,0,0,1,0,0,0,1,0,0,0,1,0,0,0,0
0,1.7058823529411764,1.839443500743178,0.0,0.0,0.34753068574288,0.0,0,2.5,1,0,0,0,1,0,0,0,0,1,0,0,0,1,0,0,0
0,0.4705882352941176,0.0,2.0868438895723918,0.0,1.3032132920519723,2.1711569766954377,1,0.5,1,1,0,0,0,0,0,1,0,0,0,0,0,0,0,0,0
1,-1.4705882352941178,0.0,0.0,0.0,0.0,0.0,1,2.5,0,0,0,0,1,0,0,0,0,0,1,0,0,0,0,1,0
0,-0.1176470588235294,1.1328198950184083,0.0,2.620434855419237,0.0,0.0,0,0.0,1,0,1,0,1,0,0,1,0,0,0,0,0,0,0,0,0
0,-0.4117647058823529,1.6392217102720077,0.0,1.6398255593589148,1.7630113780688668,0.0,0,0.5,1,0,1,0,1,0,0,0,0,1,0,0,0,0,0,0,0
0,0.5294117647058824,1.5141740158293877,1.4612282270511463,0.903593867168606,0.0,0.0,0,0.0,1,0,0,0,0,0,0,0,0,1,0,0,0,0,0,0,0
0,-0.4117647058823529,1.5892713533756964,0.0,1.0847404419957667,0.924766660145252,1.2176385689646794,1,0.0,1,0,0,0,1,0,0,0,0,1,0,0,1,0,0,0,0
0,-0.0588235294117647,0.0,0.0,0.0,0.0,0.0,1,0.0,0,1,0,0,1,1,0,0,0,0,0,0,0,0,0,0,0
0,0.8235294117647058,0.0,2.23286354495252,1.712852156079059,2.149217766091505,2.025213535639629,1,0.0,1,1,0,0,0,1,0,0,0,0,0,0,0,0,0,0,0
0,0.4705882352941176,2.1196693082402445,0.0,0.2210647294575037,0.0,0.0,0,0.0,1,0,1,0,1,0,0,1,0,0,0,0,0,0,0,0,0
0,0.5294117647058824,0.0,1.113392349613153,1.9533390812137923,1.410790579254817,1.1478651283652954,1,0.0,1,0,0,0,1,0,0,0,0,1,0,0,0,0,0,0,1
0,0.5882352941176471,1.447866345752756,2.2191247199209965,0.0,1.801117544931136,2.0282595862549777,0,0.0,1,1,0,0,1,0,0,0,0,0,0,0,0,0,0,0,0
0,-1.2352941176470589,0.0,0.0,0.0,0.0,0.0,1,1.0,0,0,0,0,0,0,0,0,0,0,1,0,1,0,0,0,0
1,-0.2941176470588235,0.0,0.0,0.0,0.0,0.0,0,0.0,0,0,0,0,1,0,0,0,0,0,1,0,0,1,0,0,0
1,1.411764705882353,0.0,0.0,0.0,0.0,0.0,1,0.0,0,0,0,0,1,0,0,0,0,0,1,0,0,0,0,0,0
1,1.9411764705882355,0.0,0.0,0.0,0.0,0.0,1,0.0,0,1,0,0,0,0,0,1,0,0,0,0,0,0,0,0,0
0,0.1176470588235294,0.0,0.2661925166888179,2.014726946283108,0.9542937362833052,0.0,1,0.5,1,0,0,1,0,0,0,0,0,1,0,0,0,1,0,0,0
1,-0.6470588235294118,0.0,0.0,0.0,0.0,0.0,0,0.0,0,0,0,0,1,0,0,0,0,0,1,0,1,0,0,0,0
1,2.176470588235294,0.0,0.0,0.0,0.0,0.0,1,0.5,0,1,0,0,0,0,1,0,0,0,0,0,0,0,0,0,0
0,-0.2352941176470588,0.0,1.5954875170157012,0.2210647294575037,0.0,0.0,1,0.0,1,0,0,0,1,0,0,0,0,1,0,0,0,0,1,0,0
0,1.3529411764705883,0.0,1.6474035560110585,0.2210647294575037,0.0,0.4824894837218527,1,0.0,1,0,0,0,1,0,0,0,0,1,0,0,0,0,0,1,0
0,0.5294117647058824,1.615410546289857,0.8997943173744595,0.6631941883725112,1.4605222882248434,0.0,0,0.0,1,0,0,0,1,0,0,0,0,1,0,0,1,0,0,0,0
0,-0.4117647058823529,0.0,1.2687839731617407,2.095198067035038,0.0,0.0,1,0.0,1,0,0,0,1,0,0,0,0,1,0,0,0,1,0,0,0
0,-0.5294117647058824,1.7844001131702585,0.0,1.4903005754954626,1.8663482197439356,0.0,0,1.5,1,0,1,0,1,0,0,0,0,1,0,0,0,0,0,0,0
0,0.0,0.0,0.0,1.973616819844397,1.4499494394597456,0.0,0,0.0,1,0,0,0,1,0,0,0,0,0,1,0,0,0,0,1,0
0,0.5882352941176471,1.0300930780175133,1.073581905861518,2.1066209873363886,0.0,0.6906959960353908,0,0.0,1,0,1,1,0,0,0,1,0,0,0,0,0,0,0,0,0
0,0.5294117647058824,0.4793787713240882,0.0,2.168416011586873,0.0,0.1866524112389433,1,0.5,1,0,0,0,1,0,0,0,0,1,0,0,0,1,0,0,0
0,1.588235294117647,0.0,1.9689745405200176,0.0,2.106752096764932,0.95739304303974,0,0.0,1,1,0,0,1,0,0,0,0,0,0,0,0,0,0,0,0
0,0.4705882352941176,0.0,0.0,0.0,0.0,0.0,1,3.0,0,0,0,0,0,0,0,0,0,0,1,0,0,0,0,0,0
0,0.1176470588235294,0.0,0.0,2.090693345408739,0.0,1.0887229856354037,0,0.0,1,0,0,0,1,0,0,0,0,1,0,0,0,0,0,0,1
0,-0.5294117647058824,0.0,2.0495373962883074,0.0,0.9052224502512914,1.859058376565042,1,0.5,1,1,0,0,0,1,0,0,0,0,0,0,1,0,0,0,0
0,-0.2352941176470588,0.4793787713240882,1.3891821157248567,1.8807733204155253,0.5212960286143199,0.0,0,0.0,1,0,0,1,0,0,0,0,0,1,0,0,0,1,0,0,0
0,1.1176470588235294,0.0,0.0,0.0,0.0,1.8260202048412597,1,0.0,1,0,0,0,1,0,0,0,0,1,0,0,0,1,0,0,0
0,1.4705882352941178,0.0,1.3319576520727086,1.9588737795733004,1.0721191333666933,0.5916741449658187,0,0.0,1,0,0,0,1,0,0,0,1,0,0,0,0,0,0,0,0
0,3.0588235294117645,0.0,0.0,0.0,1.930616941797628,0.2958370724829093,1,2.0,1,1,0,0,1,0,1,0,0,0,0,0,0,0,0,0,0
0,1.7058823529411764,0.0,1.145440729006136,0.0,1.8124511639444472,1.3065668786726037,1,0.0,1,0,0,0,1,0,0,0,1,0,0,0,0,0,0,0,0
1,-0.3529411764705882,0.0,0.0,0.0,0.0,0.0,0,0.0,0,0,0,0,0,0,0,0,0,0,1,0,0,1,0,0,0
0,-0.4117647058823529,0.0,1.359168680213371,1.4962068366753287,0.0,1.4655478910233692,1,0.0,1,0,0,1,0,0,0,0,0,1,0,0,0,1,0,0,0
0,-0.5294117647058824,0.0,0.5810073162355173,0.0,0.0,1.7786911906654392,1,0.0,1,0,0,0,1,0,0,0,0,1,0,0,0,0,0,1,0
0,1.0588235294117647,1.938166894197157,1.3144592618885929,0.0,0.0,0.0,0,0.0,1,0,0,0,1,0,0,0,1,0,0,0,0,0,0,0,0
0,0.9411764705882352,0.2939297479087193,2.000189025262889,0.0,0.34753068574288,1.5751208472272824,1,0.5,1,1,0,0,1,0,0,1,0,0,0,0,0,0,0,0,0
0,-1.0588235294117647,0.0,0.0,0.0,0.0,0.0,0,2.0,0,0,0,0,1,0,0,0,0,0,1,0,1,0,0,0,0
1,-0.0588235294117647,0.0,0.0,0.0,0.0,0.0,1,0.0,0,0,1,0,1,0,0,0,0,1,0,0,1,0,0,0,0
0,0.8823529411764706,1.9347047071669197,0.0,2.272715808913534,0.0,0.0,1,0.0,1,0,1,0,1,0,0,0,0,1,0,0,0,0,0,0,0
0,0.5882352941176471,2.348897707531074,1.7672547196501691,0.0,1.5124367887595638,2.2449731653339624,0,0.0,1,1,0,0,0,1,0,0,0,0,0,0,0,0,0,0,0
1,-0.7647058823529411,0.0,0.0,0.0,0.0,0.0,1,0.0,0,0,0,0,1,0,0,0,0,0,1,0,0,0,0,0,0
1,0.4705882352941176,0.0,0.0,0.0,0.0,0.0,0,2.0,0,1,0,0,0,0,0,1,0,0,0,0,0,0,0,0,0
0,-0.4705882352941176,1.8596653739650064,0.0,1.5737467822655336,0.0,0.0,0,0.0,1,0,1,0,0,0,0,1,0,0,0,0,0,0,0,0,0
0,1.4705882352941178,1.774368110266944,0.0,1.8745803299266728,0.4491768952476266,0.0,0,0.0,1,0,1,0,1,0,0,0,0,1,0,0,1,0,0,0,0
1,-0.5882352941176471,0.0,0.0,0.0,0.0,0.0,0,0.0,0,0,0,0,1,0,0,0,0,0,1,0,0,0,0,0,0
0,0.6470588235294118,0.0,1.9506763362594843,0.0,0.82623465712856,0.3733048224778867,0,0.0,1,1,0,0,1,0,0,0,0,0,0,1,0,0,0,0,0
1,-0.4705882352941176,0.0,0.0,0.0,0.0,0.0,1,0.0,0,0,1,0,1,0,0,0,0,1,0,0,0,0,1,0,0
0,-0.1176470588235294,1.9955650055037797,0.1679487789570419,1.6734280820880485,0.17376534287144,0.0,1,0.0,1,0,1,0,1,0,0,0,0,1,0,0,1,0,0,0,0
0,-0.0588235294117647,1.3143630624025913,1.851309677261734,0.6631941883725112,0.8912916221240962,1.1963282728031306,1,0.0,1,1,0,0,1,1,0,0,0,0,0,0,0,0,0,0,0
0,0.4705882352941176,0.0,1.761925594968946,0.0,1.185110735848657,1.1626240277512538,1,0.0,1,0,0,0,1,0,0,0,1,0,0,0,0,0,0,0,0
0,-0.5294117647058824,1.4618284554360992,0.0,1.4750379030483205,0.0,1.5507715133661444,0,0.0,1,0,0,0,0,0,0,0,0,1,0,0,0,1,0,0,0
1,0.8235294117647058,0.0,0.0,0.0,0.0,0.0,0,0.0,0,0,0,1,0,0,0,0,0,0,1,0,0,1,0,0,0
0,-0.4705882352941176,1.6925384314894487,0.0,1.871888930081955,0.0,0.5916741449658187,0,0.0,1,0,0,0,0,0,0,0,0,1,0,0,0,1,0,0,0
0,-0.2352941176470588,0.0,1.547125390957669,0.0,1.4656460659684218,1.8037264212997863,0,0.0,1,1,0,0,1,0,0,0,1,0,0,0,0,0,0,0,0
0,-0.5294117647058824,1.0062954995527402,1.1253306691370626,0.0,1.557440697488489,0.0,0,0.0,1,0,0,0,0,0,0,0,0,1,0,0,0,1,0,0,0
0,-0.4117647058823529,1.4526018036468464,0.0,0.2210647294575037,0.0,1.767151404582194,0,0.0,1,0,0,0,1,0,0,0,0,1,0,0,0,0,0,0,1
0,0.5294117647058824,0.0,0.0,0.0,2.109210961223657,2.328341923035272,1,0.0,1,1,0,0,1,0,0,0,1,0,0,0,0,0,0,0,0
0,-0.5294117647058824,1.6832865881944652,0.2661925166888179,0.4421294589150075,1.705573443811644,0.0,1,0.0,1,0,0,0,1,0,0,0,0,1,0,0,0,0,0,0,1
0,-0.8235294117647058,0.5878594958174387,1.7528329598288113,2.3207047762205577,1.385177998866873,0.5916741449658187,1,0.0,1,0,0,0,0,0,0,0,0,1,0,0,0,1,0,0,0
0,-0.4117647058823529,0.0,0.6717951158281678,1.952640441309215,1.1442382667333866,0.0,1,0.0,1,0,0,0,1,0,0,0,0,1,0,0,0,0,1,0,0
1,0.2941176470588235,0.0,0.0,0.0,0.0,0.0,0,0.5,0,1,0,0,1,1,0,0,0,0,0,0,0,0,0,0,0
1,0.2352941176470588,0.0,0.0,0.0,0.0,0.0,0,1.5,0,1,0,0,1,1,0,0,0,0,0,0,0,0,0,0,0
0,0.2352941176470588,0.8388901471096889,0.0,0.0,0.17376534287144,1.6866235931568214,0,0.0,1,0,1,0,0,0,0,0,0,1,0,0,0,0,1,0,0
0,-0.3529411764705882,1.866995870500625,1.061760104190551,1.2279236817437833,0.7102593820841355,0.0,0,1.0,1,0,1,0,1,0,0,0,0,1,0,0,0,0,0,0,0
0,0.0,1.6847688434340706,0.0,2.269624389016659,0.0,0.1866524112389433,0,0.5,1,0,1,0,1,0,0,0,0,1,0,0,0,1,0,0,0
0,0.0,0.0,1.6394406102156582,0.0,1.2183083079882069,1.5880003839188452,1,1.0,1,0,0,0,1,0,0,0,0,1,0,0,0,1,0,0,0
0,-0.0588235294117647,1.690617084730084,1.738798367705378,1.115137621272999,1.138960379193083,1.9788460810588928,0,0.5,1,1,0,0,1,0,1,0,0,0,0,0,0,0,0,0,0
0,0.6470588235294118,1.7957018892800745,1.664102442085916,0.0,0.8353516763360442,1.5549857231313038,1,0.0,1,1,0,0,1,0,0,0,0,0,0,0,0,0,0,0,0
1,0.0588235294117647,0.0,0.0,0.0,0.0,0.0,1,0.0,0,0,1,0,1,0,0,0,0,1,0,0,0,1,0,0,0
1,-0.3529411764705882,0.0,0.0,0.0,0.0,0.0,1,0.5,0,0,1,0,1,0,0,0,0,1,0,0,0,0,0,0,1
0,-0.4117647058823529,0.2939297479087193,0.0,2.087043188381585,0.0,0.8443337464867926,0,0.0,1,0,0,0,1,0,0,0,1,0,0,0,0,0,0,0,0
0,0.4705882352941176,1.7854167567738524,0.0,0.0,0.0,0.0,1,0.0,1,0,0,0,0,0,0,0,1,0,0,0,0,0,0,0,0
0,1.1176470588235294,0.0,1.2204479264511756,0.0,0.0,1.6120468103900962,0,0.0,1,0,0,1,0,0,0,0,0,1,0,0,0,0,1,0,0
0,0.2352941176470588,2.114281957534893,0.7489560951925592,0.0,0.0,0.1866524112389433,1,0.0,1,0,0,0,1,0,0,0,0,1,0,0,0,0,1,0,0
0,-0.4117647058823529,1.620470676060014,0.0,1.7216305723332677,0.2754115523761867,0.0,0,0.0,1,0,0,1,0,0,0,0,0,1,0,0,0,0,0,0,1
0,0.0,1.737784828323094,0.0,2.2005217143225564,0.9651950363216428,0.0,1,0.0,1,0,1,0,1,0,0,0,0,1,0,0,0,1,0,0,0
0,-0.4705882352941176,0.0,2.040054812137465,0.0,1.6110589519636829,1.8994072554659047,1,0.5,1,1,0,0,1,1,0,0,0,0,0,0,0,0,0,0,0
0,0.0,0.0,1.637197086126317,0.0,2.208735029488119,1.124089473669563,1,0.0,1,1,0,0,0,1,0,0,0,0,0,0,0,0,0,0,0
1,-1.2941176470588236,0.0,0.0,0.0,0.0,0.0,1,1.0,0,0,0,1,0,0,0,0,0,0,1,0,1,0,0,0,0
1,-0.5294117647058824,0.0,0.0,0.0,0.0,0.0,0,1.5,0,0,0,1,0,0,0,0,0,0,1,0,0,0,0,1,0
0,-0.3529411764705882,0.0,0.0,2.083814667793022,0.9651950363216428,0.819836637888477,0,0.0,1,0,0,0,1,0,0,0,0,0,1,0,1,0,0,0,0
0,0.3529411764705882,2.024615990401195,0.6214843322659369,1.6717450756024888,0.17376534287144,0.0,1,3.0,1,0,1,0,1,0,0,0,1,0,0,0,0,0,0,0,0
0,-0.1764705882352941,0.0,0.1679487789570419,0.0,0.0,1.7391175308673583,0,0.0,1,0,0,0,0,0,0,0,0,1,0,0,0,0,0,0,0
0,0.7058823529411765,0.2939297479087193,1.5203677505580868,0.0,0.0,1.9431358468439373,0,0.5,1,1,0,0,1,0,0,1,0,0,0,0,0,0,0,0,0
0,-1.1176470588235294,0.0,0.0,0.0,0.0,0.0,1,1.5,0,1,0,0,0,1,0,0,0,0,0,0,0,0,0,0,0
0,0.0588235294117647,1.7917673126878155,0.0,1.1053236472875188,1.654182857486691,0.0,0,0.5,1,0,1,0,0,0,0,0,0,1,0,0,0,1,0,0,0
0,-0.2941176470588235,0.0,0.6717951158281678,0.0,1.5813797116944392,1.3001804329025168,1,1.0,1,0,0,0,0,0,0,0,0,1,0,0,0,0,0,0,1
0,0.3529411764705882,0.0,1.082084493017009,2.130718227719792,1.597301912681187,2.503710672932907,0,0.5,1,1,0,0,1,0,1,0,0,0,0,0,0,0,0,0,0
0,0.1764705882352941,2.2524512549117506,1.2990350363042151,0.7647583148507885,1.2691439659648167,0.6906959960353908,0,0.0,1,1,0,0,1,0,1,0,0,0,0,0,0,0,0,0,0
1,0.4117647058823529,0.0,0.0,0.0,0.0,0.0,0,1.0,0,1,0,0,1,1,0,0,0,0,0,0,0,0,0,0,0
0,-0.2352941176470588,0.0,1.1389210835549424,0.0,2.1255187142205174,0.8773484072743342,0,3.0,1,1,0,0,1,1,0,0,0,0,0,0,0,0,0,0,0
0,0.3529411764705882,0.0,0.6864843932202759,0.818036705164662,1.9459016422549469,0.6906959960353908,0,1.5,1,1,0,0,0,0,0,0,0,0,0,0,0,0,0,0,0
0,0.9411764705882352,1.6472774788514677,0.0,1.562063095211139,0.2754115523761867,1.7613849635062786,0,0.0,1,0,1,0,1,0,0,0,1,0,0,0,0,0,0,0,0
0,0.2352941176470588,1.690134584353291,1.312315010102402,0.7343611355735556,0.17376534287144,0.0,0,0.0,1,0,0,0,1,0,0,0,1,0,0,0,0,0,0,0,0
0,-0.4705882352941176,0.0,0.0,0.0,0.0,1.7301048447424587,0,2.0,1,0,0,0,1,0,0,0,0,0,1,0,0,0,0,1,0
1,-0.0588235294117647,0.0,0.0,0.0,0.0,0.0,1,0.0,0,0,0,0,1,0,0,0,0,0,1,0,1,0,0,0,0
0,-0.8235294117647058,1.8056062297424889,1.2108188897051184,0.6631941883725112,0.0,0.1866524112389433,1,3.0,1,0,0,0,1,0,0,0,0,0,1,0,0,0,1,0,0
1,0.0,0.0,0.0,0.0,0.0,0.0,1,0.0,0,0,0,0,1,0,0,0,0,0,1,0,1,0,0,0,0
0,1.411764705882353,0.0,1.9822182121426144,1.4903005754954626,0.0,0.0,0,0.5,1,1,0,0,1,1,0,0,0,0,0,0,0,0,0,0,0
0,0.0,0.9187508675692698,0.0,2.1733552760646973,0.0,0.0,0,1.0,1,0,1,0,1,0,0,0,0,1,0,0,0,0,0,0,1
1,-0.7058823529411765,0.0,0.0,0.0,0.0,0.0,0,0.0,0,0,0,0,1,0,0,0,0,0,1,0,0,0,0,1,0
1,2.235294117647059,0.0,0.0,0.0,0.0,0.0,1,0.5,0,1,0,0,0,1,0,0,0,0,0,0,0,0,0,0,0
0,0.1176470588235294,0.4305992976375693,1.632071889553636,0.0,1.478359852733926,1.887754361942055,1,1.0,1,1,0,0,1,0,0,0,0,1,0,0,1,0,0,0,0
0,1.8823529411764703,1.4867092678597071,1.4380181602821118,0.5714440358797147,0.0,0.0,0,0.0,1,0,0,0,0,0,0,0,1,0,0,0,0,0,0,0,0
1,0.5294117647058824,0.0,0.0,0.0,0.0,0.0,0,0.0,0,0,0,0,1,0,0,0,0,0,1,0,0,0,0,0,0
0,-0.1764705882352941,1.4526018036468464,1.5235410271461478,0.8416718857933595,0.0,0.0,0,0.0,1,0,0,0,1,0,0,0,0,1,0,0,1,0,0,0,0
0,-0.2941176470588235,1.944026498225819,0.0,0.0,0.0,1.6290873979459155,1,0.0,1,0,0,0,0,0,0,0,0,0,1,0,1,0,0,0,0
1,0.5294117647058824,0.0,0.0,0.0,0.0,0.0,0,0.0,0,0,0,1,0,0,0,0,0,0,1,0,0,0,0,0,0
0,-0.2941176470588235,0.9801726798454278,0.725862546276467,1.8673521681070544,1.349841212683408,1.2800586889714096,0,0.0,1,0,0,0,0,0,0,0,0,1,0,0,0,0,0,1,0
0,-0.4705882352941176,1.0062954995527402,0.0,1.864598807217137,1.821723843137336,0.0,1,0.0,1,0,0,0,1,0,0,0,0,0,1,0,0,0,0,0,0
0,1.7058823529411764,0.0,1.4006676246693552,2.1940259910260624,1.0221994864626538,2.249196789356306,1,0.0,1,1,0,0,0,0,0,0,1,0,0,0,0,0,0,0,0
1,-1.4705882352941178,0.0,0.0,0.0,0.0,0.0,1,0.5,0,0,0,0,0,0,0,0,0,0,1,0,1,0,0,0,0
1,-0.5882352941176471,0.0,0.0,0.0,0.0,0.0,1,0.0,0,0,0,0,1,0,0,0,0,0,1,0,0,0,1,0,0
0,1.1764705882352942,0.6862429319367085,0.5038463368711258,0.0,1.6497030473092205,0.0,1,0.0,1,0,0,0,1,0,0,0,0,1,0,0,0,0,0,0,0
1,-0.5294117647058824,0.0,0.0,0.0,0.0,0.0,0,3.5,0,0,0,0,0,0,0,0,0,0,1,0,0,0,0,1,0
1,-0.5294117647058824,0.0,0.0,0.0,0.0,0.0,1,0.5,0,0,1,0,1,0,0,0,1,0,0,0,1,0,0,0,0
0,-0.4705882352941176,0.0,1.487687092156359,1.7854990548401886,0.0,0.4333934776341722,0,0.0,1,0,0,1,0,0,0,0,0,1,0,0,0,1,0,0,0
0,0.0,0.0,0.0,0.0,0.0,0.0,0,2.5,0,0,0,0,1,0,0,0,0,0,1,0,1,0,0,0,0
1,1.0588235294117647,0.0,0.0,0.0,0.0,0.0,1,0.0,0,0,1,0,0,0,0,0,0,1,0,0,0,0,1,0,0
0,-0.8823529411764706,0.0,0.0,0.0,0.0,0.0,1,2.0,0,0,0,0,0,0,0,0,0,0,1,0,0,0,0,0,0
0,-1.0,0.0,0.0,0.0,0.0,0.0,1,0.0,0,0,0,0,1,0,0,0,0,0,1,0,0,0,0,1,0
1,0.0,0.0,0.0,0.0,0.0,0.0,1,0.5,0,1,0,0,0,0,0,0,0,1,0,0,1,0,0,0,0
0,0.0,0.0,0.0,2.0299035235074823,1.3428447474703886,0.0,1,0.0,1,0,0,0,1,0,0,0,1,0,0,0,0,0,0,0,0
1,0.4117647058823529,0.0,0.0,0.0,0.0,0.0,1,0.0,0,0,1,0,1,0,0,0,0,1,0,0,0,0,0,0,1
0,-0.6470588235294118,0.0,0.1679487789570419,0.0,0.0,1.1113650983237304,0,0.0,1,0,0,0,1,0,0,0,0,1,0,0,0,0,1,0,0
1,1.4705882352941178,0.0,0.0,0.0,0.0,0.0,0,0.0,0,1,0,0,1,0,1,0,0,0,0,0,0,0,0,0,0
0,1.588235294117647,0.0,2.10286385101992,0.0,0.0,1.8362169745980252,1,0.5,1,1,0,0,1,0,1,0,0,0,0,0,0,0,0,0,0
0,-1.3529411764705883,0.0,0.0,0.0,0.0,0.0,0,0.5,0,0,1,0,1,0,0,0,0,1,0,0,1,0,0,0,0
1,0.4705882352941176,0.0,0.0,0.0,0.0,0.0,1,0.0,0,0,0,0,1,0,0,0,0,0,1,0,0,0,0,1,0
0,2.0,2.077195707678947,1.408757260944277,0.7343611355735556,1.4437013802643412,0.2958370724829093,1,0.5,1,0,1,0,1,0,0,1,0,0,0,0,0,0,0,0,0
1,0.2941176470588235,0.0,0.0,0.0,0.0,0.0,1,1.0,0,0,0,1,0,0,0,0,0,0,1,0,0,0,1,0,0
1,0.5882352941176471,0.0,0.0,0.0,0.0,0.0,0,0.0,0,1,0,0,1,1,0,0,0,0,0,0,0,0,0,0,0
0,-0.5294117647058824,0.0,1.6150876360934348,0.700758612844422,0.6229422381190667,0.0,1,0.0,1,0,0,0,1,0,0,0,0,1,0,0,0,0,1,0,0
0,0.3529411764705882,0.0,1.6085174772165771,0.2210647294575037,1.0540760680686303,1.1963282728031306,0,0.0,1,0,0,0,1,0,0,0,0,0,1,0,1,0,0,0,0
0,0.8235294117647058,0.0,1.8842456539249028,0.0,0.2754115523761867,1.234651542050079,1,0.0,1,1,0,0,0,0,1,0,0,0,0,0,0,0,0,0,0
0,0.0,1.957160246044619,0.1679487789570419,0.0,0.0,0.0,1,0.0,1,0,1,0,1,0,0,0,0,1,0,0,1,0,0,0,0
0,1.9411764705882355,0.0,0.0,2.1279047212287474,1.4161436025362617,0.3733048224778867,0,1.0,1,0,0,1,0,0,0,0,0,1,0,0,0,0,1,0,0
1,0.5294117647058824,0.0,0.0,0.0,0.0,0.0,0,0.0,0,1,0,0,0,1,0,0,0,0,0,0,0,0,0,0,0
1,-0.2941176470588235,0.0,0.0,0.0,0.0,0.0,1,0.5,0,1,0,0,1,1,0,0,0,0,0,0,0,0,0,0,0
0,-0.4117647058823529,0.0,0.8073893891727001,0.2210647294575037,1.6375934864539432,0.1866524112389433,1,0.0,1,0,0,0,1,0,0,0,0,1,0,0,1,0,0,0,0
0,0.2941176470588235,1.6817960752229058,0.0,2.105756680604424,1.1980803726773,0.0,1,1.0,1,0,1,0,1,0,0,0,0,1,0,0,0,1,0,0,0
0,0.5882352941176471,1.3660772607948242,1.5515787954805964,0.0,0.0,0.669141894960796,0,0.0,1,0,0,0,0,0,0,0,0,1,0,0,1,0,0,0,0
1,-0.8235294117647058,0.0,0.0,0.0,0.0,0.0,1,0.0,0,0,0,0,1,0,0,0,0,1,0,0,1,0,0,0,0
1,-0.2352941176470588,0.0,0.0,0.0,0.0,0.0,1,1.0,0,0,0,0,1,0,0,0,0,0,1,0,0,0,0,1,0
0,-0.8823529411764706,0.0,0.0,0.0,0.0,0.0,1,3.0,0,0,0,0,0,0,0,0,0,0,1,0,0,0,1,0,0
0,1.411764705882353,1.66904121073832,0.0,1.8104813504132309,2.092244582719601,0.0,0,1.0,1,0,1,0,1,0,0,0,0,1,0,0,0,0,0,0,1
0,-0.1764705882352941,0.1854490234153689,0.0,0.7925087653372185,0.0,1.777229680928217,1,0.0,1,0,0,1,0,0,0,0,0,1,0,0,0,0,1,0,0
0,0.4117647058823529,1.4729315584775635,0.0,2.008330708423232,0.0,0.806698300112059,0,0.5,1,0,0,0,1,0,0,0,0,1,0,0,0,0,1,0,0
0,-0.5294117647058824,0.0,0.0,2.354968291909412,0.0,0.0,0,0.0,1,0,0,0,1,0,0,0,1,0,0,0,1,0,0,0,0
1,0.7647058823529411,0.0,0.0,0.0,0.0,0.0,1,0.0,0,1,0,0,0,0,1,0,0,0,0,0,0,0,0,0,0
0,-0.4117647058823529,0.0,0.3899649883623831,1.9339168855365627,0.0,1.5249362011605354,1,1.0,1,0,0,0,1,0,0,0,0,0,1,0,1,0,0,0,0
1,-0.5294117647058824,0.0,0.0,0.0,0.0,0.0,0,0.0,0,0,0,1,0,0,0,0,0,0,1,0,0,0,0,1,0
1,-0.2352941176470588,0.0,0.0,0.0,0.0,0.0,1,0.5,0,0,1,0,1,0,0,0,0,1,0,0,0,0,0,1,0
0,0.0,1.4958483631516573,1.923476390768908,0.0,1.0045999528837426,1.1731854797572434,0,1.5,1,1,0,0,1,0,1,0,0,0,0,0,0,0,0,0,0
0,-0.5882352941176471,2.1946910988570294,0.0,2.4587219119144024,0.9184197287740684,0.0,0,0.0,1,0,1,0,1,0,0,0,0,1,0,0,0,0,0,0,1
0,0.5882352941176471,1.765042493219767,0.0,0.0,1.2675522755482738,0.0,0,0.0,1,0,0,0,1,0,0,0,0,0,1,0,0,1,0,0,0
0,1.9411764705882355,2.1178204624242936,0.0,0.0,0.0,0.0,0,0.0,1,0,1,0,1,0,0,1,0,0,0,0,0,0,0,0,0
0,-0.1764705882352941,0.7245290455462887,0.0,0.2210647294575037,1.5720765885888972,1.265757142008008,1,0.0,1,0,0,0,0,0,0,0,0,1,0,0,0,0,0,1,0
1,-0.4705882352941176,0.0,0.0,0.0,0.0,0.0,0,0.0,0,0,1,0,1,0,0,0,0,1,0,0,0,0,0,0,0
0,2.117647058823529,0.0,1.689908362639576,0.0,1.2976110388388402,2.4263827138453244,1,0.0,1,1,0,0,0,0,1,0,0,0,0,0,0,0,0,0,0
0,-0.7058823529411765,0.0,1.6618225613500175,1.549935056385218,0.0,0.0,0,0.0,1,0,0,0,1,0,0,0,0,1,0,0,1,0,0,0,0
0,1.1176470588235294,0.0,0.0,2.003000294835214,1.410790579254817,0.0,1,0.0,1,0,0,0,1,0,0,0,0,0,1,0,0,0,0,0,0
0,-0.3529411764705882,1.818465624951756,0.1679487789570419,0.0,1.0346329633982383,0.887511217448728,1,0.0,1,0,0,0,1,0,0,0,1,0,0,0,0,0,0,0,0
0,0.1176470588235294,1.8611985952751384,0.0,0.0,0.0,0.0,1,0.0,1,0,1,0,1,0,0,0,1,0,0,0,0,0,0,0,0
0,1.8235294117647056,0.0,0.0,2.1936977058824048,0.0,0.0,1,3.0,1,0,0,0,1,0,0,0,0,1,0,0,0,1,0,0,0
0,-0.5294117647058824,1.6578362350389906,1.4234890804961862,1.8180367051646624,1.3801337562816585,0.0,0,1.5,1,0,1,0,1,0,0,0,0,1,0,0,0,0,0,0,0
0,0.2352941176470588,0.0,1.6739834797600703,0.0,0.7510013172738119,2.014955329733327,1,1.0,1,0,0,0,1,1,0,0,0,0,0,0,0,0,0,0,0
0,0.2352941176470588,0.2939297479087193,0.7376843479474341,0.2210647294575037,1.7383867994912583,0.2958370724829093,1,0.0,1,0,0,0,0,0,0,0,0,1,0,0,0,1,0,0,0
0,-1.588235294117647,0.0,0.0,0.0,0.0,0.0,0,1.5,0,0,1,0,1,0,0,0,0,1,0,0,0,0,0,0,0
0,0.5294117647058824,0.1854490234153689,1.6150876360934348,0.0,1.0091170192074843,1.3492764389901972,1,0.5,1,0,0,0,1,0,0,0,1,0,0,0,0,0,0,0,0
0,-0.2941176470588235,1.344121079153496,0.4714918312586162,1.051137919266633,0.0,1.6912007431523666,0,1.0,1,0,0,0,1,0,0,0,0,1,0,0,0,0,0,1,0
0,2.235294117647059,1.706524876476659,1.2801142962249985,1.7890231679227286,0.0,0.0,1,0.0,1,0,1,0,1,0,0,1,0,0,0,0,0,0,0,0,0
0,0.5882352941176471,0.0,1.5332519354491672,1.883391083311126,0.0,1.1156737103713863,0,0.0,1,0,0,0,1,0,0,0,1,0,0,0,0,0,0,0,0
0,-0.2352941176470588,0.0,0.6394406102156581,0.0,1.6674852032358336,0.0,0,0.0,1,0,0,0,1,0,0,0,0,0,1,0,0,0,0,0,0
0,-0.3529411764705882,1.3644508339842134,1.2091761792060505,1.2780547209668405,1.3801337562816585,1.229099128677626,0,0.0,1,0,0,0,1,0,0,0,0,1,0,0,0,0,0,0,1
1,-0.5882352941176471,0.0,0.0,0.0,0.0,0.0,1,0.0,0,0,0,0,1,0,0,0,0,0,1,0,0,0,1,0,0
0,-0.3529411764705882,1.778565002386827,0.0,0.0,0.930956861034032,0.0,1,0.0,1,0,0,0,0,0,0,0,0,0,1,0,1,0,0,0,0
0,0.0,1.9315891390760649,0.0,1.2412143126717117,0.7860382942944486,1.3268232302086451,1,0.5,1,0,1,0,1,0,0,0,0,1,0,0,0,0,0,0,0
0,0.8235294117647058,1.8991447515500093,0.0,0.0,0.0,1.8112570004136452,1,1.0,1,0,1,1,0,0,0,0,0,1,0,0,0,0,0,0,0
0,0.0588235294117647,0.0,1.912151125470048,2.289202888568616,0.738142580866548,0.669141894960796,1,1.5,1,1,0,0,1,0,1,0,0,0,0,0,0,0,0,0,0
0,-0.1764705882352941,1.257596536301474,0.5579137673194251,1.0391014346221656,1.5818359272861144,1.0250676225999908,1,0.0,1,0,0,0,1,0,0,0,0,1,0,0,0,0,0,0,0
1,0.7647058823529411,0.0,0.0,0.0,0.0,0.0,1,0.5,0,1,0,0,1,1,0,0,0,0,0,0,1,0,0,0,0
1,0.2352941176470588,0.0,0.0,0.0,0.0,0.0,1,3.0,0,0,0,0,1,0,0,0,0,0,1,0,0,0,1,0,0
1,0.5294117647058824,0.0,0.0,0.0,0.0,0.0,0,1.5,0,0,1,0,1,0,0,0,1,0,0,0,1,0,0,0,0
0,-0.5294117647058824,1.874373536115563,0.5579137673194251,2.511361298236824,0.0,0.0,0,0.5,1,0,1,0,1,0,0,1,0,0,0,0,0,0,0,0,0
0,-0.0588235294117647,0.0,0.0,0.0,1.6130790305690867,0.5916741449658187,0,0.0,1,0,0,0,1,0,0,0,0,1,0,0,0,0,0,0,1
0,-0.4117647058823529,0.9801726798454278,1.307968725486213,1.979456984865053,0.0,0.0,0,0.0,1,0,0,1,0,0,0,0,0,1,0,0,1,0,0,0,0
1,-0.5882352941176471,0.0,0.0,0.0,0.0,0.0,1,0.5,0,0,1,0,1,0,0,0,1,0,0,0,1,0,0,0,0
0,1.5294117647058822,0.0,2.13225766978997,0.0,2.137573704152857,1.263297923929233,0,1.5,1,1,0,0,1,1,0,0,0,0,0,0,0,0,0,0,0
0,-0.3529411764705882,1.4135020663395206,0.4341412956458598,2.0777307314987365,0.6430081763978817,0.819836637888477,0,1.5,1,0,0,0,1,0,0,0,0,0,1,0,1,0,0,0,0
1,0.5294117647058824,0.0,0.0,0.0,0.0,0.0,1,0.0,0,1,0,0,0,0,0,1,0,0,0,0,0,0,0,0,0
0,0.9411764705882352,0.7060702520912806,1.8558085715404629,1.8356730445701996,0.0,1.4994577737393548,1,1.0,1,0,1,0,1,0,0,1,0,0,0,0,0,0,0,0,0
1,0.1764705882352941,0.0,0.0,0.0,0.0,0.0,1,0.5,0,1,0,0,0,1,0,0,0,0,0,0,0,0,0,0,0
0,0.2941176470588235,0.5563470702461066,1.5954875170157012,0.0,0.4878209905931642,0.7106519766445111,1,3.5,1,0,0,0,0,0,0,0,0,1,0,0,0,0,0,0,1
1,-0.0588235294117647,0.0,0.0,0.0,0.0,0.0,0,1.5,0,1,0,0,0,0,1,0,0,0,0,0,0,0,0,0,0
0,1.0,0.0,0.0,0.0,1.652812961190218,1.6120468103900962,0,0.0,1,0,0,0,1,0,0,0,0,1,0,0,0,0,0,1,0
1,-1.0,0.0,0.0,0.0,0.0,0.0,1,2.0,0,0,0,0,0,0,0,0,0,0,1,0,0,0,0,0,0
0,0.2941176470588235,0.0,0.0,0.0,0.0,0.0,1,0.0,0,0,0,0,1,0,0,0,0,0,1,0,0,0,0,1,0
1,-0.2352941176470588,0.0,0.0,0.0,0.0,0.0,1,1.0,0,0,0,0,1,0,0,0,0,0,1,0,0,0,0,0,0
0,0.6470588235294118,0.0,1.6337923621351216,0.4421294589150075,0.8912916221240962,0.0,0,0.5,1,0,0,0,1,0,0,0,0,0,1,0,0,0,0,1,0
0,0.5294117647058824,1.2068641606126205,1.8477912388086823,0.0,0.69506137148576,1.9191470317213275,0,0.0,1,1,0,0,1,0,1,0,0,0,0,0,0,0,0,0,0
0,-0.1176470588235294,0.0,0.0,2.162313638796855,0.0,0.0,0,0.0,1,0,0,0,1,0,0,0,0,1,0,0,0,0,0,1,0
1,-1.1764705882352942,0.0,0.0,0.0,0.0,0.0,0,1.0,0,0,1,0,1,0,0,0,0,1,0,0,0,0,0,1,0
0,-0.0588235294117647,0.6160483210529383,0.0,0.0,0.0,1.825408198877681,0,0.0,1,0,0,0,1,0,0,0,0,0,1,0,0,0,0,0,0
1,0.1176470588235294,0.0,0.0,0.0,0.0,0.0,1,0.0,0,1,0,0,0,0,1,0,0,0,0,0,0,0,0,0,0
0,-1.0588235294117647,0.0,0.0,0.0,0.0,0.0,1,0.0,0,0,0,0,0,0,0,0,0,1,0,0,1,0,0,0,0
1,0.7647058823529411,0.0,0.0,0.0,0.0,0.0,0,0.5,0,0,0,0,1,0,0,0,0,0,1,0,0,0,1,0,0
1,0.3529411764705882,0.0,0.0,0.0,0.0,0.0,0,0.5,0,0,0,1,0,0,0,0,0,0,1,0,0,0,0,1,0
1,0.2941176470588235,0.0,0.0,0.0,0.0,0.0,0,2.0,0,1,0,0,1,1,0,0,0,0,0,0,0,0,0,0,0
1,1.2941176470588236,0.0,0.0,0.0,0.0,0.0,1,1.0,0,0,1,1,0,0,0,0,1,0,0,0,1,0,0,0,0
1,0.2352941176470588,0.0,0.0,0.0,0.0,0.0,1,0.0,0,0,0,0,1,0,0,0,0,0,1,0,0,0,0,1,0
0,1.8823529411764703,0.0,0.0,0.0,0.0,1.7848156053321824,0,0.0,1,0,0,0,1,0,0,0,0,0,1,0,0,0,0,0,0
0,0.2352941176470588,0.0,0.0,0.0,0.0,0.0,1,0.5,0,0,1,0,1,0,0,0,1,0,0,0,0,0,0,0,0
1,0.0588235294117647,0.0,0.0,0.0,0.0,0.0,0,0.0,0,0,1,0,1,0,0,0,0,1,0,0,0,1,0,0,0
1,0.4705882352941176,0.0,0.0,0.0,0.0,0.0,0,0.0,0,1,0,0,0,1,0,0,0,0,0,0,0,0,0,0,0
1,1.7647058823529411,0.0,0.0,0.0,0.0,0.0,1,0.0,0,1,0,0,0,1,0,0,0,0,0,0,0,0,0,0,0
0,-0.5294117647058824,1.7096857988214194,1.1885425384288368,0.6631941883725112,0.0,0.0,0,0.0,1,0,0,0,1,0,0,0,0,1,0,0,0,0,0,0,1
0,-0.2352941176470588,0.0,1.530204110727869,1.2140550189604735,0.0,1.7490613994469686,1,1.0,1,0,0,1,0,0,0,0,0,1,0,0,0,1,0,0,0
0,-0.1764705882352941,0.0,0.3899649883623831,0.0,1.6316859282948768,1.2753753968743469,1,0.5,1,0,0,0,1,0,0,0,1,0,0,0,0,0,0,0,0
0,0.9411764705882352,1.87046411296569,0.3899649883623831,1.6945354107334272,1.5032529633162572,0.0,1,0.0,1,0,1,0,1,0,0,0,0,1,0,0,0,0,1,0,0
0,0.0,1.2600177870925149,0.0,2.060250796049788,0.0,0.0,0,0.5,1,0,0,0,1,0,0,0,0,1,0,0,0,0,1,0,0
0,0.8235294117647058,0.0,2.1389210835549424,0.0,1.856334216727184,1.1626240277512538,0,0.0,1,1,0,0,0,0,0,0,0,0,0,0,0,0,0,0,0
1,0.0,0.0,0.0,0.0,0.0,0.0,1,1.0,0,1,0,0,1,0,0,0,0,0,0,0,0,0,0,0,0
0,-0.1764705882352941,0.9801726798454278,1.34547583549571,0.0,1.0045999528837426,2.245617382167687,1,3.0,1,1,0,0,0,0,1,0,0,0,0,0,0,0,0,0,0
0,-0.9411764705882352,0.0,0.0,0.0,0.0,0.0,0,1.0,0,0,0,0,1,0,0,0,0,0,1,0,1,0,0,0,0
1,-0.8235294117647058,0.0,0.0,0.0,0.0,0.0,1,0.0,0,0,1,0,1,0,0,0,1,0,0,0,0,0,0,0,0
0,-0.0588235294117647,0.0,1.2801142962249985,0.0,0.0,1.666943658197774,1,1.0,1,0,0,0,1,0,0,0,0,1,0,0,0,0,1,0,0
1,0.2941176470588235,0.0,0.0,0.0,0.0,0.0,1,0.0,0,0,0,1,0,0,0,0,0,0,1,0,0,0,1,0,0
1,0.1764705882352941,0.0,0.0,0.0,0.0,0.0,0,0.5,0,1,0,0,0,1,0,0,0,0,0,0,0,0,0,0,0
1,-1.3529411764705883,0.0,0.0,0.0,0.0,0.0,0,1.0,0,0,1,0,0,0,0,0,0,1,0,0,1,0,0,0,0
0,-0.3529411764705882,0.0,1.5806517785774106,0.0,0.6011293213528106,0.0,1,0.0,1,0,0,0,1,0,0,0,0,1,0,0,1,0,0,0,0
0,-0.5294117647058824,1.5975895275979302,0.9223500217400188,1.8745803299266728,0.0,0.0,0,0.0,1,0,0,0,1,0,0,0,1,0,0,0,0,0,0,0,0
1,-0.0588235294117647,0.0,0.0,0.0,0.0,0.0,0,1.5,0,1,0,0,0,0,1,0,0,0,0,0,0,0,0,0,0
1,-0.4705882352941176,0.0,0.0,0.0,0.0,0.0,0,0.5,0,0,1,0,1,0,0,0,0,1,0,0,0,1,0,0,0
0,0.9411764705882352,0.0,0.5579137673194251,2.246546289732928,0.0,0.0,1,0.0,1,0,0,0,1,0,0,0,0,1,0,0,1,0,0,0,0
0,0.0588235294117647,1.831305647167376,1.0,0.0,1.0,0.4333934776341722,0,1.5,1,0,1,0,1,0,0,1,0,0,0,0,0,0,0,0,0
0,1.588235294117647,0.0,1.8191048261051177,2.478418568462447,1.718849186799852,1.0367774026065846,1,1.0,1,1,0,0,0,0,0,0,0,0,0,0,0,0,0,0,0
1,-0.1176470588235294,0.0,0.0,0.0,0.0,0.0,1,0.0,0,0,1,0,1,0,0,0,1,0,0,0,0,0,0,0,0
0,-1.0,0.0,0.0,0.0,0.0,0.0,1,3.0,0,0,0,0,1,0,0,0,0,0,1,0,0,0,1,0,0
0,-1.4705882352941178,0.0,0.0,0.0,0.0,0.0,0,1.5,0,0,0,0,1,0,0,0,0,0,1,0,0,1,0,0,0
1,0.2941176470588235,0.0,0.0,0.0,0.0,0.0,0,1.0,0,0,0,0,1,0,0,0,0,0,1,0,0,0,1,0,0
0,0.3529411764705882,0.0,1.9460743523218933,0.0,0.34753068574288,1.8587878767853248,1,1.0,1,1,0,0,1,0,0,0,0,0,0,0,0,0,0,0,0
1,0.0,0.0,0.0,0.0,0.0,0.0,0,0.0,0,0,0,0,1,0,0,0,0,0,1,0,0,0,1,0,0
1,-1.4705882352941178,0.0,0.0,0.0,0.0,0.0,1,1.0,0,0,1,0,0,0,0,0,0,1,0,0,0,0,0,0,0
0,-0.4117647058823529,0.2939297479087193,0.2661925166888179,2.1612245233767977,0.5508231047523734,0.0,1,0.0,1,0,0,0,1,0,0,0,0,0,1,0,0,0,0,1,0
0,0.6470588235294118,0.814550976584631,2.0072648537058493,1.606430200644148,1.413481378595655,1.9990371294577776,1,0.0,1,1,0,0,1,1,0,0,0,0,0,0,0,0,0,0,0
0,1.0588235294117647,1.8721815188673023,1.6615679119618654,1.8608902888164185,0.0,0.0,0,0.5,1,0,1,0,1,0,0,1,0,0,0,0,0,0,0,0,0
0,0.7058823529411765,0.0,0.0,0.0,1.886605683851605,1.3861302229639267,0,0.0,1,1,0,0,0,0,0,0,0,0,0,0,0,0,0,0,0
0,-0.5882352941176471,1.8175673150320075,0.0,1.753206303926863,0.0,0.4824894837218527,1,0.5,1,0,1,0,0,0,0,0,0,1,0,0,0,0,0,0,0
0,0.6470588235294118,0.1854490234153689,0.0,1.807187734337212,0.0,1.7025562252083573,1,0.0,1,0,0,0,1,0,0,0,0,0,1,0,1,0,0,0,0
1,-0.5882352941176471,0.0,0.0,0.0,0.0,0.0,0,0.5,0,0,1,1,0,0,0,0,1,0,0,0,0,0,0,0,0
1,0.3529411764705882,0.0,0.0,0.0,0.0,0.0,1,0.0,0,0,0,0,0,0,0,0,0,0,1,0,0,0,1,0,0
0,0.4705882352941176,1.6747284012062615,0.0,0.2210647294575037,1.4499494394597456,1.106986424480944,0,0.0,1,0,0,0,1,0,0,0,0,0,1,0,0,0,0,1,0
1,0.0,0.0,0.0,0.0,0.0,0.0,1,0.0,0,0,0,0,1,0,0,0,0,0,1,0,0,0,0,1,0
0,-0.2352941176470588,0.0,1.9387192854247903,1.0135734947947224,1.6375934864539432,1.3892433502153756,0,0.0,1,1,0,0,1,0,0,1,0,0,0,0,0,0,0,0,0
0,-0.8235294117647058,0.0,0.2661925166888179,0.0,1.5894672000979109,1.4385971662873864,0,0.0,1,0,0,0,1,0,0,0,0,1,0,0,1,0,0,0,0
1,-1.3529411764705883,0.0,0.0,0.0,0.0,0.0,1,0.5,0,0,0,0,1,0,0,0,0,0,1,0,1,0,0,0,0
1,-0.2352941176470588,0.0,0.0,0.0,0.0,0.0,1,0.5,0,1,0,0,1,0,0,0,0,0,0,0,0,0,0,0,0
0,-0.2352941176470588,0.0,1.931050176644922,0.0,0.4878209905931642,0.0,0,0.0,1,0,0,0,1,0,0,0,0,1,0,0,0,0,1,0,0
1,0.0588235294117647,0.0,0.0,0.0,0.0,0.0,0,0.0,0,0,1,0,1,0,0,0,0,1,0,0,0,0,1,0,0
0,0.4705882352941176,1.7802944614562612,0.656157505051201,0.0,1.6082032127195245,0.4333934776341722,1,0.0,1,0,0,0,0,0,0,0,0,1,0,0,0,0,0,0,0
1,-0.8235294117647058,0.0,0.0,0.0,0.0,0.0,0,0.0,0,0,0,0,1,0,0,0,0,0,1,0,1,0,0,0,0
1,0.0588235294117647,0.0,0.0,0.0,0.0,0.0,1,0.0,0,0,0,0,0,0,0,0,0,0,1,0,0,0,1,0,0
0,1.0,1.911671406173884,0.7134342389808734,0.0,0.34753068574288,0.0,0,0.0,1,0,1,0,1,0,0,0,0,1,0,0,0,0,1,0,0
0,0.2941176470588235,2.262360439933342,0.0,1.9484161545340293,1.3166945183875656,0.0,1,0.0,1,0,1,0,1,0,0,0,0,1,0,0,0,0,1,0,0
0,-0.3529411764705882,1.618584324745768,0.0,1.6435340777596332,0.0,0.0,1,0.0,1,0,0,0,0,0,0,0,0,1,0,0,0,0,1,0,0
1,-0.5294117647058824,0.0,0.0,0.0,0.0,0.0,1,0.0,0,0,0,0,1,0,0,0,0,0,1,0,0,0,0,0,0
1,0.0,0.0,0.0,0.0,0.0,0.0,0,1.0,0,1,0,0,1,0,1,0,0,0,0,0,0,0,0,0,0
0,-0.2352941176470588,0.1854490234153689,0.0,0.7925087653372185,0.0,2.088722985635404,0,0.5,1,0,1,0,1,0,0,0,1,0,0,0,1,0,0,0,0
0,0.3529411764705882,1.3405773665992269,0.0,0.0,0.0,1.265757142008008,0,0.0,1,0,1,0,1,0,0,0,0,1,0,0,0,0,0,0,0
0,2.235294117647059,0.8014973444683071,1.745557236551489,0.5132964061160518,2.0225926030532304,0.5916741449658187,0,1.0,1,1,0,0,0,0,0,0,0,0,0,0,0,0,0,0,0
0,0.0588235294117647,0.4793787713240882,2.18513166963284,0.0,1.3045945098624858,2.158476386233434,1,0.0,1,1,0,0,0,0,0,0,0,0,0,0,0,0,0,0,0
1,-0.7647058823529411,0.0,0.0,0.0,0.0,0.0,0,0.0,0,0,0,0,0,0,0,0,0,0,1,0,0,0,0,0,0
0,0.8823529411764706,1.0571409787674464,0.4714918312586162,1.4279525032232998,0.7748946642242507,1.6167417675658091,1,0.0,1,0,0,1,0,0,0,0,0,1,0,0,0,0,0,0,1
1,1.7058823529411764,0.0,0.0,0.0,0.0,0.0,0,1.5,0,1,0,0,1,0,0,1,0,0,0,0,0,0,0,0,0
1,1.1176470588235294,0.0,0.0,0.0,0.0,0.0,0,0.0,0,1,0,0,0,1,0,0,0,0,0,0,0,0,0,0,0
1,-0.1176470588235294,0.0,0.0,0.0,0.0,0.0,0,0.0,0,0,1,0,1,0,0,0,0,1,0,0,0,0,0,0,0
0,0.7647058823529411,0.8014973444683071,0.5810073162355173,0.2210647294575037,2.122847032822552,2.34298595453561,0,0.5,1,1,0,0,1,0,0,0,0,0,0,0,0,0,0,0,0
0,0.1764705882352941,0.0,1.1956174606310472,0.0,2.157609079749715,1.2730028484159095,1,0.5,1,1,0,0,0,0,0,1,0,0,0,0,0,0,0,0,0
0,0.0,1.308395237583301,1.0493317968949574,2.1512514088582133,0.0,0.0,1,1.0,1,0,1,0,1,0,0,1,0,0,0,0,0,0,0,0,0
0,-0.8235294117647058,1.884371984494208,0.0,0.6206071563358557,0.0,0.0,0,0.0,1,0,0,0,1,0,0,0,0,1,0,0,0,0,0,1,0
1,0.0588235294117647,0.0,0.0,0.0,0.0,0.0,0,0.0,0,0,0,1,0,0,0,0,0,0,1,0,1,0,0,0,0
1,-0.7647058823529411,0.0,0.0,0.0,0.0,0.0,1,0.0,0,0,0,0,1,0,0,0,0,0,1,0,0,1,0,0,0
0,0.3529411764705882,1.4618284554360992,0.2661925166888179,0.2210647294575037,1.6241001634961492,0.0,0,0.0,1,0,0,0,1,0,0,0,0,0,1,0,1,0,0,0,0
1,0.6470588235294118,0.0,0.0,0.0,0.0,0.0,1,0.0,0,1,0,0,0,0,0,1,0,0,0,0,0,0,0,0,0
1,0.8235294117647058,0.0,0.0,0.0,0.0,0.0,0,0.0,0,0,0,0,0,0,0,0,0,0,1,0,0,1,0,0,0
0,-0.1176470588235294,2.1757976239312318,1.8908624181990408,1.0739282543975717,1.3940094936716936,1.4240378093396542,0,0.0,1,0,0,0,1,0,0,0,0,0,1,0,0,0,0,1,0
0,-0.0588235294117647,0.0,1.9740085825436435,0.0,0.4034706315309319,2.041487196160558,1,2.0,1,1,0,0,0,0,1,0,0,0,0,0,0,0,0,0,0
1,-0.9411764705882352,0.0,0.0,0.0,0.0,0.0,0,3.0,0,0,0,0,1,0,0,0,0,0,1,0,1,0,0,0,0
0,2.764705882352941,0.0,1.6801966117351894,0.0,2.205423052917268,1.2891877838339116,0,0.0,1,1,0,0,0,0,1,0,0,0,0,0,0,0,0,0,0
1,0.4705882352941176,0.0,0.0,0.0,0.0,0.0,1,0.0,0,0,0,0,1,0,0,0,0,0,1,0,0,1,0,0,0
0,-0.0588235294117647,1.97018844720361,0.2661925166888179,0.0,0.8608676205267983,0.0,1,0.0,1,0,0,0,1,0,0,0,1,0,0,0,0,0,0,0,0
0,-1.0588235294117647,0.0,0.0,0.0,0.0,0.0,0,1.0,0,0,0,0,1,0,0,0,0,0,1,0,1,0,0,0,0
0,-0.5294117647058824,0.1854490234153689,0.1679487789570419,0.0,0.0,1.7815906265700645,0,0.0,1,0,0,0,1,0,0,0,0,1,0,0,0,0,1,0,0
0,-0.3529411764705882,1.531324511389292,0.0,0.2210647294575037,1.611464272017118,0.2958370724829093,0,0.0,1,0,0,0,1,0,0,0,0,0,1,0,0,0,0,0,0
0,1.2352941176470589,0.0,0.7489560951925592,0.0,0.0,1.7956372270796592,1,0.0,1,0,0,0,1,0,0,0,0,1,0,0,0,1,0,0,0
0,-0.3529411764705882,0.0,0.0,0.0,1.050306216600437,1.6630530279668632,0,0.0,1,0,0,0,1,0,0,0,0,1,0,0,0,1,0,0,0
1,1.4705882352941178,0.0,0.0,0.0,0.0,0.0,1,0.5,0,0,0,0,0,0,0,0,0,0,1,0,0,0,0,0,0
0,0.3529411764705882,1.7236783408981768,0.0,1.6416852088780145,1.389141565991254,1.3128053625004117,0,0.0,1,0,1,0,1,0,0,1,0,0,0,0,0,0,0,0,0
1,1.0,0.0,0.0,0.0,0.0,0.0,0,0.5,0,1,0,0,0,0,1,0,0,0,0,0,0,0,0,0,0
0,0.0,0.935477963157255,0.5323850333776358,0.5714440358797147,1.5990102013933465,0.7928859131524942,0,0.0,1,0,0,1,0,0,0,0,0,1,0,0,0,0,0,0,1
0,0.6470588235294118,1.2400049928324772,0.6214843322659369,0.8636757125382628,1.6313120424710026,0.0,1,0.0,1,0,0,0,1,0,0,0,0,1,0,0,0,0,0,1,0
0,0.4705882352941176,1.2211748649855638,1.973235474541619,0.0,1.4969380098006484,1.5524651196284152,0,0.5,1,1,0,0,0,0,0,0,0,0,0,0,0,0,0,0,0
0,-0.1764705882352941,0.0,0.0,1.289446252936704,1.588581367379589,1.8260202048412597,1,0.0,1,0,0,0,1,0,0,0,0,1,0,0,0,0,1,0,0
0,2.117647058823529,0.0,2.0424472504827667,0.2210647294575037,1.733456642594057,2.0579980668088744,1,0.0,1,1,0,0,1,0,1,0,0,0,0,0,0,0,0,0,0
0,1.6470588235294117,1.8557934339364544,0.7134342389808734,0.0,0.0,0.0,0,0.0,1,0,0,0,1,0,0,0,0,1,0,0,0,0,1,0,0
0,-0.6470588235294118,0.0,0.9276754860133456,0.350379306422211,2.1442382667333866,1.384560058118313,0,0.5,1,1,0,0,1,1,0,0,0,0,0,0,0,0,0,0,0
1,1.2352941176470589,0.0,0.0,0.0,0.0,0.0,1,0.0,0,1,0,0,1,0,1,0,0,0,0,0,0,0,0,0,0
1,-0.6470588235294118,0.0,0.0,0.0,0.0,0.0,0,0.5,0,1,0,0,0,1,0,0,0,0,0,0,0,0,0,0,0
1,0.6470588235294118,0.0,0.0,0.0,0.0,0.0,0,0.0,0,1,0,0,0,1,0,0,0,0,0,0,0,0,0,0,0
0,-0.4705882352941176,1.5899744980285608,0.0,1.9241260886877447,0.0,0.5916741449658187,0,0.0,1,0,0,0,1,0,0,0,0,1,0,0,0,0,0,0,1
1,1.7058823529411764,0.0,0.0,0.0,0.0,0.0,1,0.5,0,1,0,0,0,0,1,0,0,0,0,0,0,0,0,0,0
0,0.0588235294117647,0.0,1.2528024320636848,0.0,1.3463673871429522,2.4013479726799023,0,1.5,1,1,0,0,1,0,0,0,0,0,0,0,0,0,0,0,0
1,-1.2941176470588236,0.0,0.0,0.0,0.0,0.0,0,0.5,0,0,1,0,1,0,0,0,0,1,0,0,0,0,1,0,0
0,1.0588235294117647,1.792097413144767,0.0,1.559674102850349,1.3269806955692474,0.0,1,1.0,1,0,1,0,0,0,0,0,0,1,0,0,0,0,0,1,0
0,0.0,1.895359179806681,0.0,0.0,0.0,0.0,1,0.0,1,0,1,0,1,0,0,0,0,1,0,0,0,1,0,0,0
1,0.0588235294117647,0.0,0.0,0.0,0.0,0.0,1,0.0,0,0,0,0,1,0,0,0,0,0,1,0,1,0,0,0,0
0,-0.1176470588235294,0.0,0.0,0.0,0.4878209905931642,2.0454402880242686,0,3.5,1,0,0,0,1,0,0,0,0,1,0,0,0,0,0,0,1
0,0.0,1.4814937735352105,0.0,2.1626758523382352,0.7860382942944486,0.2958370724829093,1,0.0,1,0,1,0,1,0,0,0,0,1,0,0,0,0,0,0,0
0,-0.8235294117647058,0.0,0.0,0.700758612844422,0.0,1.769800726804455,1,0.5,1,0,0,0,1,0,0,0,0,0,1,0,0,0,0,0,0
0,-0.2352941176470588,1.7553800458452276,0.0,0.0,0.0,1.7153029127778143,1,0.5,1,0,1,0,1,0,0,0,0,1,0,0,0,1,0,0,0
1,-1.4705882352941178,0.0,0.0,0.0,0.0,0.0,0,2.0,0,0,0,0,1,0,0,0,0,0,1,0,0,0,0,1,0
0,-1.588235294117647,0.0,0.0,0.0,0.0,0.0,0,1.5,0,0,0,0,0,0,0,0,0,0,1,0,0,0,0,0,0
0,-1.2352941176470589,0.0,0.0,0.0,0.0,0.0,0,1.0,0,0,1,0,1,0,0,0,0,1,0,0,0,0,1,0,0
0,-0.9411764705882352,0.0,0.0,0.0,0.0,0.0,1,2.0,0,1,0,0,1,1,0,0,0,0,0,0,0,0,0,0,0
0,0.0588235294117647,0.0,2.034105210594036,0.4421294589150075,1.3380695478836415,1.9821185023051755,0,2.5,1,1,0,0,1,0,0,1,0,0,0,0,0,0,0,0,0
1,0.8823529411764706,0.0,0.0,0.0,0.0,0.0,0,0.0,0,1,0,0,0,0,1,0,0,0,0,0,0,0,0,0,0
0,1.5294117647058822,0.0,1.7700388535599436,0.0,1.0577900678270156,0.0,1,3.5,1,0,0,0,1,0,0,0,0,1,0,0,0,0,0,0,1
1,-0.5882352941176471,0.0,0.0,0.0,0.0,0.0,1,0.0,0,0,0,0,1,0,0,0,0,0,1,0,0,0,0,0,0
0,0.0,0.0,0.0,0.0,0.0,2.013283234273966,0,0.0,1,0,0,0,1,0,0,0,0,0,1,0,1,0,0,0,0
1,-0.2352941176470588,0.0,0.0,0.0,0.0,0.0,0,0.0,0,0,0,0,1,0,0,0,0,0,1,0,1,0,0,0,0
1,1.8823529411764703,0.0,0.0,0.0,0.0,0.0,1,0.0,0,0,1,0,1,0,0,0,1,0,0,0,1,0,0,0,0
1,-0.1764705882352941,0.0,0.0,0.0,0.0,0.0,0,0.0,0,0,0,0,0,0,0,0,0,0,1,0,0,1,0,0,0
0,1.1176470588235294,0.5878594958174387,1.570478817642284,0.0,0.4491768952476266,1.2146955614409585,1,0.0,1,0,0,0,1,0,0,0,0,0,1,0,1,0,0,0,0
1,-0.1764705882352941,0.0,0.0,0.0,0.0,0.0,1,0.0,0,0,0,0,1,0,0,0,0,0,1,0,1,0,0,0,0
0,-0.8823529411764706,0.0,0.0,0.0,0.0,0.0,0,1.0,0,0,0,0,1,0,0,0,0,0,1,0,0,0,1,0,0
1,0.6470588235294118,0.0,0.0,0.0,0.0,0.0,0,0.5,0,0,0,0,1,0,0,0,0,0,1,0,0,0,1,0,0
0,0.1176470588235294,1.758764374144924,0.9379876325169856,0.0,0.0,0.0,0,0.0,1,0,0,0,1,0,0,0,0,1,0,0,0,0,1,0,0
0,0.0,1.534799188622208,0.0,2.1512514088582133,0.0,0.0,0,0.0,1,0,1,0,1,0,0,0,0,1,0,0,0,1,0,0,0
1,-0.2352941176470588,0.0,0.0,0.0,0.0,0.0,1,0.0,0,0,0,0,1,0,0,0,0,0,1,0,0,0,1,0,0
0,0.5882352941176471,0.0,0.0,1.6264952433704112,0.0,1.666391283628569,1,0.5,1,0,0,0,0,0,0,0,0,1,0,0,0,0,1,0,0
1,-0.2941176470588235,0.0,0.0,0.0,0.0,0.0,0,0.0,0,0,0,0,1,0,0,0,0,0,1,0,0,0,1,0,0
1,-1.1176470588235294,0.0,0.0,0.0,0.0,0.0,1,2.0,0,0,0,0,0,0,0,0,0,0,1,0,0,0,1,0,0
1,2.0588235294117645,0.0,0.0,0.0,0.0,0.0,1,0.0,0,0,1,0,1,0,0,0,1,0,0,0,1,0,0,0,0
1,0.6470588235294118,0.0,0.0,0.0,0.0,0.0,1,1.0,0,0,0,0,1,0,0,0,0,0,1,0,1,0,0,0,0
1,1.5294117647058822,0.0,0.0,0.0,0.0,0.0,0,0.0,0,1,0,0,1,0,0,1,0,0,0,0,0,0,0,0,0
0,0.2941176470588235,1.912724325228309,0.0,2.234638224252226,0.5772359744023721,0.0,1,0.0,1,0,1,0,1,0,0,0,0,1,0,0,1,0,0,0,0
1,1.588235294117647,0.0,0.0,0.0,0.0,0.0,1,0.0,0,1,0,0,0,0,0,0,1,0,0,0,0,0,0,0,0
1,1.1764705882352942,0.0,0.0,0.0,0.0,0.0,1,0.0,0,0,0,1,0,0,0,0,0,0,1,0,0,0,0,0,0
0,0.8235294117647058,0.0,0.0,2.241497176538506,0.5508231047523734,0.0,1,1.0,1,0,1,1,0,0,0,1,0,0,0,0,0,0,0,0,0
1,2.0,0.0,0.0,0.0,0.0,0.0,0,0.5,0,0,1,0,1,0,0,0,0,1,0,0,0,0,0,0,0
1,-0.5882352941176471,0.0,0.0,0.0,0.0,0.0,1,3.0,0,0,0,0,1,0,0,0,0,0,1,0,1,0,0,0,0
1,1.588235294117647,0.0,0.0,0.0,0.0,0.0,1,0.0,0,0,1,0,1,0,0,0,0,1,0,0,0,0,0,0,0
0,0.1764705882352941,1.320200669688133,0.0,1.7038252613652811,1.719639593335153,0.0,0,1.5,1,0,1,0,1,0,0,0,1,0,0,0,1,0,0,0,0
0,0.0588235294117647,2.1878648085546506,0.0,0.0,0.6615863334646042,0.2958370724829093,0,0.0,1,0,1,0,1,0,0,1,0,0,0,0,0,0,0,0,0
0,2.0588235294117645,1.218373306544959,1.3546898304959778,2.4744936554949084,1.14161321239748,0.0,1,0.0,1,0,0,0,1,0,0,0,0,1,0,0,0,0,0,1,0
0,-0.1764705882352941,1.759883036623798,0.0,1.7807388323078523,1.432377953587111,1.6031042961746325,0,0.5,1,0,0,0,1,0,0,0,1,0,0,0,1,0,0,0,0
1,-0.1764705882352941,0.0,0.0,0.0,0.0,0.0,0,0.0,0,0,1,0,1,0,0,0,0,1,0,0,0,0,0,0,0
1,-0.7647058823529411,0.0,0.0,0.0,0.0,0.0,0,0.0,0,0,0,0,0,0,0,0,0,0,1,0,0,0,0,0,0
1,1.0588235294117647,0.0,0.0,0.0,0.0,0.0,1,0.0,0,1,0,0,1,0,1,0,0,0,0,0,0,0,0,0,0
0,2.4705882352941178,0.0,1.3564913173858788,0.0,1.3166945183875656,2.45282718433907,0,1.5,1,1,0,0,1,1,0,0,0,0,0,0,0,0,0,0,0
0,0.7647058823529411,0.0,1.9658741109432056,0.0,2.1949003249811345,1.4267441889851746,0,0.0,1,1,0,0,0,1,0,0,0,0,0,0,0,0,0,0,0
0,0.0588235294117647,0.0,1.739353462725995,0.0,1.354399345498918,2.345528689068445,1,0.0,1,1,0,0,1,0,0,0,1,0,0,0,0,0,0,0,0
0,1.4705882352941178,0.1854490234153689,0.6394406102156581,0.4421294589150075,0.0,1.7644757579323778,1,0.0,1,0,0,0,1,0,0,0,0,1,0,0,0,0,1,0,0
0,-0.7058823529411765,0.0,1.88055887132524,0.0,1.4898027431935343,0.0,1,0.0,1,0,0,0,1,0,0,0,0,1,0,0,1,0,0,0,0
1,-0.6470588235294118,0.0,0.0,0.0,0.0,0.0,1,1.0,0,0,1,0,1,0,0,0,0,1,0,0,0,0,0,0,1
0,-1.0588235294117647,0.0,0.0,0.0,0.0,0.0,0,1.5,0,1,0,0,1,1,0,0,0,0,0,0,0,0,0,0,0
1,0.8235294117647058,0.0,0.0,0.0,0.0,0.0,1,1.5,0,0,0,0,1,0,0,0,0,0,1,0,0,0,1,0,0
1,0.0588235294117647,0.0,0.0,0.0,0.0,0.0,1,0.0,0,0,0,0,1,0,0,0,0,0,1,0,0,0,0,1,0
1,2.7058823529411766,0.0,0.0,0.0,0.0,0.0,0,0.0,0,1,0,0,1,0,1,0,0,0,0,0,0,0,0,0,0
0,-0.4117647058823529,0.2939297479087193,2.0515329003242484,0.0,1.38115075726443,0.9332620561947168,1,0.0,1,1,0,0,1,0,0,0,0,0,0,0,0,0,0,0,0
0,0.7058823529411765,0.8014973444683071,1.9843791974413136,0.0,1.5154247907415412,1.6830090085759832,1,2.5,1,1,0,0,1,0,1,0,0,0,0,0,1,0,0,0,0
1,-0.5882352941176471,0.0,0.0,0.0,0.0,0.0,0,1.5,0,0,0,1,0,0,0,0,0,0,1,0,0,0,0,1,0
0,0.5882352941176471,0.0,0.0,1.516057713312579,1.6320592573265509,0.0,0,3.5,1,0,0,0,1,0,0,0,0,0,1,0,0,1,0,0,0
0,-0.4705882352941176,0.0,2.0379081857335324,0.0,0.6229422381190667,2.19446740153548,1,2.5,1,1,0,0,0,0,1,0,0,0,0,0,0,0,0,0,0
0,-0.3529411764705882,0.0,0.0,1.7187311979204345,1.178365295755183,2.310337404910468,0,0.0,1,0,0,0,1,0,0,0,0,0,1,0,0,0,0,0,0
1,-0.0588235294117647,0.0,0.0,0.0,0.0,0.0,1,0.0,0,0,0,0,1,0,0,0,0,0,1,0,0,1,0,0,0
1,0.8823529411764706,0.0,0.0,0.0,0.0,0.0,1,0.0,0,1,0,0,0,1,0,0,0,0,0,0,0,0,0,0,0
0,-0.8235294117647058,2.3752980233185905,0.0,1.6146083151126955,0.763232542969351,0.0,1,0.0,1,0,1,0,1,0,0,0,0,1,0,0,0,0,0,0,0
0,-0.5882352941176471,0.0,0.0,2.0485596595591558,0.0,0.0,0,0.0,1,0,0,0,0,0,0,0,0,0,1,0,0,0,0,1,0
0,1.5294117647058822,1.1690299835740472,1.079283318806892,2.1549816149940666,0.0,0.0,1,0.0,1,0,1,0,1,0,0,0,1,0,0,0,1,0,0,0,0
0,-0.4705882352941176,0.1854490234153689,1.3068698625119843,2.077257893771053,0.2754115523761867,0.669141894960796,0,1.0,1,0,0,0,1,0,0,0,0,0,1,0,0,0,0,0,0
1,-1.5294117647058822,0.0,0.0,0.0,0.0,0.0,0,1.5,0,0,1,0,1,0,0,0,0,1,0,0,0,0,1,0,0
0,-1.0588235294117647,0.0,0.0,0.0,0.0,0.0,0,1.0,0,0,0,0,1,0,0,0,0,0,1,0,0,0,0,1,0
0,-0.7058823529411765,0.0,0.7489560951925592,1.0,1.7667449002277529,1.48683284414146,1,0.0,1,0,0,0,1,0,0,0,0,1,0,0,0,0,0,0,1
0,0.0,1.7595106685937254,0.0,0.0,0.0,0.0,1,0.0,1,0,0,0,1,0,0,0,0,1,0,0,1,0,0,0,0
0,0.0588235294117647,1.6752394737330505,0.0,0.0,1.7243304029294504,0.0,0,0.0,1,0,1,0,1,0,0,0,0,1,0,0,0,1,0,0,0
1,-0.5294117647058824,0.0,0.0,0.0,0.0,0.0,1,0.5,0,0,1,0,1,0,0,0,0,1,0,0,0,0,0,0,0
1,0.0,0.0,0.0,0.0,0.0,0.0,0,0.0,0,1,0,0,1,1,0,0,0,0,0,0,0,0,0,0,0
0,2.0588235294117645,1.9843860958442907,0.0,1.0135734947947224,0.2754115523761867,0.6906959960353908,0,1.0,1,0,1,0,1,0,0,0,0,1,0,0,1,0,0,0,0
1,-0.0588235294117647,0.0,0.0,0.0,0.0,0.0,0,0.0,0,0,1,0,1,0,0,0,0,1,0,0,1,0,0,0,0
1,0.2352941176470588,0.0,0.0,0.0,0.0,0.0,1,0.0,0,0,0,1,0,0,0,0,0,0,1,0,0,0,0,0,0
0,0.7647058823529411,0.0,1.5306418685172678,0.7647583148507885,1.9887469288610475,1.0691301642290858,1,0.0,1,1,0,0,1,1,0,0,0,0,0,0,0,0,0,0,0
0,-0.5882352941176471,0.0,1.3915231858258803,0.6206071563358557,2.093668626681982,1.703039243289549,1,0.5,1,1,0,0,0,0,0,1,0,0,0,0,0,0,0,0,0
0,1.1764705882352942,0.7245290455462887,0.3358975579140839,0.0,1.8678091236360843,0.0,0,0.0,1,0,0,1,0,0,0,0,0,0,1,0,0,0,1,0,0
0,-0.0588235294117647,0.0,0.5579137673194251,0.0,0.0,1.9462830851005957,1,0.0,1,0,0,1,0,0,0,0,0,1,0,0,0,0,1,0,0
1,0.0,0.0,0.0,0.0,0.0,0.0,0,1.0,0,0,1,0,1,0,0,0,0,1,0,0,0,0,0,0,0
0,-1.588235294117647,0.0,0.0,0.0,0.0,0.0,1,1.5,0,0,0,0,0,0,0,0,0,0,1,0,0,0,1,0,0
0,2.411764705882353,1.2939297479087193,2.303254729946536,0.0,2.511220357346632,0.778326556204762,0,0.0,1,1,0,0,0,0,1,0,0,0,0,0,0,0,0,0,0
0,0.0,1.8202532466561456,0.0,0.0,0.0,0.1866524112389433,0,0.5,1,0,0,0,1,0,0,0,0,1,0,0,1,0,0,0,0
0,0.1764705882352941,0.0,1.2595899591016175,1.4386438615005177,2.244753564486444,1.336407249170283,1,1.0,1,1,0,0,1,1,0,0,0,0,0,0,0,0,0,0,0
0,0.5294117647058824,0.0,0.0,0.0,0.0,0.0,1,0.5,0,1,0,0,1,1,0,0,0,0,0,0,0,0,0,0,0
0,-0.1176470588235294,0.0,1.7782043057361452,1.4622790421292151,1.5730225912150269,0.9649789674437054,0,0.0,1,1,0,0,0,0,0,0,0,0,0,0,0,0,0,0,0
0,0.4117647058823529,1.3628144595471798,0.0,2.0852023233058987,0.8441487332812818,0.0,1,0.0,1,0,1,1,0,0,0,1,0,0,0,0,0,0,0,0,0
0,0.1764705882352941,0.0,1.503846336871126,0.0,0.0,1.3563632297794035,0,0.0,1,0,0,0,1,0,0,0,0,1,0,0,0,0,0,0,0
1,0.6470588235294118,0.0,0.0,0.0,0.0,0.0,0,0.0,0,1,0,0,1,0,0,0,1,0,0,0,1,0,0,0,0
0,0.1764705882352941,1.908060165505572,1.6388816737036138,0.0,2.061449846670635,2.3151018160495163,0,0.0,1,1,0,0,0,1,0,0,0,0,0,0,0,0,0,0,0
0,-0.1764705882352941,1.7381886720019122,0.0,0.0,0.0,0.6200458888731157,1,0.0,1,0,0,1,0,0,0,0,0,1,0,0,1,0,0,0,0
1,-1.5294117647058822,0.0,0.0,0.0,0.0,0.0,1,2.5,0,0,0,0,1,0,0,0,0,0,1,0,0,1,0,0,0
1,-0.2352941176470588,0.0,0.0,0.0,0.0,0.0,1,0.0,0,0,0,0,1,0,0,0,0,0,1,0,0,1,0,0,0
1,0.4117647058823529,0.0,0.0,0.0,0.0,0.0,0,0.5,0,1,0,0,1,0,1,0,0,0,0,0,0,0,0,0,0
0,0.5882352941176471,1.727485389288532,1.4080328990579285,0.0,1.3356473995874962,1.136239617646845,0,1.5,1,1,0,0,1,1,0,0,0,0,0,0,0,0,0,0,0
1,0.0,0.0,0.0,0.0,0.0,0.0,1,0.0,0,1,0,0,0,0,1,0,0,0,0,0,0,0,0,0,0
0,0.3529411764705882,0.0,0.0,1.3811964054295005,1.6458488911957536,0.0,0,0.0,1,0,0,0,1,0,0,0,0,0,1,0,1,0,0,0,0
0,0.4705882352941176,0.0,0.1679487789570419,0.0,0.0,2.16971081854046,0,0.5,1,1,0,0,1,0,0,0,0,0,0,0,0,0,0,0,0
0,-0.4705882352941176,0.9935527871534756,0.0,1.3894807410443766,1.5921060707637522,0.0,1,0.0,1,0,0,1,0,0,0,0,0,1,0,0,0,0,0,1,0
0,-0.3529411764705882,2.1453542672207964,0.8471998329243351,0.0,0.2754115523761867,1.624604589174702,1,0.5,1,1,0,0,1,0,0,1,0,0,0,0,0,0,0,0,0
0,-0.3529411764705882,0.0,0.0,0.6631941883725112,1.6335470385386432,0.0,0,0.5,1,0,0,0,1,0,0,0,0,1,0,0,0,0,0,0,0
0,-1.588235294117647,0.0,0.0,0.0,0.0,0.0,1,2.0,0,0,0,0,1,0,0,0,0,0,1,0,0,0,0,0,0
1,0.3529411764705882,0.0,0.0,0.0,0.0,0.0,1,0.0,0,0,0,0,1,0,0,0,0,0,1,0,0,0,0,1,0
0,1.3529411764705883,1.0124462620792734,1.573795507961402,0.2210647294575037,1.11666209848346,0.0,1,0.0,1,0,0,0,1,0,0,0,1,0,0,0,0,0,0,0,0
1,-0.7647058823529411,0.0,0.0,0.0,0.0,0.0,0,0.0,0,0,0,0,1,0,0,0,0,0,1,0,0,1,0,0,0
1,-0.2941176470588235,0.0,0.0,0.0,0.0,0.0,0,3.0,0,1,0,0,0,0,1,0,0,0,0,0,0,0,0,0,0
1,0.6470588235294118,0.0,0.0,0.0,0.0,0.0,1,0.0,0,0,0,0,1,0,0,0,0,0,1,0,0,1,0,0,0
0,0.7058823529411765,2.050191331244777,0.0,1.0135734947947224,0.0,0.0,1,0.0,1,0,1,0,0,0,0,0,1,0,0,0,0,0,0,0,0
0,-0.4705882352941176,1.2939297479087193,1.5319504164529902,1.0135734947947224,0.0,0.0,0,0.0,1,0,0,0,1,0,0,0,0,1,0,0,0,0,0,0,1
1,0.0,0.0,0.0,0.0,0.0,0.0,0,0.0,0,0,1,0,1,0,0,0,0,1,0,0,0,1,0,0,0
0,0.1764705882352941,0.8915192755066496,2.082936474747976,1.4243075608197826,0.0,0.0,1,0.5,1,0,0,0,1,0,0,0,0,0,1,0,1,0,0,0,0
0,0.5882352941176471,0.6415482152485357,0.7376843479474341,2.1583019005059803,1.1916794190241615,0.0,0,0.5,1,0,1,0,1,0,0,0,1,0,0,0,1,0,0,0,0
0,0.0,1.884838906753065,0.0,1.234638224252226,0.0,1.255782575468029,1,0.0,1,0,1,0,1,0,0,0,1,0,0,0,0,0,0,0,0
0,1.411764705882353,1.607636254432331,0.0,1.272202648724137,0.0,1.5782072134841187,1,0.0,1,0,0,0,1,0,0,0,0,0,1,0,0,1,0,0,0
0,0.3529411764705882,0.0,1.238628867254753,0.2210647294575037,1.9640069279440275,0.0,0,0.5,1,1,0,0,1,0,1,0,0,0,0,0,0,0,0,0,0
0,-0.1176470588235294,0.0,0.0,0.0,0.0,0.0,1,0.0,0,1,0,0,0,0,1,0,0,0,0,0,0,0,0,0,0
0,-0.0588235294117647,0.0,1.386025082521008,0.0,2.079175928515005,0.0,0,0.0,1,1,0,0,0,0,0,1,0,0,0,0,0,0,0,0,0
0,0.0,1.2425900021828151,0.1679487789570419,1.2476575416896074,1.953467056561586,0.8667869552683445,0,0.5,1,0,1,0,1,0,0,0,0,1,0,0,1,0,0,0,0
0,-0.1176470588235294,1.903313250258144,0.0,1.559674102850349,0.0,0.0,0,0.0,1,0,1,0,1,0,0,0,1,0,0,0,0,0,0,0,0
1,-1.1764705882352942,0.0,0.0,0.0,0.0,0.0,0,1.0,0,0,0,0,1,0,0,0,0,0,1,0,1,0,0,0,0
1,-1.5294117647058822,0.0,0.0,0.0,0.0,0.0,1,1.0,0,0,1,0,1,0,0,0,0,1,0,0,0,0,0,0,0
0,0.2941176470588235,0.0,0.0,2.209711560929004,0.0,0.0,0,0.5,1,0,0,0,1,0,0,0,0,1,0,0,0,1,0,0,0
1,0.0,0.0,0.0,0.0,0.0,0.0,0,1.5,0,0,0,0,0,0,0,0,0,0,1,0,0,0,0,0,0
0,0.7647058823529411,0.0,0.0,1.289446252936704,0.17376534287144,1.741219668850036,1,0.5,1,0,0,0,1,0,0,0,0,1,0,0,0,0,1,0,0
1,1.0588235294117647,0.0,0.0,0.0,0.0,0.0,1,0.5,0,0,1,0,1,0,0,0,0,1,0,0,0,1,0,0,0
0,0.3529411764705882,1.0357258415701949,0.0,0.0,0.0,2.160249154374444,0,0.0,1,0,0,0,1,0,0,0,0,1,0,0,0,0,0,1,0
0,-1.0,0.0,0.0,0.0,0.0,0.0,0,0.0,0,0,1,0,1,0,0,0,0,1,0,0,1,0,0,0,0
0,1.1176470588235294,1.717210345328496,0.0,1.3213657691802776,0.0,0.0,1,1.0,1,0,0,0,0,0,0,0,0,0,1,0,0,0,0,0,0
0,0.5882352941176471,0.0,0.5323850333776358,1.3594921832053657,1.476285161733096,1.49635659733704,0,0.5,1,0,0,0,1,0,0,0,0,1,0,0,1,0,0,0,0
0,0.5882352941176471,1.1126941404922133,0.0,0.0,0.0,1.7490613994469686,1,3.5,1,0,0,0,1,0,0,0,0,1,0,0,0,0,0,0,1
0,0.8235294117647058,0.7877740089073892,0.0,1.1428880717594294,0.0,1.8151039588113465,0,0.5,1,0,0,0,1,0,0,0,0,1,0,0,0,0,0,1,0
1,-0.5882352941176471,0.0,0.0,0.0,0.0,0.0,0,0.5,0,1,0,0,1,1,0,0,0,0,0,0,0,0,0,0,0
1,-0.6470588235294118,0.0,0.0,0.0,0.0,0.0,1,0.0,0,0,0,0,1,0,0,0,0,0,1,0,0,1,0,0,0
0,0.0588235294117647,2.021275097211632,0.0,0.0,0.0,0.5239995654055677,0,0.0,1,0,1,0,1,0,0,0,0,1,0,0,0,0,1,0,0
1,0.2352941176470588,0.0,0.0,0.0,0.0,0.0,1,0.5,0,0,1,0,1,0,0,0,0,1,0,0,0,0,0,0,0
0,-1.411764705882353,0.0,0.0,0.0,0.0,0.0,0,1.5,0,0,1,0,0,0,0,0,0,1,0,0,0,0,0,0,0
1,0.1176470588235294,0.0,0.0,0.0,0.0,0.0,0,0.0,0,0,0,1,0,0,0,0,0,0,1,0,0,1,0,0,0
1,0.7058823529411765,0.0,0.0,0.0,0.0,0.0,1,0.0,0,1,0,0,1,0,0,1,0,0,0,0,0,0,0,0,0
0,-0.4705882352941176,1.2874825350621948,0.2661925166888179,0.0,1.5482306266491732,1.7068725109806495,0,0.0,1,0,0,0,1,0,0,0,0,1,0,0,0,0,0,0,1
0,1.588235294117647,0.0,1.589043920298858,0.0,0.0,0.0,1,0.0,1,0,0,0,0,0,0,0,0,1,0,0,0,0,0,1,0
1,-0.5294117647058824,0.0,0.0,0.0,0.0,0.0,1,0.0,0,0,1,0,1,0,0,0,0,1,0,0,0,0,0,1,0
1,-0.6470588235294118,0.0,0.0,0.0,0.0,0.0,0,0.0,0,0,0,0,1,0,0,0,0,0,1,0,0,0,1,0,0
1,-0.2941176470588235,0.0,0.0,0.0,0.0,0.0,0,0.0,0,0,0,1,0,0,0,0,0,0,1,0,0,0,0,0,0
0,1.0,0.0,1.0362313702487616,2.8304079531325117,1.5189640080913684,1.610009354203059,0,0.0,1,1,0,0,0,1,0,0,0,0,0,0,0,0,0,0,0
0,0.5294117647058824,0.0,2.091208966561319,2.0965371690257286,1.9959264622376267,1.8524901848924331,1,0.0,1,1,0,0,1,0,1,0,0,0,0,0,1,0,0,0,0
1,-0.2941176470588235,0.0,0.0,0.0,0.0,0.0,0,0.0,0,0,0,0,1,0,0,0,0,0,1,0,0,0,0,0,0
0,1.5294117647058822,0.0,1.7029252688076006,0.0,2.075449765065532,0.0,1,0.5,1,1,0,0,0,0,0,0,0,1,0,0,1,0,0,0,0
0,0.0588235294117647,0.0,0.0,0.0,0.0,0.0,1,0.5,0,0,1,0,1,0,0,0,1,0,0,0,1,0,0,0,0
0,-0.2352941176470588,1.6427039249783058,0.0,2.07007989411299,0.0,0.0,0,0.5,1,0,1,0,1,0,0,0,0,1,0,0,0,0,0,0,1
0,-0.2352941176470588,2.0604282794781748,0.0,1.4351197484179776,0.0,0.0,1,3.0,1,0,1,0,1,0,0,1,0,0,0,0,0,0,0,0,0
1,-0.9411764705882352,0.0,0.0,0.0,0.0,0.0,1,0.0,0,0,0,0,0,0,0,0,0,0,1,0,0,0,0,0,0
1,-0.7647058823529411,0.0,0.0,0.0,0.0,0.0,0,0.5,0,0,0,1,0,0,0,0,0,0,1,0,1,0,0,0,0
0,0.8235294117647058,1.90374828512866,0.0,1.8212207148603152,0.9486600070956904,1.8665241123894336,1,3.0,1,0,1,0,1,0,0,0,1,0,0,0,0,0,0,0,0
0,-0.2941176470588235,0.0,0.0,2.0705634863040587,1.14161321239748,0.0,0,0.0,1,0,0,0,0,0,0,0,0,0,1,0,1,0,0,0,0
1,-0.6470588235294118,0.0,0.0,0.0,0.0,0.0,1,0.0,0,0,0,0,1,0,0,0,0,1,0,0,1,0,0,0,0
0,1.1764705882352942,1.8810805111622584,0.5323850333776358,1.8191015775693224,0.0,0.0,0,1.0,1,0,1,0,1,0,0,0,0,1,0,0,0,1,0,0,0
0,-0.2941176470588235,1.7024051757851373,0.0,1.7831278246686428,0.0,1.263297923929233,0,0.0,1,0,1,0,1,0,0,0,1,0,0,0,0,0,0,0,0
0,-0.5294117647058824,0.0,1.5978189330701258,1.3975553239460667,0.0,0.0,1,0.5,1,0,0,0,1,0,0,0,0,0,1,0,1,0,0,0,0
0,0.4705882352941176,0.0,1.8133179076464867,0.0,0.0,0.0,1,0.5,1,0,0,0,1,0,0,0,0,0,1,0,0,0,0,0,0
0,0.8823529411764706,0.0,0.7489560951925592,0.0,1.9840270571046812,2.2054444891889537,1,0.0,1,1,0,0,0,0,1,0,0,0,0,0,0,0,0,0,0
0,0.5294117647058824,0.0,2.051634792197291,0.0,2.247266934006795,1.2318896459610953,1,0.0,1,1,0,0,1,0,0,1,0,0,0,0,0,0,0,0,0
1,-0.1764705882352941,0.0,0.0,0.0,0.0,0.0,1,0.0,0,0,0,1,0,0,0,0,0,0,1,0,0,0,0,0,0
0,-0.5294117647058824,1.895807331312502,0.0,1.6146083151126955,0.4878209905931642,0.0,1,0.0,1,0,0,0,1,0,0,0,0,1,0,0,0,0,0,0,0
0,-0.1176470588235294,0.6648277947394572,0.9223500217400188,1.9092530851664975,0.0,0.0,1,0.0,1,0,0,1,0,0,0,0,0,0,1,0,0,0,0,0,0
0,1.8823529411764703,1.3277911471852442,0.0,2.172303282844009,0.0,0.0,1,0.5,1,0,1,0,1,0,0,0,1,0,0,0,0,0,0,0,0
0,0.0588235294117647,1.8341398514934744,0.0,1.3313331112807136,1.2889656856189216,0.0,1,0.0,1,0,1,0,1,0,0,1,0,0,0,0,0,0,0,0,0
1,1.2352941176470589,0.0,0.0,0.0,0.0,0.0,1,0.5,0,1,0,0,0,1,0,0,0,0,0,0,0,0,0,0,0
0,0.9411764705882352,1.58644014826362,1.1253306691370626,2.422709716851809,0.9052224502512914,0.0,0,0.0,1,0,1,0,1,0,0,0,0,1,0,0,0,0,1,0,0
0,0.2352941176470588,2.08646666240311,0.0,1.5937558578092534,0.7102593820841355,0.0,1,1.0,1,0,1,0,1,0,0,0,0,1,0,0,1,0,0,0,0
0,-0.4705882352941176,0.0,1.756476620529328,0.0,2.091469834645535,2.062988477065104,0,0.0,1,1,0,0,1,0,0,1,0,0,0,0,0,0,0,0,0
0,0.4117647058823529,1.0466476186905076,1.4953960839691642,1.9011374058162096,0.0,0.0,0,0.0,1,0,1,1,0,0,0,1,0,0,0,0,0,0,0,0,0
0,0.5882352941176471,0.0,2.3054803055897657,0.884258917830015,2.083032779948826,1.1553456790609842,1,0.0,1,1,0,0,1,0,0,1,0,0,0,0,0,0,0,0,0
0,-0.2941176470588235,0.0,0.0,0.6206071563358557,0.0,1.776863060710845,1,0.0,1,0,0,0,1,0,0,0,0,1,0,0,0,0,0,0,1
0,0.1764705882352941,0.0,0.0,2.011254001015358,0.0,1.6290873979459155,1,0.0,1,0,0,0,1,0,0,0,0,1,0,0,0,0,0,1,0
0,-0.3529411764705882,1.6392217102720077,1.061760104190551,2.243470230045053,0.0,0.0,0,0.0,1,0,0,0,1,0,0,0,1,0,0,0,1,0,0,0,0
0,0.1764705882352941,0.0,2.013663750814944,0.0,1.5795465013429002,1.9251360873419276,0,0.0,1,1,0,0,0,0,1,0,0,0,0,0,0,0,0,0,0
0,-0.5294117647058824,0.0,0.0,0.0,0.0,2.065260916779288,0,0.0,1,0,0,0,1,0,0,0,0,1,0,0,0,0,0,0,1
0,-0.5294117647058824,0.0,0.0,2.385365471186644,1.7945707262216235,0.5916741449658187,1,0.0,1,0,0,0,1,0,0,0,0,1,0,0,0,0,1,0,0
0,0.8235294117647058,0.0,1.3984136654340995,2.67078986768749,1.800165434411659,1.0640008185132777,0,2.0,1,1,0,0,0,1,0,0,0,0,0,0,0,0,0,0,0
1,0.9411764705882352,0.0,0.0,0.0,0.0,0.0,1,1.0,0,1,0,0,1,1,0,0,0,0,0,0,0,0,0,0,0
1,-0.2941176470588235,0.0,0.0,0.0,0.0,0.0,0,0.0,0,0,0,0,1,0,0,0,0,0,1,0,1,0,0,0,0
0,0.0,0.0,1.547533645259013,0.0,1.3940094936716936,0.0,1,0.0,1,0,0,0,1,0,0,0,0,0,1,0,0,0,0,1,0
0,-0.1764705882352941,1.784060371681534,0.0,0.0,0.5212960286143199,0.0,0,0.0,1,0,0,0,1,0,0,0,1,0,0,0,0,0,0,0,0
0,-0.2352941176470588,0.0,0.0,0.5132964061160518,1.249342329659286,0.0,1,0.5,1,0,0,0,1,0,0,0,0,1,0,0,0,0,1,0,0
0,-0.7647058823529411,0.0,0.9169048741496012,1.9851921262214225,1.2124094382169777,0.0,0,0.0,1,0,0,1,0,0,0,0,0,1,0,0,0,1,0,0,0
1,-0.1764705882352941,0.0,0.0,0.0,0.0,0.0,0,0.0,0,0,1,0,1,0,0,0,0,1,0,0,1,0,0,0,0
0,0.5882352941176471,0.0,1.7441117505611097,0.350379306422211,0.6430081763978817,0.55995723371683,1,0.5,1,1,0,0,1,0,0,1,0,0,0,0,0,0,0,0,0
0,1.1176470588235294,0.0,1.689908362639576,2.1853787942712994,1.970085757146476,1.8040582543769772,1,0.0,1,1,0,0,1,0,1,0,0,0,0,0,0,0,0,0,0
0,-0.3529411764705882,1.873644857354412,0.0,2.394244914115715,0.0,0.0,1,0.0,1,0,1,0,0,0,0,1,0,0,0,0,0,0,0,0,0
1,0.4705882352941176,0.0,0.0,0.0,0.0,0.0,0,0.0,0,1,0,0,1,1,0,0,0,0,0,0,0,0,0,0,0
0,0.1764705882352941,1.8763070324178517,0.0,1.9412489093393517,0.4491768952476266,0.0,0,0.0,1,0,0,0,1,0,0,0,0,1,0,0,0,0,0,0,1
1,-0.2352941176470588,0.0,0.0,0.0,0.0,0.0,1,0.0,0,0,0,0,1,0,0,0,0,0,1,0,0,0,0,0,0
1,-0.7647058823529411,0.0,0.0,0.0,0.0,0.0,0,1.0,0,1,0,0,1,0,0,0,0,0,0,0,0,0,0,0,0
0,0.0588235294117647,1.2830964304970711,0.5323850333776358,2.241779789750533,0.17376534287144,0.55995723371683,1,0.5,1,0,1,0,1,0,0,1,0,0,0,0,0,0,0,0,0
0,2.4705882352941178,2.249602464343488,0.0,1.998186180956196,0.0,1.6740232825485275,1,0.0,1,0,1,0,1,0,0,1,0,0,0,0,0,0,0,0,0
0,-0.7058823529411765,0.0,0.5038463368711258,0.0,1.6595887898404225,0.0,1,0.0,1,0,0,0,1,0,0,0,0,0,1,0,0,1,0,0,0
1,-0.6470588235294118,0.0,0.0,0.0,0.0,0.0,1,0.5,0,0,1,0,0,0,0,0,0,1,0,0,0,0,1,0,0
0,1.588235294117647,0.0,1.5332519354491672,0.0,2.414552953297871,2.137396165629686,1,0.0,1,1,0,0,0,0,1,0,0,0,0,0,0,0,0,0,0
0,1.5294117647058822,0.5878594958174387,1.7703643054161602,0.0,1.9829251195131223,2.3991739901396447,0,0.5,1,1,0,0,0,0,1,0,0,0,0,0,0,0,0,0,0
1,0.6470588235294118,0.0,0.0,0.0,0.0,0.0,0,0.0,0,0,0,0,0,0,0,0,0,0,1,0,0,0,0,0,0
0,1.588235294117647,0.0,1.8492047510558267,0.350379306422211,0.7510013172738119,1.989880314948531,0,1.0,1,1,0,0,0,1,0,0,0,0,0,0,0,0,0,0,0
0,0.5882352941176471,1.7163360099542218,0.0,1.9195038485225613,1.2544412932048137,0.7292305501170816,1,0.0,1,0,1,0,1,0,0,0,0,1,0,0,1,0,0,0,0
0,0.1176470588235294,1.758764374144924,0.0,0.0,1.6419345542068655,1.258311068299507,0,0.0,1,0,0,0,1,0,0,0,0,1,0,0,0,1,0,0,0
1,0.4705882352941176,0.0,0.0,0.0,0.0,0.0,1,1.0,0,0,0,0,0,0,0,0,0,0,1,0,0,0,1,0,0
0,0.3529411764705882,0.814550976584631,1.570849588748336,0.0,1.204321949813506,1.6647273287476714,0,0.0,1,1,0,0,1,0,0,0,0,0,0,0,0,0,0,0,0
0,-0.3529411764705882,1.7621064265919688,0.0,0.0,0.0,0.0,1,0.0,1,0,0,0,1,0,0,0,0,1,0,0,0,0,1,0,0
1,1.2352941176470589,0.0,0.0,0.0,0.0,0.0,1,1.5,0,1,0,0,1,0,1,0,0,0,0,0,1,0,0,0,0
0,-0.4117647058823529,0.0,0.0,1.5048660741658706,0.924766660145252,1.8845762291780657,1,0.0,1,0,0,0,1,0,0,0,0,1,0,0,0,1,0,0,0
1,1.411764705882353,0.0,0.0,0.0,0.0,0.0,0,0.5,0,0,1,0,1,0,0,0,1,0,0,0,1,0,0,0,0
1,0.1176470588235294,0.0,0.0,0.0,0.0,0.0,0,0.0,0,0,1,0,0,0,0,0,0,1,0,0,0,0,0,0,0
0,0.4705882352941176,1.7534811990782353,0.0,1.8158962341174212,0.0,0.8773484072743342,1,0.0,1,0,1,0,1,0,0,0,1,0,0,0,0,0,0,0,0
1,-0.6470588235294118,0.0,0.0,0.0,0.0,0.0,1,0.0,0,0,0,1,0,0,0,0,0,0,1,0,1,0,0,0,0
0,0.2352941176470588,0.8014973444683071,1.5105906772285187,0.0,0.0,1.395363670669457,1,1.0,1,0,0,0,1,0,0,0,1,0,0,0,1,0,0,0,0
0,0.8823529411764706,1.9072033308695704,0.8682825912917196,0.903593867168606,0.0,0.0,1,1.0,1,0,1,0,1,0,0,0,1,0,0,0,0,0,0,0,0
1,0.5294117647058824,0.0,0.0,0.0,0.0,0.0,1,0.0,0,1,0,0,0,0,0,0,1,0,0,0,1,0,0,0,0
0,0.5882352941176471,0.6415482152485357,1.5323850333776357,1.2601661640796695,1.1107632287122309,0.0,1,0.0,1,0,0,0,1,0,0,0,0,1,0,0,0,0,0,0,1
0,-1.1176470588235294,0.0,0.0,0.0,0.0,0.0,0,1.0,0,0,0,0,1,0,0,0,0,0,1,0,0,0,0,0,0
0,-1.588235294117647,0.0,0.0,0.0,0.0,0.0,0,1.0,0,0,1,0,1,0,0,0,0,1,0,0,0,0,0,0,0
0,-0.3529411764705882,2.106654462204942,0.0,2.0391014346221654,0.0,0.0,1,3.0,1,0,1,0,1,0,0,0,1,0,0,0,0,0,0,0,0
1,0.0588235294117647,0.0,0.0,0.0,0.0,0.0,1,0.5,0,1,0,0,1,0,0,1,0,0,0,0,0,0,0,0,0
1,0.0588235294117647,0.0,0.0,0.0,0.0,0.0,0,0.0,0,1,0,0,0,1,0,0,0,0,0,0,0,0,0,0,0
1,0.5294117647058824,0.0,0.0,0.0,0.0,0.0,1,0.0,0,1,0,0,0,0,0,0,0,1,0,0,1,0,0,0,0
0,-0.1764705882352941,2.1137867762230407,0.0,1.8212207148603152,0.5508231047523734,0.4824894837218527,1,0.5,1,0,1,0,0,0,0,1,0,0,0,0,0,0,0,0,0
0,-0.4705882352941176,1.2068641606126205,0.0,0.0,1.0823528154380506,1.7207800339624244,0,0.0,1,0,0,0,1,0,0,0,0,1,0,0,0,1,0,0,0
0,-0.5882352941176471,1.6700842778934766,0.0,2.075359501327191,0.0,0.0,1,3.0,1,0,1,0,1,0,0,1,0,0,0,0,0,0,0,0,0
0,-0.4705882352941176,1.6867324954519334,0.6020900746029018,0.0,1.4507196102604076,1.4511827515438935,0,0.0,1,0,0,0,1,0,0,0,0,1,0,0,0,0,0,1,0
0,-0.4117647058823529,0.0,0.1679487789570419,1.115137621272999,1.6615863334646044,0.8323636643738357,0,0.0,1,0,0,0,1,0,0,0,0,0,1,0,0,0,0,1,0
1,-1.2941176470588236,0.0,0.0,0.0,0.0,0.0,0,0.0,0,0,0,1,0,0,0,0,0,0,1,0,1,0,0,0,0
0,0.0,1.4107719774829972,0.1679487789570419,0.7647583148507885,1.6158800697479097,0.0,0,3.5,1,0,0,0,1,0,0,0,0,0,1,0,0,0,0,1,0
0,-0.2352941176470588,1.440602196740458,1.4386583161908733,0.9554258650310592,0.17376534287144,0.6906959960353908,0,0.0,1,0,0,0,0,0,0,0,0,1,0,0,0,0,0,0,0
1,1.4705882352941178,0.0,0.0,0.0,0.0,0.0,1,1.0,0,1,0,0,1,0,0,0,0,0,0,0,0,0,0,0,0
1,-0.7058823529411765,0.0,0.0,0.0,0.0,0.0,1,0.5,0,1,0,0,0,1,0,0,0,0,0,0,0,0,0,0,0
0,-0.1764705882352941,1.948660254274096,1.865663118530331,1.6264952433704112,1.9464344594553928,0.0,1,0.5,1,0,1,0,1,0,0,1,0,0,0,0,0,0,0,0,0
0,-1.5294117647058822,0.0,0.0,0.0,0.0,0.0,0,2.5,0,1,0,0,1,0,1,0,0,0,0,0,0,0,0,0,0
0,-0.8235294117647058,0.0,1.1182384885659198,3.002272383556619,0.4878209905931642,1.1833482899316374,1,0.5,1,1,0,0,1,1,0,0,0,0,0,0,0,0,0,0,0
1,-1.4705882352941178,0.0,0.0,0.0,0.0,0.0,0,3.0,0,0,0,0,0,0,0,0,0,0,1,0,0,1,0,0,0
0,-0.6470588235294118,0.0,0.0,2.099640046763054,0.0,0.1866524112389433,0,1.0,1,0,0,0,1,0,0,0,0,0,1,0,1,0,0,0,0
1,-0.2941176470588235,0.0,0.0,0.0,0.0,0.0,0,0.5,0,1,0,0,0,1,0,0,0,0,0,0,0,0,0,0,0
1,0.4705882352941176,0.0,0.0,0.0,0.0,0.0,0,0.5,0,0,1,0,1,0,0,1,0,0,0,0,0,0,0,0,0
0,-0.5294117647058824,1.8065455392611491,0.0,1.2601661640796695,0.0,0.0,0,0.0,1,0,0,0,1,0,0,0,1,0,0,0,0,0,0,0,0
0,-0.0588235294117647,0.0,1.5253358418012517,1.2279236817437833,0.4034706315309319,1.2318896459610953,1,0.0,1,0,0,1,0,0,0,0,0,1,0,0,0,0,0,0,0
0,-0.7058823529411765,0.6415482152485357,0.0,1.4687222711471113,0.0,2.051064493130478,1,0.0,1,0,0,0,1,0,0,0,0,1,0,0,0,1,0,0,0
1,0.7058823529411765,0.0,0.0,0.0,0.0,0.0,1,0.0,0,0,1,0,1,0,0,0,1,0,0,0,0,0,0,0,0
1,-1.3529411764705883,0.0,0.0,0.0,0.0,0.0,0,0.5,0,0,0,0,1,0,0,0,0,0,1,0,0,0,0,0,0
1,0.4705882352941176,0.0,0.0,0.0,0.0,0.0,1,0.5,0,1,0,0,1,1,0,0,0,0,0,0,1,0,0,0,0
0,-0.0588235294117647,0.0,1.4933642157056397,0.0,0.0,1.4294236390333863,0,0.0,1,0,0,0,0,0,0,0,0,0,1,0,0,0,0,0,0
1,-0.6470588235294118,0.0,0.0,0.0,0.0,0.0,1,1.5,0,1,0,0,1,1,0,0,0,0,0,0,0,0,0,0,0
0,0.5882352941176471,1.526916728228652,1.9727422092575004,0.0,0.17376534287144,1.3861302229639267,1,0.0,1,1,0,0,1,0,1,0,0,0,0,0,0,0,0,0,0
1,-0.8823529411764706,0.0,0.0,0.0,0.0,0.0,0,1.0,0,0,1,0,1,0,0,0,0,1,0,0,0,0,0,0,0
0,0.7647058823529411,0.8269972386639046,1.2235744068688386,0.0,1.401606753811511,0.0,0,0.0,1,0,0,0,1,0,0,0,0,0,1,0,0,0,0,1,0
0,1.588235294117647,0.0,0.8813830179379154,0.0,2.119133033064167,0.0,0,2.0,1,1,0,0,0,1,0,0,0,0,0,0,0,0,0,0,0
1,0.5294117647058824,0.0,0.0,0.0,0.0,0.0,1,0.0,0,0,0,0,1,0,0,0,0,0,1,0,0,1,0,0,0
0,-0.4117647058823529,0.7060702520912806,1.625065168923369,0.0,1.8224231194580771,0.8443337464867926,1,0.0,1,1,0,0,1,0,0,0,1,0,0,0,0,0,0,0,0
0,-0.4705882352941176,0.0,0.5579137673194251,0.0,0.0,0.1866524112389433,0,0.0,1,0,0,0,1,0,0,0,0,1,0,0,1,0,0,0,0
0,-0.5294117647058824,1.3043414269023128,0.0,0.8416718857933595,1.3180036096048269,1.701587582048554,1,0.0,1,0,0,0,1,0,0,0,0,0,1,0,1,0,0,0,0
0,0.7058823529411765,0.1854490234153689,1.6416635512251114,0.0,0.4878209905931642,0.0,0,0.5,1,0,0,0,1,0,0,0,0,0,1,0,0,0,1,0,0
0,-0.8235294117647058,0.1854490234153689,1.2990350363042151,2.148992162181113,1.0953786230933769,0.6457112531348923,1,3.0,1,0,0,0,0,0,0,0,0,1,0,0,0,0,0,0,0
0,0.0,0.0,1.0076926737422516,0.700758612844422,1.2202441508002535,2.15245111297797,1,0.0,1,0,0,0,1,0,1,0,0,0,0,0,0,0,0,0,0
0,-0.4117647058823529,0.6648277947394572,0.0,0.0,1.689190133612981,0.0,1,0.0,1,0,0,0,1,0,0,0,0,0,1,0,0,0,0,1,0
0,-0.3529411764705882,0.0,0.2661925166888179,1.562063095211139,0.0,1.6991506196421802,0,0.0,1,0,0,1,0,0,0,0,0,1,0,0,1,0,0,0,0
1,1.5294117647058822,0.0,0.0,0.0,0.0,0.0,1,1.0,0,0,0,0,1,0,0,0,0,0,1,0,1,0,0,0,0
0,0.5882352941176471,0.8269972386639046,0.9709723045979004,0.5714440358797147,1.3004278145230157,1.6341208624045016,1,0.0,1,0,0,0,1,0,0,0,0,1,0,0,0,0,0,1,0
0,0.7647058823529411,1.710134325978301,0.0,1.566788055541117,1.0789877931227316,0.0,1,0.5,1,0,0,0,1,0,0,0,0,1,0,0,1,0,0,0,0
1,2.411764705882353,0.0,0.0,0.0,0.0,0.0,0,1.0,0,1,0,0,0,1,0,0,0,0,0,0,0,0,0,0,0
1,-0.8823529411764706,0.0,0.0,0.0,0.0,0.0,0,2.0,0,0,0,0,0,0,0,0,0,0,1,0,1,0,0,0,0
1,-1.588235294117647,0.0,0.0,0.0,0.0,0.0,1,1.0,0,0,0,0,1,0,0,0,0,0,1,0,0,0,1,0,0
0,-0.4705882352941176,0.0,1.238628867254753,0.0,1.6422929393979082,0.0,1,0.0,1,0,0,0,1,0,0,0,0,1,0,0,0,1,0,0,0
0,-0.3529411764705882,0.9099780689616576,0.8073893891727001,1.234638224252226,1.6404958679143091,0.669141894960796,1,0.0,1,0,0,0,1,0,0,0,0,0,1,0,0,1,0,0,0
1,0.0588235294117647,0.0,0.0,0.0,0.0,0.0,1,0.5,0,1,0,0,1,1,0,0,0,0,0,0,1,0,0,0,0
0,-0.1176470588235294,1.1084807244933503,0.0,0.0,0.0,1.8483021921113243,0,0.0,1,0,0,0,1,0,0,0,0,0,1,0,0,0,0,0,0
1,2.411764705882353,0.0,0.0,0.0,0.0,0.0,0,0.0,0,1,0,0,1,0,1,0,0,0,0,0,0,0,0,0,0
0,0.2941176470588235,0.0,1.503357337975536,0.0,0.0,1.4449634795384505,1,0.0,1,0,0,1,0,0,0,0,0,0,1,0,0,0,0,1,0
1,-0.5294117647058824,0.0,0.0,0.0,0.0,0.0,0,0.0,0,0,0,0,1,0,0,0,0,0,1,0,0,0,0,0,0
0,1.6470588235294117,1.3123885413637273,1.6577157025146982,0.0,0.4878209905931642,1.610009354203059,1,0.5,1,0,0,0,1,0,0,0,0,1,0,0,0,1,0,0,0
0,0.2352941176470588,0.0,1.3319576520727086,0.0,0.0,0.0,1,0.0,1,0,0,0,1,0,0,0,1,0,0,0,1,0,0,0,0
0,-0.2941176470588235,1.203907816870377,0.0,2.1303178146240014,0.0,0.3733048224778867,1,0.0,1,0,0,0,1,0,0,0,0,0,1,0,0,0,1,0,0
0,0.0,1.850276818154826,0.0,0.0,0.5772359744023721,0.0,0,0.0,1,0,0,0,1,0,0,0,0,0,1,0,0,0,0,1,0
0,1.5294117647058822,0.0,0.1679487789570419,0.0,1.3231726669292083,1.6702343204268284,1,0.0,1,0,0,1,0,0,0,0,1,0,0,0,0,0,0,0,0
1,-0.1176470588235294,0.0,0.0,0.0,0.0,0.0,1,1.0,0,1,0,0,0,0,1,0,0,0,0,0,0,0,0,0,0
0,2.0588235294117645,1.467437599797733,0.0,0.0,1.5981575121411995,0.6457112531348923,0,0.0,1,0,0,0,1,0,0,0,0,0,1,0,0,0,1,0,0
0,1.0588235294117647,0.0,0.0,0.0,1.6678088835886624,0.0,0,0.0,1,0,0,0,1,0,0,0,0,0,1,0,0,1,0,0,0
0,1.8235294117647056,0.0,1.753007715603083,0.350379306422211,1.2183083079882069,2.115151945999535,1,1.0,1,1,0,0,1,0,0,0,0,1,0,0,1,0,0,0,0
0,0.0,0.2939297479087193,1.8052866955845768,0.818036705164662,1.761457736275361,1.2958370724829091,1,0.0,1,1,0,0,0,0,1,0,0,0,0,0,0,0,0,0,0
1,-0.1764705882352941,0.0,0.0,0.0,0.0,0.0,0,0.0,0,0,0,0,1,0,0,0,0,0,1,0,0,1,0,0,0
0,-0.4117647058823529,0.0,0.0,2.0965371690257286,0.2754115523761867,0.0,1,0.0,1,0,0,0,0,0,0,0,0,1,0,0,0,0,0,1,0
0,-0.1764705882352941,0.0,1.9079482493381053,0.0,1.2889656856189216,0.0,1,0.5,1,1,0,0,1,1,0,0,0,0,0,0,0,0,0,0,0
0,0.4117647058823529,1.447866345752756,0.0,0.8416718857933595,1.565352688246988,1.0064890491274203,0,0.0,1,0,0,0,1,0,0,0,1,0,0,0,1,0,0,0,0
0,-0.1764705882352941,0.0,0.0,0.0,0.0,1.930994834543892,1,0.0,1,0,0,0,1,0,0,0,0,1,0,0,0,1,0,0,0
0,0.1176470588235294,1.1586720557381271,0.7003338123346776,0.0,1.3428447474703886,1.677229064553691,0,0.0,1,0,0,0,0,0,0,0,0,0,1,0,1,0,0,0,0
1,-1.0588235294117647,0.0,0.0,0.0,0.0,0.0,0,1.0,0,0,0,0,1,0,0,0,0,0,1,0,0,1,0,0,0
1,-0.3529411764705882,0.0,0.0,0.0,0.0,0.0,1,3.0,0,0,1,0,0,0,0,1,0,0,0,0,0,0,0,0,0
1,-0.2352941176470588,0.0,0.0,0.0,0.0,0.0,0,0.0,0,0,0,0,1,0,0,0,0,0,1,0,1,0,0,0,0
0,1.0,0.0,0.0,0.0,0.0,0.0,1,0.0,0,1,0,0,1,1,0,0,0,0,0,0,0,0,0,0,0
0,-1.5294117647058822,0.0,0.0,0.0,0.0,0.0,1,1.0,0,0,0,0,0,0,0,0,0,0,1,0,0,0,0,0,0
0,-1.588235294117647,0.0,0.0,0.0,0.0,0.0,1,0.5,0,0,0,0,0,0,0,0,0,0,1,0,0,1,0,0,0
0,0.0,1.689166965264515,1.7615886006579822,0.0,1.5386692406986884,1.5447585759579026,1,0.0,1,1,0,0,1,0,0,0,1,0,0,0,1,0,0,0,0
1,2.176470588235294,0.0,0.0,0.0,0.0,0.0,0,0.0,0,0,0,0,1,0,0,0,0,0,1,0,0,0,0,0,0
0,-0.5882352941176471,0.0,0.0,0.0,0.0,0.0,1,1.5,0,1,0,0,1,1,0,0,0,0,0,0,0,0,0,0,0
0,-0.1176470588235294,1.5457900010638737,0.0,1.4054305139129073,0.34753068574288,1.5350297425221835,0,0.5,1,0,0,0,1,0,0,0,0,0,1,0,0,1,0,0,0
0,1.1764705882352942,0.0,1.86763037321143,2.3477560225050302,1.3307317440823645,0.8557943061997394,0,0.0,1,1,0,0,0,0,1,0,0,0,0,0,0,0,0,0,0
0,-0.2352941176470588,0.0,0.7489560951925592,0.0,0.0,1.7705529130702498,1,0.0,1,0,0,0,1,0,0,0,0,1,0,0,0,0,1,0,0
0,0.0,0.7417960936614756,1.930630901803281,0.0,1.3841772374642358,1.1516313786826486,0,0.0,1,1,0,0,1,0,1,0,0,0,0,0,0,0,0,0,0
0,-1.5294117647058822,0.0,0.0,0.0,0.0,0.0,0,2.0,0,0,0,0,1,0,0,0,0,0,1,0,0,0,0,1,0
0,1.0588235294117647,0.6415482152485357,0.6864843932202759,2.132712786996772,1.0789877931227316,0.0,0,0.5,1,0,0,0,1,0,0,0,0,1,0,0,1,0,0,0,0
0,-0.2941176470588235,0.0,0.9328864152476568,0.0,1.633917608300782,0.0,1,0.0,1,0,0,0,1,0,0,0,0,0,1,0,1,0,0,0,0
0,-0.0588235294117647,1.0062954995527402,1.015148611881377,2.168060262538382,1.506966963074642,0.0,1,0.0,1,0,0,0,1,0,0,0,0,1,0,0,0,1,0,0,0
1,2.0588235294117645,0.0,0.0,0.0,0.0,0.0,1,0.0,0,1,0,0,1,0,1,0,0,0,0,0,0,0,0,0,0
0,-0.7058823529411765,0.0,0.0,2.194681549301901,0.8526475267785586,0.0,1,0.0,1,0,0,0,1,0,0,0,0,1,0,0,0,0,1,0,0
1,-0.0588235294117647,0.0,0.0,0.0,0.0,0.0,0,0.0,0,1,0,0,0,1,0,0,0,0,0,0,0,0,0,0,0
0,0.3529411764705882,0.7060702520912806,0.0,2.426055992249841,0.7245884476238132,0.9415483256178016,0,0.0,1,1,0,0,0,0,0,1,0,0,0,0,0,0,0,0,0
0,0.7647058823529411,2.206022819081499,0.0,0.9858230443082924,0.0,0.1866524112389433,0,0.0,1,0,1,0,1,0,0,1,0,0,0,0,0,0,0,0,0
1,0.2352941176470588,0.0,0.0,0.0,0.0,0.0,0,0.0,0,0,1,0,1,0,0,0,0,1,0,0,0,1,0,0,0
1,1.6470588235294117,0.0,0.0,0.0,0.0,0.0,0,0.0,0,0,1,1,0,0,0,0,1,0,0,0,0,0,0,0,0
1,0.8235294117647058,0.0,0.0,0.0,0.0,0.0,1,0.0,0,0,1,0,1,0,0,0,0,1,0,0,0,1,0,0,0
0,0.8235294117647058,0.8388901471096889,1.4984122914306115,1.8727885893214171,0.0,0.0,0,0.5,1,0,1,0,1,0,0,1,0,0,0,0,0,0,0,0,0
0,0.2941176470588235,0.2939297479087193,1.4618099773198652,1.051137919266633,1.5633979773810105,0.0,1,0.0,1,0,1,0,1,0,0,0,1,0,0,0,0,0,0,0,0
1,-0.7647058823529411,0.0,0.0,0.0,0.0,0.0,1,3.5,0,0,0,1,0,0,0,0,0,0,1,0,0,1,0,0,0
0,-0.0588235294117647,1.1249503163209196,0.8241062840082429,0.0,0.0,1.8013920691502292,0,0.0,1,0,0,0,1,0,0,0,0,1,0,0,0,0,0,0,0
0,0.1176470588235294,0.8716919553520774,1.5848841808717693,0.0,0.0,0.1866524112389433,1,0.0,1,0,0,0,1,0,0,0,1,0,0,0,0,0,0,0,0
1,0.7647058823529411,0.0,0.0,0.0,0.0,0.0,1,0.5,0,1,0,0,0,1,0,0,0,0,0,0,1,0,0,0,0
0,1.2941176470588236,1.9780408248494168,0.0,1.3503793064222112,0.0,0.0,1,0.5,1,0,1,0,1,0,0,0,0,1,0,0,1,0,0,0,0
0,-1.2941176470588236,0.0,0.0,0.0,0.0,0.0,0,1.5,0,1,0,0,1,1,0,0,0,0,0,0,0,0,0,0,0
0,0.5882352941176471,0.7417960936614756,0.5038463368711258,0.0,1.6716607964779329,0.0,1,0.5,1,0,0,0,1,0,0,0,0,0,1,0,0,0,0,1,0
0,1.1176470588235294,1.895359179806681,1.80752892207061,0.9218233423019256,0.7748946642242507,0.0,1,2.5,1,1,0,0,0,0,0,1,0,0,0,0,0,0,0,0,0
0,1.6470588235294117,0.0,1.838273927462551,1.3894807410443766,1.5942841070397111,1.873532341881152,1,0.0,1,1,0,0,1,0,1,0,0,0,0,0,0,0,0,0,0
1,0.5882352941176471,0.0,0.0,0.0,0.0,0.0,0,0.0,0,1,0,0,0,0,1,0,0,0,0,0,0,0,0,0,0
0,0.6470588235294118,0.0,2.23992025437862,0.2210647294575037,2.410104969893348,2.061462793051462,1,0.0,1,1,0,0,1,1,0,0,0,0,0,0,0,0,0,0,0
1,0.0588235294117647,0.0,0.0,0.0,0.0,0.0,1,0.5,0,1,0,0,0,0,1,0,0,0,0,0,0,0,0,0,0
0,-0.2941176470588235,1.8576073146904448,0.0,1.7795375917581673,0.0,0.0,0,0.0,1,0,1,0,1,0,0,0,1,0,0,0,1,0,0,0,0
0,-0.2352941176470588,0.0,0.0,0.5132964061160518,0.0,1.850822795614213,0,0.0,1,0,0,0,1,0,0,0,0,0,1,0,0,0,0,0,0
0,-0.6470588235294118,1.6637639906086186,1.667606825679521,2.2517905885875,0.0,0.0,1,0.0,1,0,1,0,1,0,0,0,0,1,0,0,0,0,0,1,0
0,0.5882352941176471,0.7733085192328075,1.2091761792060505,1.9316840013477117,0.0,1.467869306331611,1,0.0,1,0,0,0,1,0,0,0,0,1,0,0,0,0,0,0,0
1,-0.2941176470588235,0.0,0.0,0.0,0.0,0.0,0,0.5,0,1,0,0,0,1,0,0,0,0,0,0,0,0,0,0,0
0,-1.4705882352941178,0.0,0.0,0.0,0.0,0.0,0,1.0,0,0,1,0,1,0,0,0,0,1,0,0,0,0,0,0,0
0,-0.2941176470588235,0.0,0.4341412956458598,0.0,0.6430081763978817,2.34760741793907,1,2.5,1,1,0,0,1,0,1,0,0,0,0,0,0,0,0,0,0
0,-0.2352941176470588,2.0338613992765247,0.0,2.5509010207447678,0.0,0.0,0,0.0,1,0,1,0,1,0,0,0,0,1,0,0,0,0,0,0,0
1,-0.3529411764705882,0.0,0.0,0.0,0.0,0.0,1,0.5,0,0,0,0,1,0,0,0,0,0,1,0,0,1,0,0,0
0,-0.3529411764705882,0.1854490234153689,0.7597267070563035,0.0,1.6237147823311855,0.2958370724829093,1,0.0,1,0,0,1,0,0,0,0,0,1,0,0,1,0,0,0,0
0,-0.6470588235294118,0.0,0.6020900746029018,0.0,1.69506137148576,0.0,0,1.0,1,0,0,0,0,0,0,0,0,1,0,0,0,0,0,0,1
0,-0.4117647058823529,0.2939297479087193,2.234473510148406,0.0,0.2754115523761867,1.459655259654853,1,0.5,1,1,0,0,0,0,0,0,0,0,0,0,0,0,0,0,0
0,-0.1176470588235294,0.0,0.3899649883623831,0.0,1.8376622032765724,1.6602391830524128,0,2.0,1,1,0,0,1,0,0,0,1,0,0,0,1,0,0,0,0
1,1.8823529411764703,0.0,0.0,0.0,0.0,0.0,1,1.0,0,1,0,0,0,1,0,0,0,0,0,0,0,0,0,0,0
0,0.5882352941176471,1.737784828323094,1.6419399903543836,0.0,0.34753068574288,0.7106519766445111,0,0.0,1,0,0,0,1,0,0,0,0,1,0,0,0,0,1,0,0
0,-0.3529411764705882,2.1874135072616667,0.4341412956458598,0.0,0.0,0.2958370724829093,0,0.0,1,0,0,0,1,0,0,0,0,0,1,0,0,0,1,0,0
0,-0.3529411764705882,0.3708980468307378,0.0,0.0,1.700230428810142,0.0,1,0.5,1,0,0,0,1,0,0,0,0,0,1,0,1,0,0,0,0
0,-0.5882352941176471,2.1548734156882308,0.0,1.4279525032232998,1.2315554106984556,0.0,0,0.0,1,0,1,0,1,0,0,1,0,0,0,0,0,0,0,0,0
0,1.0588235294117647,0.0,0.0,1.949124099306192,1.14161321239748,1.5887391566951563,0,0.0,1,0,0,0,1,0,0,0,0,0,1,0,1,0,0,0,0
0,1.2352941176470589,1.6009805284597316,0.0,0.0,0.0,1.534127622723481,0,0.5,1,0,0,0,1,0,0,0,0,0,1,0,0,1,0,0,0
1,1.0,0.0,0.0,0.0,0.0,0.0,0,0.0,0,0,0,0,1,0,0,0,0,0,1,0,0,0,0,0,0
0,1.0588235294117647,2.1683841259606638,0.0,0.7647583148507885,0.0,0.0,1,1.0,1,0,1,0,1,0,0,1,0,0,0,0,0,0,0,0,0
0,0.9411764705882352,1.1126941404922133,1.7446548188583608,0.7343611355735556,1.3881565336887876,1.0128254004860402,1,0.0,1,0,0,0,1,0,0,0,0,0,1,0,0,1,0,0,0
0,-1.3529411764705883,0.0,0.0,0.0,0.0,0.0,0,1.5,0,0,1,0,1,0,0,0,0,1,0,0,0,0,1,0,0
1,-0.7058823529411765,0.0,0.0,0.0,0.0,0.0,1,3.0,0,1,0,0,1,0,1,0,0,0,0,0,0,0,0,0,0
0,0.9411764705882352,0.0,1.8353069654454013,0.0,0.0,1.9953138975048528,1,0.0,1,1,0,0,1,1,0,0,0,0,0,0,0,0,0,0,0
0,0.6470588235294118,1.3952372173557956,1.2885744678231776,0.0,1.1806340026274782,1.596017505385426,0,0.0,1,0,0,0,1,0,0,0,0,1,0,0,0,0,1,0,0
0,1.0588235294117647,0.1854490234153689,0.5038463368711258,1.289446252936704,1.6094310865135462,0.0,1,0.0,1,0,0,1,0,0,0,0,0,0,1,0,0,0,0,1,0
1,-0.1764705882352941,0.0,0.0,0.0,0.0,0.0,1,0.0,0,0,0,1,0,0,0,0,0,0,1,0,0,0,0,0,0
0,-0.3529411764705882,0.935477963157255,1.5659847375796214,0.0,0.0,0.0,1,0.0,1,0,0,0,1,0,0,0,0,1,0,0,0,0,0,0,1
